user,value_range,input_type,message,choice
bot,"[1, 2, 3, 4]",int,"1=Build, 2=Trade, 3=Dev Cards(Play/Select), 4=End: ",3
bot,"[1, 2, 3]",int,"1=Collect, 2=Play, 3=End:",2
bot,"[1, 2, 3]",int,"1=Collect, 2=Play, 3=End:",3
bot,"[1, 2, 3, 4]",int,"1=Build, 2=Trade, 3=Dev Cards(Play/Select), 4=End: ",2
bot,"[1, 2, 3]",int,"Player Trade (1), Bank/Port Trade (2), Cancel (3): ",2
bot,"['brick', 'wood', 'sheep', 'wheat', 'ore']",resource,Which resource would you like to trade (give away): ,wheat
bot,"['brick', 'wood', 'sheep', 'wheat', 'ore']",resource,Which resource would you like to receive: ,brick
bot,"[1, 2, 3]",int,"Player Trade (1), Bank/Port Trade (2), Cancel (3): ",1
bot,"['brick', 'wood', 'sheep', 'wheat', 'ore']",resource,Which resource would you like to trade (give away): ,wheat
bot,"[1, 2, 3, 4]",int,How many would you like to trade: ,4
bot,"['brick', 'wood', 'sheep', 'wheat', 'ore']",resource,Which resource would you like to trade: ,sheep
bot,"[1, 2, 3]",int,How many would you like to trade: ,1
bot,"[1, 2, 3, 4]",int,"1=Build, 2=Trade, 3=Dev Cards(Play/Select), 4=End: ",2
bot,"[1, 2, 3]",int,"Player Trade (1), Bank/Port Trade (2), Cancel (3): ",1
bot,"['brick', 'wood', 'sheep', 'wheat', 'ore']",resource,Which resource would you like to trade (give away): ,sheep
bot,"[1, 2, 3, 4]",int,How many would you like to trade: ,1
bot,"['brick', 'wood', 'sheep', 'wheat', 'ore']",resource,Which resource would you like to trade: ,ore
bot,"[1, 2, 3]",int,How many would you like to trade: ,2
bot,"[1, 2, 3, 4]",int,"1=Build, 2=Trade, 3=Dev Cards(Play/Select), 4=End: ",1
bot,"[1, 2, 3, 4]",int,"1=Settlement, 2=City, 3=Road, 4=End: ",3
bot,"[1, 2, 3, 4]",int,"1=Settlement, 2=City, 3=Road, 4=End: ",2
bot,"[1, 2, 3, 4]",int,"1=Settlement, 2=City, 3=Road, 4=End: ",2
bot,"[1, 2, 3, 4]",int,"1=Settlement, 2=City, 3=Road, 4=End: ",2
bot,"[1, 2, 3, 4]",int,"1=Settlement, 2=City, 3=Road, 4=End: ",2
bot,"[1, 2, 3, 4]",int,"1=Settlement, 2=City, 3=Road, 4=End: ",1
bot,"[1, 2, 3, 4]",int,"1=Settlement, 2=City, 3=Road, 4=End: ",2
bot,"[1, 2, 3, 4]",int,"1=Settlement, 2=City, 3=Road, 4=End: ",2
bot,"[1, 2, 3, 4]",int,"1=Settlement, 2=City, 3=Road, 4=End: ",3
bot,"[1, 2, 3, 4]",int,"1=Settlement, 2=City, 3=Road, 4=End: ",1
bot,"[1, 2, 3, 4]",int,"1=Settlement, 2=City, 3=Road, 4=End: ",4
bot,"[1, 2, 3, 4]",int,"1=Build, 2=Trade, 3=Dev Cards(Play/Select), 4=End: ",1
bot,"[1, 2, 3, 4]",int,"1=Settlement, 2=City, 3=Road, 4=End: ",2
bot,"[1, 2, 3, 4]",int,"1=Settlement, 2=City, 3=Road, 4=End: ",2
bot,"[1, 2, 3, 4]",int,"1=Settlement, 2=City, 3=Road, 4=End: ",3
bot,"[1, 2, 3, 4]",int,"1=Settlement, 2=City, 3=Road, 4=End: ",1
bot,"[1, 2, 3, 4]",int,"1=Settlement, 2=City, 3=Road, 4=End: ",2
bot,"[1, 2, 3, 4]",int,"1=Settlement, 2=City, 3=Road, 4=End: ",4
bot,"[1, 2, 3, 4]",int,"1=Build, 2=Trade, 3=Dev Cards(Play/Select), 4=End: ",2
bot,"[1, 2, 3]",int,"Player Trade (1), Bank/Port Trade (2), Cancel (3): ",2
bot,"['brick', 'wood', 'sheep', 'wheat', 'ore']",resource,Which resource would you like to trade (give away): ,wood
bot,"['brick', 'wood', 'sheep', 'wheat', 'ore']",resource,Which resource would you like to receive: ,wood
bot,"[1, 2, 3]",int,"Player Trade (1), Bank/Port Trade (2), Cancel (3): ",1
bot,"['brick', 'wood', 'sheep', 'wheat', 'ore']",resource,Which resource would you like to trade (give away): ,wheat
bot,"[1, 2, 3, 4]",int,How many would you like to trade: ,4
bot,"['brick', 'wood', 'sheep', 'wheat', 'ore']",resource,Which resource would you like to trade: ,brick
bot,"[1, 2, 3]",int,How many would you like to trade: ,1
bot,"[1, 2, 3, 4]",int,"1=Build, 2=Trade, 3=Dev Cards(Play/Select), 4=End: ",1
bot,"[1, 2, 3, 4]",int,"1=Settlement, 2=City, 3=Road, 4=End: ",2
bot,"[1, 2, 3, 4]",int,"1=Settlement, 2=City, 3=Road, 4=End: ",1
bot,"[1, 2, 3, 4]",int,"1=Settlement, 2=City, 3=Road, 4=End: ",3
bot,"[1, 2, 3, 4]",int,"1=Settlement, 2=City, 3=Road, 4=End: ",2
bot,"[1, 2, 3, 4]",int,"1=Settlement, 2=City, 3=Road, 4=End: ",1
bot,"[1, 2, 3, 4]",int,"1=Settlement, 2=City, 3=Road, 4=End: ",2
bot,"[1, 2, 3, 4]",int,"1=Settlement, 2=City, 3=Road, 4=End: ",3
bot,"[1, 2, 3, 4]",int,"1=Settlement, 2=City, 3=Road, 4=End: ",2
bot,"[1, 2, 3, 4]",int,"1=Settlement, 2=City, 3=Road, 4=End: ",2
bot,"[1, 2, 3, 4]",int,"1=Settlement, 2=City, 3=Road, 4=End: ",4
bot,"[1, 2, 3, 4]",int,"1=Build, 2=Trade, 3=Dev Cards(Play/Select), 4=End: ",1
bot,"[1, 2, 3, 4]",int,"1=Settlement, 2=City, 3=Road, 4=End: ",1
bot,"[1, 2, 3, 4]",int,"1=Settlement, 2=City, 3=Road, 4=End: ",3
bot,"[1, 2, 3, 4]",int,"1=Settlement, 2=City, 3=Road, 4=End: ",3
bot,"[1, 2, 3, 4]",int,"1=Settlement, 2=City, 3=Road, 4=End: ",2
bot,"[1, 2, 3, 4]",int,"1=Settlement, 2=City, 3=Road, 4=End: ",4
bot,"[1, 2, 3, 4]",int,"1=Build, 2=Trade, 3=Dev Cards(Play/Select), 4=End: ",2
bot,"[1, 2, 3]",int,"Player Trade (1), Bank/Port Trade (2), Cancel (3): ",3
bot,"[1, 2, 3, 4]",int,"1=Build, 2=Trade, 3=Dev Cards(Play/Select), 4=End: ",2
bot,"[1, 2, 3]",int,"Player Trade (1), Bank/Port Trade (2), Cancel (3): ",3
bot,"[1, 2, 3, 4]",int,"1=Build, 2=Trade, 3=Dev Cards(Play/Select), 4=End: ",1
bot,"[1, 2, 3, 4]",int,"1=Settlement, 2=City, 3=Road, 4=End: ",2
bot,"[1, 2, 3, 4]",int,"1=Settlement, 2=City, 3=Road, 4=End: ",1
bot,"[1, 2, 3, 4]",int,"1=Settlement, 2=City, 3=Road, 4=End: ",3
bot,"[1, 2, 3, 4]",int,"1=Settlement, 2=City, 3=Road, 4=End: ",4
bot,"[1, 2, 3, 4]",int,"1=Build, 2=Trade, 3=Dev Cards(Play/Select), 4=End: ",2
bot,"[1, 2, 3]",int,"Player Trade (1), Bank/Port Trade (2), Cancel (3): ",1
bot,"['brick', 'wood', 'sheep', 'wheat', 'ore']",resource,Which resource would you like to trade (give away): ,wheat
bot,"[1, 2, 3, 4]",int,How many would you like to trade: ,1
bot,"['brick', 'wood', 'sheep', 'wheat', 'ore']",resource,Which resource would you like to trade: ,wood
bot,"[1, 2, 3]",int,How many would you like to trade: ,3
bot,"[1, 2, 3, 4]",int,"1=Build, 2=Trade, 3=Dev Cards(Play/Select), 4=End: ",3
bot,"[1, 2, 3]",int,"1=Collect, 2=Play, 3=End:",1
bot,"[1, 2, 3]",int,"1=Collect, 2=Play, 3=End:",3
bot,"[1, 2, 3, 4]",int,"1=Build, 2=Trade, 3=Dev Cards(Play/Select), 4=End: ",3
bot,"[1, 2, 3]",int,"1=Collect, 2=Play, 3=End:",1
bot,"[1, 2, 3]",int,"1=Collect, 2=Play, 3=End:",1
bot,"[1, 2, 3]",int,"1=Collect, 2=Play, 3=End:",1
bot,"[1, 2, 3]",int,"1=Collect, 2=Play, 3=End:",3
bot,"[1, 2, 3, 4]",int,"1=Build, 2=Trade, 3=Dev Cards(Play/Select), 4=End: ",2
bot,"[1, 2, 3]",int,"Player Trade (1), Bank/Port Trade (2), Cancel (3): ",3
bot,"[1, 2, 3, 4]",int,"1=Build, 2=Trade, 3=Dev Cards(Play/Select), 4=End: ",4
bot,"[1, 2, 3, 4]",int,"1=Build, 2=Trade, 3=Dev Cards(Play/Select), 4=End: ",3
bot,"[1, 2, 3]",int,"1=Collect, 2=Play, 3=End:",2
bot,"[1, 2, 3]",int,"1=Collect, 2=Play, 3=End:",2
bot,"[1, 2, 3]",int,"1=Collect, 2=Play, 3=End:",2
bot,"[1, 2, 3]",int,"1=Collect, 2=Play, 3=End:",2
bot,"[1, 2, 3]",int,"1=Collect, 2=Play, 3=End:",1
bot,"[1, 2, 3]",int,"1=Collect, 2=Play, 3=End:",2
bot,"[1, 2, 3]",int,"1=Collect, 2=Play, 3=End:",1
bot,"[1, 2, 3]",int,"1=Collect, 2=Play, 3=End:",1
bot,"[1, 2, 3]",int,"1=Collect, 2=Play, 3=End:",1
bot,"[1, 2, 3]",int,"1=Collect, 2=Play, 3=End:",2
bot,"[1, 2, 3]",int,"1=Collect, 2=Play, 3=End:",2
bot,"[1, 2, 3]",int,"1=Collect, 2=Play, 3=End:",1
bot,"[1, 2, 3]",int,"1=Collect, 2=Play, 3=End:",2
bot,"[1, 2, 3]",int,"1=Collect, 2=Play, 3=End:",3
bot,"[1, 2, 3, 4]",int,"1=Build, 2=Trade, 3=Dev Cards(Play/Select), 4=End: ",1
bot,"[1, 2, 3, 4]",int,"1=Settlement, 2=City, 3=Road, 4=End: ",4
bot,"[1, 2, 3, 4]",int,"1=Build, 2=Trade, 3=Dev Cards(Play/Select), 4=End: ",1
bot,"[1, 2, 3, 4]",int,"1=Settlement, 2=City, 3=Road, 4=End: ",4
bot,"[1, 2, 3, 4]",int,"1=Build, 2=Trade, 3=Dev Cards(Play/Select), 4=End: ",4
bot,"[1, 2, 3, 4]",int,"1=Build, 2=Trade, 3=Dev Cards(Play/Select), 4=End: ",2
bot,"[1, 2, 3]",int,"Player Trade (1), Bank/Port Trade (2), Cancel (3): ",2
bot,"['brick', 'wood', 'sheep', 'wheat', 'ore']",resource,Which resource would you like to trade (give away): ,brick
bot,"['brick', 'wood', 'sheep', 'wheat', 'ore']",resource,Which resource would you like to receive: ,wheat
bot,"[1, 2, 3]",int,"Player Trade (1), Bank/Port Trade (2), Cancel (3): ",3
bot,"[1, 2, 3, 4]",int,"1=Build, 2=Trade, 3=Dev Cards(Play/Select), 4=End: ",2
bot,"[1, 2, 3]",int,"Player Trade (1), Bank/Port Trade (2), Cancel (3): ",3
bot,"[1, 2, 3, 4]",int,"1=Build, 2=Trade, 3=Dev Cards(Play/Select), 4=End: ",1
bot,"[1, 2, 3, 4]",int,"1=Settlement, 2=City, 3=Road, 4=End: ",2
bot,"[1, 2, 3, 4]",int,"1=Settlement, 2=City, 3=Road, 4=End: ",2
bot,"[1, 2, 3, 4]",int,"1=Settlement, 2=City, 3=Road, 4=End: ",3
bot,"[1, 2, 3, 4]",int,"1=Settlement, 2=City, 3=Road, 4=End: ",3
bot,"[1, 2, 3, 4]",int,"1=Settlement, 2=City, 3=Road, 4=End: ",2
bot,"[1, 2, 3, 4]",int,"1=Settlement, 2=City, 3=Road, 4=End: ",1
bot,"[1, 2, 3, 4]",int,"1=Settlement, 2=City, 3=Road, 4=End: ",2
bot,"[1, 2, 3, 4]",int,"1=Settlement, 2=City, 3=Road, 4=End: ",4
bot,"[1, 2, 3, 4]",int,"1=Build, 2=Trade, 3=Dev Cards(Play/Select), 4=End: ",2
bot,"[1, 2, 3]",int,"Player Trade (1), Bank/Port Trade (2), Cancel (3): ",1
bot,"['brick', 'wood', 'sheep', 'wheat', 'ore']",resource,Which resource would you like to trade (give away): ,wood
bot,"[1, 2, 3, 4]",int,How many would you like to trade: ,2
bot,"['brick', 'wood', 'sheep', 'wheat', 'ore']",resource,Which resource would you like to trade: ,sheep
bot,"[1, 2, 3]",int,How many would you like to trade: ,1
bot,"['Y', 'N']",action,Red would you like to trade wood for sheep [Y/N]: ,N
bot,"['Y', 'N']",action,Yellow would you like to trade wood for sheep [Y/N]: ,Y
bot,"[1, 2, 3, 4]",int,"1=Build, 2=Trade, 3=Dev Cards(Play/Select), 4=End: ",4
bot,"[1, 2, 3, 4]",int,"1=Build, 2=Trade, 3=Dev Cards(Play/Select), 4=End: ",4
bot,"[1, 2, 3, 4]",int,"1=Build, 2=Trade, 3=Dev Cards(Play/Select), 4=End: ",4
bot,"[1, 2, 3, 4]",int,"1=Build, 2=Trade, 3=Dev Cards(Play/Select), 4=End: ",3
bot,"[1, 2, 3]",int,"1=Collect, 2=Play, 3=End:",1
bot,"[1, 2, 3]",int,"1=Collect, 2=Play, 3=End:",1
bot,"[1, 2, 3]",int,"1=Collect, 2=Play, 3=End:",3
bot,"[1, 2, 3, 4]",int,"1=Build, 2=Trade, 3=Dev Cards(Play/Select), 4=End: ",1
bot,"[1, 2, 3, 4]",int,"1=Settlement, 2=City, 3=Road, 4=End: ",4
bot,"[1, 2, 3, 4]",int,"1=Build, 2=Trade, 3=Dev Cards(Play/Select), 4=End: ",3
bot,"[1, 2, 3]",int,"1=Collect, 2=Play, 3=End:",2
bot,"[1, 2, 3]",int,"1=Collect, 2=Play, 3=End:",3
bot,"[1, 2, 3, 4]",int,"1=Build, 2=Trade, 3=Dev Cards(Play/Select), 4=End: ",3
bot,"[1, 2, 3]",int,"1=Collect, 2=Play, 3=End:",2
bot,"[1, 2, 3]",int,"1=Collect, 2=Play, 3=End:",1
bot,"[1, 2, 3]",int,"1=Collect, 2=Play, 3=End:",3
bot,"[1, 2, 3, 4]",int,"1=Build, 2=Trade, 3=Dev Cards(Play/Select), 4=End: ",1
bot,"[1, 2, 3, 4]",int,"1=Settlement, 2=City, 3=Road, 4=End: ",1
bot,"[1, 2, 3, 4]",int,"1=Settlement, 2=City, 3=Road, 4=End: ",2
bot,"[1, 2, 3, 4]",int,"1=Settlement, 2=City, 3=Road, 4=End: ",1
bot,"[1, 2, 3, 4]",int,"1=Settlement, 2=City, 3=Road, 4=End: ",1
bot,"[1, 2, 3, 4]",int,"1=Settlement, 2=City, 3=Road, 4=End: ",4
bot,"[1, 2, 3, 4]",int,"1=Build, 2=Trade, 3=Dev Cards(Play/Select), 4=End: ",1
bot,"[1, 2, 3, 4]",int,"1=Settlement, 2=City, 3=Road, 4=End: ",1
bot,"[1, 2, 3, 4]",int,"1=Settlement, 2=City, 3=Road, 4=End: ",1
bot,"[1, 2, 3, 4]",int,"1=Settlement, 2=City, 3=Road, 4=End: ",2
bot,"[1, 2, 3, 4]",int,"1=Settlement, 2=City, 3=Road, 4=End: ",2
bot,"[1, 2, 3, 4]",int,"1=Settlement, 2=City, 3=Road, 4=End: ",2
bot,"[1, 2, 3, 4]",int,"1=Settlement, 2=City, 3=Road, 4=End: ",2
bot,"[1, 2, 3, 4]",int,"1=Settlement, 2=City, 3=Road, 4=End: ",1
bot,"[1, 2, 3, 4]",int,"1=Settlement, 2=City, 3=Road, 4=End: ",4
bot,"[1, 2, 3, 4]",int,"1=Build, 2=Trade, 3=Dev Cards(Play/Select), 4=End: ",2
bot,"[1, 2, 3]",int,"Player Trade (1), Bank/Port Trade (2), Cancel (3): ",2
bot,"['brick', 'wood', 'sheep', 'wheat', 'ore']",resource,Which resource would you like to trade (give away): ,wheat
bot,"['brick', 'wood', 'sheep', 'wheat', 'ore']",resource,Which resource would you like to receive: ,sheep
bot,"[1, 2, 3]",int,"Player Trade (1), Bank/Port Trade (2), Cancel (3): ",3
bot,"[1, 2, 3, 4]",int,"1=Build, 2=Trade, 3=Dev Cards(Play/Select), 4=End: ",1
bot,"[1, 2, 3, 4]",int,"1=Settlement, 2=City, 3=Road, 4=End: ",1
bot,"[1, 2, 3, 4]",int,"1=Settlement, 2=City, 3=Road, 4=End: ",2
bot,"[1, 2, 3, 4]",int,"1=Settlement, 2=City, 3=Road, 4=End: ",2
bot,"[1, 2, 3, 4]",int,"1=Settlement, 2=City, 3=Road, 4=End: ",2
bot,"[1, 2, 3, 4]",int,"1=Settlement, 2=City, 3=Road, 4=End: ",4
bot,"[1, 2, 3, 4]",int,"1=Build, 2=Trade, 3=Dev Cards(Play/Select), 4=End: ",4
bot,"[1, 2, 3, 4]",int,"1=Build, 2=Trade, 3=Dev Cards(Play/Select), 4=End: ",1
bot,"[1, 2, 3, 4]",int,"1=Settlement, 2=City, 3=Road, 4=End: ",3
bot,"[1, 2, 3, 4]",int,"1=Settlement, 2=City, 3=Road, 4=End: ",3
bot,"[1, 2, 3, 4]",int,"1=Settlement, 2=City, 3=Road, 4=End: ",1
bot,"[1, 2, 3, 4]",int,"1=Settlement, 2=City, 3=Road, 4=End: ",2
bot,"[1, 2, 3, 4]",int,"1=Settlement, 2=City, 3=Road, 4=End: ",4
bot,"[1, 2, 3, 4]",int,"1=Build, 2=Trade, 3=Dev Cards(Play/Select), 4=End: ",2
bot,"[1, 2, 3]",int,"Player Trade (1), Bank/Port Trade (2), Cancel (3): ",3
bot,"[1, 2, 3, 4]",int,"1=Build, 2=Trade, 3=Dev Cards(Play/Select), 4=End: ",4
bot,"[1, 2, 3, 4]",int,"1=Build, 2=Trade, 3=Dev Cards(Play/Select), 4=End: ",4
bot,"[1, 2, 3, 4]",int,"1=Build, 2=Trade, 3=Dev Cards(Play/Select), 4=End: ",1
bot,"[1, 2, 3, 4]",int,"1=Settlement, 2=City, 3=Road, 4=End: ",4
bot,"[1, 2, 3, 4]",int,"1=Build, 2=Trade, 3=Dev Cards(Play/Select), 4=End: ",1
bot,"[1, 2, 3, 4]",int,"1=Settlement, 2=City, 3=Road, 4=End: ",2
bot,"[1, 2, 3, 4]",int,"1=Settlement, 2=City, 3=Road, 4=End: ",2
bot,"[1, 2, 3, 4]",int,"1=Settlement, 2=City, 3=Road, 4=End: ",2
bot,"[1, 2, 3, 4]",int,"1=Settlement, 2=City, 3=Road, 4=End: ",3
bot,"[1, 2, 3, 4]",int,"1=Settlement, 2=City, 3=Road, 4=End: ",1
bot,"[1, 2, 3, 4]",int,"1=Settlement, 2=City, 3=Road, 4=End: ",1
bot,"[1, 2, 3, 4]",int,"1=Settlement, 2=City, 3=Road, 4=End: ",3
bot,"[1, 2, 3, 4]",int,"1=Settlement, 2=City, 3=Road, 4=End: ",1
bot,"[1, 2, 3, 4]",int,"1=Settlement, 2=City, 3=Road, 4=End: ",4
bot,"[1, 2, 3, 4]",int,"1=Build, 2=Trade, 3=Dev Cards(Play/Select), 4=End: ",4
bot,"[1, 2, 3, 4]",int,"1=Build, 2=Trade, 3=Dev Cards(Play/Select), 4=End: ",2
bot,"[1, 2, 3]",int,"Player Trade (1), Bank/Port Trade (2), Cancel (3): ",3
bot,"[1, 2, 3, 4]",int,"1=Build, 2=Trade, 3=Dev Cards(Play/Select), 4=End: ",2
bot,"[1, 2, 3]",int,"Player Trade (1), Bank/Port Trade (2), Cancel (3): ",2
bot,"['brick', 'wood', 'sheep', 'wheat', 'ore']",resource,Which resource would you like to trade (give away): ,wood
bot,"['brick', 'wood', 'sheep', 'wheat', 'ore']",resource,Which resource would you like to receive: ,brick
bot,"[1, 2, 3, 4]",int,"1=Build, 2=Trade, 3=Dev Cards(Play/Select), 4=End: ",3
bot,"[1, 2, 3]",int,"1=Collect, 2=Play, 3=End:",2
bot,"[1, 2, 3]",int,"1=Collect, 2=Play, 3=End:",1
bot,"[1, 2, 3]",int,"1=Collect, 2=Play, 3=End:",3
bot,"[1, 2, 3, 4]",int,"1=Build, 2=Trade, 3=Dev Cards(Play/Select), 4=End: ",1
bot,"[1, 2, 3, 4]",int,"1=Settlement, 2=City, 3=Road, 4=End: ",4
bot,"[1, 2, 3, 4]",int,"1=Build, 2=Trade, 3=Dev Cards(Play/Select), 4=End: ",3
bot,"[1, 2, 3]",int,"1=Collect, 2=Play, 3=End:",3
bot,"[1, 2, 3, 4]",int,"1=Build, 2=Trade, 3=Dev Cards(Play/Select), 4=End: ",3
bot,"[1, 2, 3]",int,"1=Collect, 2=Play, 3=End:",2
bot,"[1, 2, 3]",int,"1=Collect, 2=Play, 3=End:",1
bot,"[1, 2, 3]",int,"1=Collect, 2=Play, 3=End:",3
bot,"[1, 2, 3, 4]",int,"1=Build, 2=Trade, 3=Dev Cards(Play/Select), 4=End: ",3
bot,"[1, 2, 3]",int,"1=Collect, 2=Play, 3=End:",1
bot,"[1, 2, 3]",int,"1=Collect, 2=Play, 3=End:",3
bot,"[1, 2, 3, 4]",int,"1=Build, 2=Trade, 3=Dev Cards(Play/Select), 4=End: ",1
bot,"[1, 2, 3, 4]",int,"1=Settlement, 2=City, 3=Road, 4=End: ",2
bot,"[1, 2, 3, 4]",int,"1=Settlement, 2=City, 3=Road, 4=End: ",1
bot,"[1, 2, 3, 4]",int,"1=Settlement, 2=City, 3=Road, 4=End: ",4
bot,"[1, 2, 3, 4]",int,"1=Build, 2=Trade, 3=Dev Cards(Play/Select), 4=End: ",4
bot,"[1, 2, 3, 4]",int,"1=Build, 2=Trade, 3=Dev Cards(Play/Select), 4=End: ",4
bot,"[1, 2, 3, 4]",int,"1=Build, 2=Trade, 3=Dev Cards(Play/Select), 4=End: ",4
bot,"[1, 2, 3, 4]",int,"1=Build, 2=Trade, 3=Dev Cards(Play/Select), 4=End: ",2
bot,"[1, 2, 3]",int,"Player Trade (1), Bank/Port Trade (2), Cancel (3): ",3
bot,"[1, 2, 3, 4]",int,"1=Build, 2=Trade, 3=Dev Cards(Play/Select), 4=End: ",4
bot,"[1, 2, 3, 4]",int,"1=Build, 2=Trade, 3=Dev Cards(Play/Select), 4=End: ",2
bot,"[1, 2, 3]",int,"Player Trade (1), Bank/Port Trade (2), Cancel (3): ",3
bot,"[1, 2, 3, 4]",int,"1=Build, 2=Trade, 3=Dev Cards(Play/Select), 4=End: ",1
bot,"[1, 2, 3, 4]",int,"1=Settlement, 2=City, 3=Road, 4=End: ",4
bot,"[1, 2, 3, 4]",int,"1=Build, 2=Trade, 3=Dev Cards(Play/Select), 4=End: ",3
bot,"[1, 2, 3]",int,"1=Collect, 2=Play, 3=End:",2
bot,"[1, 2, 3]",int,"1=Collect, 2=Play, 3=End:",2
bot,"[1, 2, 3]",int,"1=Collect, 2=Play, 3=End:",1
bot,"[1, 2, 3]",int,"1=Collect, 2=Play, 3=End:",1
bot,"[1, 2, 3]",int,"1=Collect, 2=Play, 3=End:",1
bot,"[1, 2, 3]",int,"1=Collect, 2=Play, 3=End:",2
bot,"[1, 2, 3]",int,"1=Collect, 2=Play, 3=End:",2
bot,"[1, 2, 3]",int,"1=Collect, 2=Play, 3=End:",1
bot,"[1, 2, 3]",int,"1=Collect, 2=Play, 3=End:",2
bot,"[1, 2, 3]",int,"1=Collect, 2=Play, 3=End:",3
bot,"[1, 2, 3, 4]",int,"1=Build, 2=Trade, 3=Dev Cards(Play/Select), 4=End: ",1
bot,"[1, 2, 3, 4]",int,"1=Settlement, 2=City, 3=Road, 4=End: ",4
bot,"[1, 2, 3, 4]",int,"1=Build, 2=Trade, 3=Dev Cards(Play/Select), 4=End: ",2
bot,"[1, 2, 3]",int,"Player Trade (1), Bank/Port Trade (2), Cancel (3): ",3
bot,"[1, 2, 3, 4]",int,"1=Build, 2=Trade, 3=Dev Cards(Play/Select), 4=End: ",2
bot,"[1, 2, 3]",int,"Player Trade (1), Bank/Port Trade (2), Cancel (3): ",1
bot,"['brick', 'wood', 'sheep', 'wheat', 'ore']",resource,Which resource would you like to trade (give away): ,wheat
bot,"[1, 2, 3, 4]",int,How many would you like to trade: ,3
bot,"['brick', 'wood', 'sheep', 'wheat', 'ore']",resource,Which resource would you like to trade: ,wheat
bot,"[1, 2, 3]",int,How many would you like to trade: ,1
bot,"['Y', 'N']",action,Red would you like to trade wheat for wheat [Y/N]: ,Y
bot,"['Y', 'N']",action,Blue would you like to trade wheat for wheat [Y/N]: ,N
bot,"['Y', 'N']",action,Green would you like to trade wheat for wheat [Y/N]: ,N
bot,"[1, 2, 3, 4]",int,"1=Build, 2=Trade, 3=Dev Cards(Play/Select), 4=End: ",4
bot,"[1, 2, 3, 4]",int,"1=Build, 2=Trade, 3=Dev Cards(Play/Select), 4=End: ",2
bot,"[1, 2, 3]",int,"Player Trade (1), Bank/Port Trade (2), Cancel (3): ",1
bot,"['brick', 'wood', 'sheep', 'wheat', 'ore']",resource,Which resource would you like to trade (give away): ,sheep
bot,"[1, 2, 3, 4]",int,How many would you like to trade: ,3
bot,"['brick', 'wood', 'sheep', 'wheat', 'ore']",resource,Which resource would you like to trade: ,wheat
bot,"[1, 2, 3]",int,How many would you like to trade: ,3
bot,"[1, 2, 3, 4]",int,"1=Build, 2=Trade, 3=Dev Cards(Play/Select), 4=End: ",1
bot,"[1, 2, 3, 4]",int,"1=Settlement, 2=City, 3=Road, 4=End: ",3
bot,"[21, 28, 30, 36, 35, 41, 43, 50]",int,Choose road location - [0-71]: ,30
bot,"[1, 2, 3, 4]",int,"1=Settlement, 2=City, 3=Road, 4=End: ",2
bot,"[1, 2, 3, 4]",int,"1=Settlement, 2=City, 3=Road, 4=End: ",1
bot,"[1, 2, 3, 4]",int,"1=Settlement, 2=City, 3=Road, 4=End: ",2
bot,"[1, 2, 3, 4]",int,"1=Settlement, 2=City, 3=Road, 4=End: ",1
bot,"[1, 2, 3, 4]",int,"1=Settlement, 2=City, 3=Road, 4=End: ",4
bot,"[1, 2, 3, 4]",int,"1=Build, 2=Trade, 3=Dev Cards(Play/Select), 4=End: ",4
bot,"[1, 2, 3, 4]",int,"1=Build, 2=Trade, 3=Dev Cards(Play/Select), 4=End: ",2
bot,"[1, 2, 3]",int,"Player Trade (1), Bank/Port Trade (2), Cancel (3): ",1
bot,"['brick', 'wood', 'sheep', 'wheat', 'ore']",resource,Which resource would you like to trade (give away): ,ore
bot,"[1, 2, 3, 4]",int,How many would you like to trade: ,1
bot,"['brick', 'wood', 'sheep', 'wheat', 'ore']",resource,Which resource would you like to trade: ,brick
bot,"[1, 2, 3]",int,How many would you like to trade: ,2
bot,"['Y', 'N']",action,Red would you like to trade ore for brick [Y/N]: ,N
bot,"['Y', 'N']",action,Yellow would you like to trade ore for brick [Y/N]: ,N
bot,"['Y', 'N']",action,Blue would you like to trade ore for brick [Y/N]: ,N
bot,"[1, 2, 3, 4]",int,"1=Build, 2=Trade, 3=Dev Cards(Play/Select), 4=End: ",4
bot,"range(0, 18)",int,Choosen a Tile [0-18] to move the Robber to: ,11
bot,"['sheep', 'wood', 'wheat', 'ore']",resource,"Which resource would you like to discard: brick, wood, sheep, wheat, ore: ",wood
bot,"['sheep', 'wood', 'wheat', 'ore']",resource,"Which resource would you like to discard: brick, wood, sheep, wheat, ore: ",wood
bot,"['sheep', 'wood', 'wheat', 'ore']",resource,"Which resource would you like to discard: brick, wood, sheep, wheat, ore: ",sheep
bot,"['wood', 'wheat', 'ore']",resource,"Which resource would you like to discard: brick, wood, sheep, wheat, ore: ",ore
bot,"['wood', 'wheat', 'ore']",resource,"Which resource would you like to discard: brick, wood, sheep, wheat, ore: ",wood
bot,"['wood', 'wheat', 'ore']",resource,"Which resource would you like to discard: brick, wood, sheep, wheat, ore: ",wood
bot,"['sheep', 'wood', 'wheat', 'ore']",resource,"Which resource would you like to discard: brick, wood, sheep, wheat, ore: ",wood
bot,"['sheep', 'wheat', 'ore']",resource,"Which resource would you like to discard: brick, wood, sheep, wheat, ore: ",ore
bot,"['sheep', 'wheat', 'ore']",resource,"Which resource would you like to discard: brick, wood, sheep, wheat, ore: ",sheep
bot,"['sheep', 'wheat', 'ore']",resource,"Which resource would you like to discard: brick, wood, sheep, wheat, ore: ",wheat
bot,"['sheep', 'wood', 'wheat', 'brick']",resource,"Which resource would you like to discard: brick, wood, sheep, wheat, ore: ",wood
bot,"['sheep', 'wood', 'wheat', 'brick']",resource,"Which resource would you like to discard: brick, wood, sheep, wheat, ore: ",wood
bot,"['sheep', 'wood', 'wheat', 'brick']",resource,"Which resource would you like to discard: brick, wood, sheep, wheat, ore: ",brick
bot,"['sheep', 'wood', 'wheat', 'brick']",resource,"Which resource would you like to discard: brick, wood, sheep, wheat, ore: ",wheat
bot,"['sheep', 'wood', 'wheat', 'brick']",resource,"Which resource would you like to discard: brick, wood, sheep, wheat, ore: ",wood
bot,"[1, 2, 3, 4]",int,"1=Build, 2=Trade, 3=Dev Cards(Play/Select), 4=End: ",3
bot,"[1, 2, 3]",int,"1=Collect, 2=Play, 3=End:",1
bot,"[1, 2, 3]",int,"1=Collect, 2=Play, 3=End:",1
bot,"[1, 2, 3]",int,"1=Collect, 2=Play, 3=End:",3
bot,"[1, 2, 3, 4]",int,"1=Build, 2=Trade, 3=Dev Cards(Play/Select), 4=End: ",3
bot,"[1, 2, 3]",int,"1=Collect, 2=Play, 3=End:",3
bot,"[1, 2, 3, 4]",int,"1=Build, 2=Trade, 3=Dev Cards(Play/Select), 4=End: ",1
bot,"[1, 2, 3, 4]",int,"1=Settlement, 2=City, 3=Road, 4=End: ",3
bot,"[1, 2, 3, 4]",int,"1=Settlement, 2=City, 3=Road, 4=End: ",2
bot,"[1, 2, 3, 4]",int,"1=Settlement, 2=City, 3=Road, 4=End: ",2
bot,"[1, 2, 3, 4]",int,"1=Settlement, 2=City, 3=Road, 4=End: ",3
bot,"[1, 2, 3, 4]",int,"1=Settlement, 2=City, 3=Road, 4=End: ",1
bot,"[1, 2, 3, 4]",int,"1=Settlement, 2=City, 3=Road, 4=End: ",4
bot,"[1, 2, 3, 4]",int,"1=Build, 2=Trade, 3=Dev Cards(Play/Select), 4=End: ",2
bot,"[1, 2, 3]",int,"Player Trade (1), Bank/Port Trade (2), Cancel (3): ",2
bot,"['brick', 'wood', 'sheep', 'wheat', 'ore']",resource,Which resource would you like to trade (give away): ,sheep
bot,"['brick', 'wood', 'sheep', 'wheat', 'ore']",resource,Which resource would you like to receive: ,ore
bot,"[1, 2, 3]",int,"Player Trade (1), Bank/Port Trade (2), Cancel (3): ",3
bot,"[1, 2, 3, 4]",int,"1=Build, 2=Trade, 3=Dev Cards(Play/Select), 4=End: ",4
bot,"[1, 2, 3, 4]",int,"1=Build, 2=Trade, 3=Dev Cards(Play/Select), 4=End: ",4
bot,"[1, 2, 3, 4]",int,"1=Build, 2=Trade, 3=Dev Cards(Play/Select), 4=End: ",4
bot,"range(0, 18)",int,Choosen a Tile [0-18] to move the Robber to: ,15
bot,"['wheat', 'ore']",resource,"Which resource would you like to discard: brick, wood, sheep, wheat, ore: ",wheat
bot,"['wheat', 'ore']",resource,"Which resource would you like to discard: brick, wood, sheep, wheat, ore: ",wheat
bot,"['wheat', 'ore']",resource,"Which resource would you like to discard: brick, wood, sheep, wheat, ore: ",ore
bot,"['wheat', 'ore']",resource,"Which resource would you like to discard: brick, wood, sheep, wheat, ore: ",wheat
bot,"[1, 2, 3, 4]",int,"1=Build, 2=Trade, 3=Dev Cards(Play/Select), 4=End: ",1
bot,"[1, 2, 3, 4]",int,"1=Settlement, 2=City, 3=Road, 4=End: ",1
bot,"[1, 2, 3, 4]",int,"1=Settlement, 2=City, 3=Road, 4=End: ",1
bot,"[1, 2, 3, 4]",int,"1=Settlement, 2=City, 3=Road, 4=End: ",2
bot,"[1, 2, 3, 4]",int,"1=Settlement, 2=City, 3=Road, 4=End: ",1
bot,"[1, 2, 3, 4]",int,"1=Settlement, 2=City, 3=Road, 4=End: ",2
bot,"[1, 2, 3, 4]",int,"1=Settlement, 2=City, 3=Road, 4=End: ",4
bot,"[1, 2, 3, 4]",int,"1=Build, 2=Trade, 3=Dev Cards(Play/Select), 4=End: ",3
bot,"[1, 2, 3]",int,"1=Collect, 2=Play, 3=End:",3
bot,"[1, 2, 3, 4]",int,"1=Build, 2=Trade, 3=Dev Cards(Play/Select), 4=End: ",2
bot,"[1, 2, 3]",int,"Player Trade (1), Bank/Port Trade (2), Cancel (3): ",3
bot,"[1, 2, 3, 4]",int,"1=Build, 2=Trade, 3=Dev Cards(Play/Select), 4=End: ",2
bot,"[1, 2, 3]",int,"Player Trade (1), Bank/Port Trade (2), Cancel (3): ",1
bot,"['brick', 'wood', 'sheep', 'wheat', 'ore']",resource,Which resource would you like to trade (give away): ,brick
bot,"[1, 2, 3, 4]",int,How many would you like to trade: ,2
bot,"['brick', 'wood', 'sheep', 'wheat', 'ore']",resource,Which resource would you like to trade: ,wheat
bot,"[1, 2, 3]",int,How many would you like to trade: ,3
bot,"[1, 2, 3, 4]",int,"1=Build, 2=Trade, 3=Dev Cards(Play/Select), 4=End: ",1
bot,"[1, 2, 3, 4]",int,"1=Settlement, 2=City, 3=Road, 4=End: ",3
bot,"[1, 2, 3, 4]",int,"1=Settlement, 2=City, 3=Road, 4=End: ",4
bot,"[1, 2, 3, 4]",int,"1=Build, 2=Trade, 3=Dev Cards(Play/Select), 4=End: ",4
bot,"[1, 2, 3, 4]",int,"1=Build, 2=Trade, 3=Dev Cards(Play/Select), 4=End: ",2
bot,"[1, 2, 3]",int,"Player Trade (1), Bank/Port Trade (2), Cancel (3): ",1
bot,"['brick', 'wood', 'sheep', 'wheat', 'ore']",resource,Which resource would you like to trade (give away): ,wood
bot,"[1, 2, 3, 4]",int,How many would you like to trade: ,3
bot,"['brick', 'wood', 'sheep', 'wheat', 'ore']",resource,Which resource would you like to trade: ,wheat
bot,"[1, 2, 3]",int,How many would you like to trade: ,1
bot,"[1, 2, 3, 4]",int,"1=Build, 2=Trade, 3=Dev Cards(Play/Select), 4=End: ",4
bot,"[1, 2, 3, 4]",int,"1=Build, 2=Trade, 3=Dev Cards(Play/Select), 4=End: ",2
bot,"[1, 2, 3]",int,"Player Trade (1), Bank/Port Trade (2), Cancel (3): ",1
bot,"['brick', 'wood', 'sheep', 'wheat', 'ore']",resource,Which resource would you like to trade (give away): ,wood
bot,"[1, 2, 3, 4]",int,How many would you like to trade: ,2
bot,"['brick', 'wood', 'sheep', 'wheat', 'ore']",resource,Which resource would you like to trade: ,ore
bot,"[1, 2, 3]",int,How many would you like to trade: ,3
bot,"[1, 2, 3, 4]",int,"1=Build, 2=Trade, 3=Dev Cards(Play/Select), 4=End: ",3
bot,"[1, 2, 3]",int,"1=Collect, 2=Play, 3=End:",2
bot,"[1, 2, 3]",int,"1=Collect, 2=Play, 3=End:",3
bot,"[1, 2, 3, 4]",int,"1=Build, 2=Trade, 3=Dev Cards(Play/Select), 4=End: ",1
bot,"[1, 2, 3, 4]",int,"1=Settlement, 2=City, 3=Road, 4=End: ",3
bot,"[1, 2, 3, 4]",int,"1=Settlement, 2=City, 3=Road, 4=End: ",4
bot,"[1, 2, 3, 4]",int,"1=Build, 2=Trade, 3=Dev Cards(Play/Select), 4=End: ",4
bot,"[1, 2, 3, 4]",int,"1=Build, 2=Trade, 3=Dev Cards(Play/Select), 4=End: ",4
bot,"[1, 2, 3, 4]",int,"1=Build, 2=Trade, 3=Dev Cards(Play/Select), 4=End: ",2
bot,"[1, 2, 3]",int,"Player Trade (1), Bank/Port Trade (2), Cancel (3): ",1
bot,"['brick', 'wood', 'sheep', 'wheat', 'ore']",resource,Which resource would you like to trade (give away): ,wood
bot,"[1, 2, 3, 4]",int,How many would you like to trade: ,2
bot,"['brick', 'wood', 'sheep', 'wheat', 'ore']",resource,Which resource would you like to trade: ,wood
bot,"[1, 2, 3]",int,How many would you like to trade: ,2
bot,"[1, 2, 3, 4]",int,"1=Build, 2=Trade, 3=Dev Cards(Play/Select), 4=End: ",2
bot,"[1, 2, 3]",int,"Player Trade (1), Bank/Port Trade (2), Cancel (3): ",2
bot,"['brick', 'wood', 'sheep', 'wheat', 'ore']",resource,Which resource would you like to trade (give away): ,ore
bot,"['brick', 'wood', 'sheep', 'wheat', 'ore']",resource,Which resource would you like to receive: ,wood
bot,"[1, 2, 3]",int,"Player Trade (1), Bank/Port Trade (2), Cancel (3): ",2
bot,"['brick', 'wood', 'sheep', 'wheat', 'ore']",resource,Which resource would you like to trade (give away): ,brick
bot,"['brick', 'wood', 'sheep', 'wheat', 'ore']",resource,Which resource would you like to receive: ,brick
bot,"[1, 2, 3]",int,"Player Trade (1), Bank/Port Trade (2), Cancel (3): ",1
bot,"['brick', 'wood', 'sheep', 'wheat', 'ore']",resource,Which resource would you like to trade (give away): ,sheep
bot,"[1, 2, 3, 4]",int,How many would you like to trade: ,3
bot,"['brick', 'wood', 'sheep', 'wheat', 'ore']",resource,Which resource would you like to trade: ,ore
bot,"[1, 2, 3]",int,How many would you like to trade: ,1
bot,"['Y', 'N']",action,Yellow would you like to trade sheep for ore [Y/N]: ,N
bot,"['Y', 'N']",action,Blue would you like to trade sheep for ore [Y/N]: ,N
bot,"[1, 2, 3, 4]",int,"1=Build, 2=Trade, 3=Dev Cards(Play/Select), 4=End: ",1
bot,"[1, 2, 3, 4]",int,"1=Settlement, 2=City, 3=Road, 4=End: ",3
bot,"[1, 2, 3, 4]",int,"1=Settlement, 2=City, 3=Road, 4=End: ",3
bot,"[1, 2, 3, 4]",int,"1=Settlement, 2=City, 3=Road, 4=End: ",1
bot,"[1, 2, 3, 4]",int,"1=Settlement, 2=City, 3=Road, 4=End: ",3
bot,"[1, 2, 3, 4]",int,"1=Settlement, 2=City, 3=Road, 4=End: ",1
bot,"[1, 2, 3, 4]",int,"1=Settlement, 2=City, 3=Road, 4=End: ",4
bot,"[1, 2, 3, 4]",int,"1=Build, 2=Trade, 3=Dev Cards(Play/Select), 4=End: ",2
bot,"[1, 2, 3]",int,"Player Trade (1), Bank/Port Trade (2), Cancel (3): ",3
bot,"[1, 2, 3, 4]",int,"1=Build, 2=Trade, 3=Dev Cards(Play/Select), 4=End: ",3
bot,"[1, 2, 3]",int,"1=Collect, 2=Play, 3=End:",3
bot,"[1, 2, 3, 4]",int,"1=Build, 2=Trade, 3=Dev Cards(Play/Select), 4=End: ",3
bot,"[1, 2, 3]",int,"1=Collect, 2=Play, 3=End:",2
bot,"[1, 2, 3]",int,"1=Collect, 2=Play, 3=End:",2
bot,"[1, 2, 3]",int,"1=Collect, 2=Play, 3=End:",1
bot,"[1, 2, 3]",int,"1=Collect, 2=Play, 3=End:",2
bot,"[1, 2, 3]",int,"1=Collect, 2=Play, 3=End:",2
bot,"[1, 2, 3]",int,"1=Collect, 2=Play, 3=End:",3
bot,"[1, 2, 3, 4]",int,"1=Build, 2=Trade, 3=Dev Cards(Play/Select), 4=End: ",4
bot,"[1, 2, 3, 4]",int,"1=Build, 2=Trade, 3=Dev Cards(Play/Select), 4=End: ",2
bot,"[1, 2, 3]",int,"Player Trade (1), Bank/Port Trade (2), Cancel (3): ",3
bot,"[1, 2, 3, 4]",int,"1=Build, 2=Trade, 3=Dev Cards(Play/Select), 4=End: ",3
bot,"[1, 2, 3]",int,"1=Collect, 2=Play, 3=End:",1
bot,"[1, 2, 3]",int,"1=Collect, 2=Play, 3=End:",1
bot,"[1, 2, 3]",int,"1=Collect, 2=Play, 3=End:",1
bot,"[1, 2, 3]",int,"1=Collect, 2=Play, 3=End:",2
bot,"[1, 2, 3]",int,"1=Collect, 2=Play, 3=End:",2
bot,"[1, 2, 3]",int,"1=Collect, 2=Play, 3=End:",3
bot,"[1, 2, 3, 4]",int,"1=Build, 2=Trade, 3=Dev Cards(Play/Select), 4=End: ",1
bot,"[1, 2, 3, 4]",int,"1=Settlement, 2=City, 3=Road, 4=End: ",4
bot,"[1, 2, 3, 4]",int,"1=Build, 2=Trade, 3=Dev Cards(Play/Select), 4=End: ",3
bot,"[1, 2, 3]",int,"1=Collect, 2=Play, 3=End:",1
bot,"[1, 2, 3]",int,"1=Collect, 2=Play, 3=End:",1
bot,"[1, 2, 3]",int,"1=Collect, 2=Play, 3=End:",3
bot,"[1, 2, 3, 4]",int,"1=Build, 2=Trade, 3=Dev Cards(Play/Select), 4=End: ",4
bot,"[1, 2, 3, 4]",int,"1=Build, 2=Trade, 3=Dev Cards(Play/Select), 4=End: ",3
bot,"[1, 2, 3]",int,"1=Collect, 2=Play, 3=End:",1
bot,"[1, 2, 3]",int,"1=Collect, 2=Play, 3=End:",3
bot,"[1, 2, 3, 4]",int,"1=Build, 2=Trade, 3=Dev Cards(Play/Select), 4=End: ",3
bot,"[1, 2, 3]",int,"1=Collect, 2=Play, 3=End:",3
bot,"[1, 2, 3, 4]",int,"1=Build, 2=Trade, 3=Dev Cards(Play/Select), 4=End: ",1
bot,"[1, 2, 3, 4]",int,"1=Settlement, 2=City, 3=Road, 4=End: ",4
bot,"[1, 2, 3, 4]",int,"1=Build, 2=Trade, 3=Dev Cards(Play/Select), 4=End: ",2
bot,"[1, 2, 3]",int,"Player Trade (1), Bank/Port Trade (2), Cancel (3): ",1
bot,"['brick', 'wood', 'sheep', 'wheat', 'ore']",resource,Which resource would you like to trade (give away): ,wood
bot,"[1, 2, 3, 4]",int,How many would you like to trade: ,3
bot,"['brick', 'wood', 'sheep', 'wheat', 'ore']",resource,Which resource would you like to trade: ,brick
bot,"[1, 2, 3]",int,How many would you like to trade: ,2
bot,"[1, 2, 3, 4]",int,"1=Build, 2=Trade, 3=Dev Cards(Play/Select), 4=End: ",1
bot,"[1, 2, 3, 4]",int,"1=Settlement, 2=City, 3=Road, 4=End: ",1
bot,"[1, 2, 3, 4]",int,"1=Settlement, 2=City, 3=Road, 4=End: ",3
bot,"[8, 13, 15, 20, 51, 56, 58, 63]",int,Choose road location - [0-71]: ,13
bot,"[1, 2, 3, 4]",int,"1=Settlement, 2=City, 3=Road, 4=End: ",2
bot,"[1, 2, 3, 4]",int,"1=Settlement, 2=City, 3=Road, 4=End: ",2
bot,"[1, 2, 3, 4]",int,"1=Settlement, 2=City, 3=Road, 4=End: ",2
bot,"[1, 2, 3, 4]",int,"1=Settlement, 2=City, 3=Road, 4=End: ",3
bot,"[7, 20, 8, 15, 20, 51, 56, 58, 63]",int,Choose road location - [0-71]: ,20
bot,"[1, 2, 3, 4]",int,"1=Settlement, 2=City, 3=Road, 4=End: ",3
bot,"[1, 2, 3, 4]",int,"1=Settlement, 2=City, 3=Road, 4=End: ",1
bot,"[1, 2, 3, 4]",int,"1=Settlement, 2=City, 3=Road, 4=End: ",2
bot,"[1, 2, 3, 4]",int,"1=Settlement, 2=City, 3=Road, 4=End: ",1
bot,"[1, 2, 3, 4]",int,"1=Settlement, 2=City, 3=Road, 4=End: ",3
bot,"[1, 2, 3, 4]",int,"1=Settlement, 2=City, 3=Road, 4=End: ",1
bot,"[1, 2, 3, 4]",int,"1=Settlement, 2=City, 3=Road, 4=End: ",3
bot,"[1, 2, 3, 4]",int,"1=Settlement, 2=City, 3=Road, 4=End: ",4
bot,"[1, 2, 3, 4]",int,"1=Build, 2=Trade, 3=Dev Cards(Play/Select), 4=End: ",3
bot,"[1, 2, 3]",int,"1=Collect, 2=Play, 3=End:",1
bot,"[1, 2, 3]",int,"1=Collect, 2=Play, 3=End:",3
bot,"[1, 2, 3, 4]",int,"1=Build, 2=Trade, 3=Dev Cards(Play/Select), 4=End: ",2
bot,"[1, 2, 3]",int,"Player Trade (1), Bank/Port Trade (2), Cancel (3): ",2
bot,"['brick', 'wood', 'sheep', 'wheat', 'ore']",resource,Which resource would you like to trade (give away): ,wheat
bot,"['brick', 'wood', 'sheep', 'wheat', 'ore']",resource,Which resource would you like to receive: ,brick
bot,"[1, 2, 3]",int,"Player Trade (1), Bank/Port Trade (2), Cancel (3): ",3
bot,"[1, 2, 3, 4]",int,"1=Build, 2=Trade, 3=Dev Cards(Play/Select), 4=End: ",1
bot,"[1, 2, 3, 4]",int,"1=Settlement, 2=City, 3=Road, 4=End: ",3
bot,"[1, 2, 3, 4]",int,"1=Settlement, 2=City, 3=Road, 4=End: ",3
bot,"[1, 2, 3, 4]",int,"1=Settlement, 2=City, 3=Road, 4=End: ",2
bot,"[1, 2, 3, 4]",int,"1=Settlement, 2=City, 3=Road, 4=End: ",3
bot,"[1, 2, 3, 4]",int,"1=Settlement, 2=City, 3=Road, 4=End: ",2
bot,"[1, 2, 3, 4]",int,"1=Settlement, 2=City, 3=Road, 4=End: ",2
bot,"[1, 2, 3, 4]",int,"1=Settlement, 2=City, 3=Road, 4=End: ",4
bot,"[1, 2, 3, 4]",int,"1=Build, 2=Trade, 3=Dev Cards(Play/Select), 4=End: ",3
bot,"[1, 2, 3]",int,"1=Collect, 2=Play, 3=End:",3
bot,"[1, 2, 3, 4]",int,"1=Build, 2=Trade, 3=Dev Cards(Play/Select), 4=End: ",4
bot,"[1, 2, 3, 4]",int,"1=Build, 2=Trade, 3=Dev Cards(Play/Select), 4=End: ",1
bot,"[1, 2, 3, 4]",int,"1=Settlement, 2=City, 3=Road, 4=End: ",2
bot,"[1, 2, 3, 4]",int,"1=Settlement, 2=City, 3=Road, 4=End: ",1
bot,"[1, 2, 3, 4]",int,"1=Settlement, 2=City, 3=Road, 4=End: ",1
bot,"[1, 2, 3, 4]",int,"1=Settlement, 2=City, 3=Road, 4=End: ",3
bot,"[1, 2, 3, 4]",int,"1=Settlement, 2=City, 3=Road, 4=End: ",2
bot,"[1, 2, 3, 4]",int,"1=Settlement, 2=City, 3=Road, 4=End: ",4
bot,"[1, 2, 3, 4]",int,"1=Build, 2=Trade, 3=Dev Cards(Play/Select), 4=End: ",4
bot,"[1, 2, 3, 4]",int,"1=Build, 2=Trade, 3=Dev Cards(Play/Select), 4=End: ",2
bot,"[1, 2, 3]",int,"Player Trade (1), Bank/Port Trade (2), Cancel (3): ",2
bot,"['brick', 'wood', 'sheep', 'wheat', 'ore']",resource,Which resource would you like to trade (give away): ,ore
bot,"['brick', 'wood', 'sheep', 'wheat', 'ore']",resource,Which resource would you like to receive: ,ore
bot,"[1, 2, 3]",int,"Player Trade (1), Bank/Port Trade (2), Cancel (3): ",1
bot,"['brick', 'wood', 'sheep', 'wheat', 'ore']",resource,Which resource would you like to trade (give away): ,brick
bot,"[1, 2, 3, 4]",int,How many would you like to trade: ,3
bot,"['brick', 'wood', 'sheep', 'wheat', 'ore']",resource,Which resource would you like to trade: ,wood
bot,"[1, 2, 3]",int,How many would you like to trade: ,1
bot,"['Y', 'N']",action,Yellow would you like to trade brick for wood [Y/N]: ,Y
bot,"[1, 2, 3, 4]",int,"1=Build, 2=Trade, 3=Dev Cards(Play/Select), 4=End: ",2
bot,"[1, 2, 3]",int,"Player Trade (1), Bank/Port Trade (2), Cancel (3): ",3
bot,"[1, 2, 3, 4]",int,"1=Build, 2=Trade, 3=Dev Cards(Play/Select), 4=End: ",3
bot,"[1, 2, 3]",int,"1=Collect, 2=Play, 3=End:",2
bot,"[1, 2, 3]",int,"1=Collect, 2=Play, 3=End:",3
bot,"[1, 2, 3, 4]",int,"1=Build, 2=Trade, 3=Dev Cards(Play/Select), 4=End: ",1
bot,"[1, 2, 3, 4]",int,"1=Settlement, 2=City, 3=Road, 4=End: ",3
bot,"[1, 2, 3, 4]",int,"1=Settlement, 2=City, 3=Road, 4=End: ",4
bot,"[1, 2, 3, 4]",int,"1=Build, 2=Trade, 3=Dev Cards(Play/Select), 4=End: ",1
bot,"[1, 2, 3, 4]",int,"1=Settlement, 2=City, 3=Road, 4=End: ",1
bot,"[1, 2, 3, 4]",int,"1=Settlement, 2=City, 3=Road, 4=End: ",2
bot,"[1, 2, 3, 4]",int,"1=Settlement, 2=City, 3=Road, 4=End: ",4
bot,"[1, 2, 3, 4]",int,"1=Build, 2=Trade, 3=Dev Cards(Play/Select), 4=End: ",1
bot,"[1, 2, 3, 4]",int,"1=Settlement, 2=City, 3=Road, 4=End: ",3
bot,"[1, 2, 3, 4]",int,"1=Settlement, 2=City, 3=Road, 4=End: ",4
bot,"[1, 2, 3, 4]",int,"1=Build, 2=Trade, 3=Dev Cards(Play/Select), 4=End: ",3
bot,"[1, 2, 3]",int,"1=Collect, 2=Play, 3=End:",3
bot,"[1, 2, 3, 4]",int,"1=Build, 2=Trade, 3=Dev Cards(Play/Select), 4=End: ",2
bot,"[1, 2, 3]",int,"Player Trade (1), Bank/Port Trade (2), Cancel (3): ",3
bot,"[1, 2, 3, 4]",int,"1=Build, 2=Trade, 3=Dev Cards(Play/Select), 4=End: ",2
bot,"[1, 2, 3]",int,"Player Trade (1), Bank/Port Trade (2), Cancel (3): ",3
bot,"[1, 2, 3, 4]",int,"1=Build, 2=Trade, 3=Dev Cards(Play/Select), 4=End: ",3
bot,"[1, 2, 3]",int,"1=Collect, 2=Play, 3=End:",1
bot,"[1, 2, 3]",int,"1=Collect, 2=Play, 3=End:",2
bot,"[1, 2, 3]",int,"1=Collect, 2=Play, 3=End:",2
bot,"[1, 2, 3]",int,"1=Collect, 2=Play, 3=End:",3
bot,"[1, 2, 3, 4]",int,"1=Build, 2=Trade, 3=Dev Cards(Play/Select), 4=End: ",1
bot,"[1, 2, 3, 4]",int,"1=Settlement, 2=City, 3=Road, 4=End: ",1
bot,"[1, 2, 3, 4]",int,"1=Settlement, 2=City, 3=Road, 4=End: ",2
bot,"[1, 2, 3, 4]",int,"1=Settlement, 2=City, 3=Road, 4=End: ",3
bot,"[1, 2, 3, 4]",int,"1=Settlement, 2=City, 3=Road, 4=End: ",2
bot,"[1, 2, 3, 4]",int,"1=Settlement, 2=City, 3=Road, 4=End: ",3
bot,"[1, 2, 3, 4]",int,"1=Settlement, 2=City, 3=Road, 4=End: ",4
bot,"[1, 2, 3, 4]",int,"1=Build, 2=Trade, 3=Dev Cards(Play/Select), 4=End: ",1
bot,"[1, 2, 3, 4]",int,"1=Settlement, 2=City, 3=Road, 4=End: ",1
bot,"[1, 2, 3, 4]",int,"1=Settlement, 2=City, 3=Road, 4=End: ",3
bot,"[1, 2, 3, 4]",int,"1=Settlement, 2=City, 3=Road, 4=End: ",3
bot,"[1, 2, 3, 4]",int,"1=Settlement, 2=City, 3=Road, 4=End: ",3
bot,"[1, 2, 3, 4]",int,"1=Settlement, 2=City, 3=Road, 4=End: ",4
bot,"[1, 2, 3, 4]",int,"1=Build, 2=Trade, 3=Dev Cards(Play/Select), 4=End: ",2
bot,"[1, 2, 3]",int,"Player Trade (1), Bank/Port Trade (2), Cancel (3): ",3
bot,"[1, 2, 3, 4]",int,"1=Build, 2=Trade, 3=Dev Cards(Play/Select), 4=End: ",3
bot,"[1, 2, 3]",int,"1=Collect, 2=Play, 3=End:",3
bot,"[1, 2, 3, 4]",int,"1=Build, 2=Trade, 3=Dev Cards(Play/Select), 4=End: ",1
bot,"[1, 2, 3, 4]",int,"1=Settlement, 2=City, 3=Road, 4=End: ",4
bot,"[1, 2, 3, 4]",int,"1=Build, 2=Trade, 3=Dev Cards(Play/Select), 4=End: ",2
bot,"[1, 2, 3]",int,"Player Trade (1), Bank/Port Trade (2), Cancel (3): ",3
bot,"[1, 2, 3, 4]",int,"1=Build, 2=Trade, 3=Dev Cards(Play/Select), 4=End: ",4
bot,"[1, 2, 3, 4]",int,"1=Build, 2=Trade, 3=Dev Cards(Play/Select), 4=End: ",4
bot,"range(0, 18)",int,Choosen a Tile [0-18] to move the Robber to: ,4
bot,['Red'],player,Choose a player to steal from {'Red'}: ,Red
bot,"['wood', 'wheat', 'ore']",resource,"Which resource would you like to discard: brick, wood, sheep, wheat, ore: ",wheat
bot,"['wood', 'wheat', 'ore']",resource,"Which resource would you like to discard: brick, wood, sheep, wheat, ore: ",wheat
bot,"['wood', 'wheat', 'ore']",resource,"Which resource would you like to discard: brick, wood, sheep, wheat, ore: ",wood
bot,"['wood', 'wheat', 'ore']",resource,"Which resource would you like to discard: brick, wood, sheep, wheat, ore: ",ore
bot,"['sheep', 'wood', 'ore', 'brick']",resource,"Which resource would you like to discard: brick, wood, sheep, wheat, ore: ",wood
bot,"['sheep', 'wood', 'ore', 'brick']",resource,"Which resource would you like to discard: brick, wood, sheep, wheat, ore: ",wood
bot,"['sheep', 'wood', 'ore', 'brick']",resource,"Which resource would you like to discard: brick, wood, sheep, wheat, ore: ",brick
bot,"['sheep', 'wood', 'ore', 'brick']",resource,"Which resource would you like to discard: brick, wood, sheep, wheat, ore: ",wood
bot,"['sheep', 'wood', 'ore', 'brick']",resource,"Which resource would you like to discard: brick, wood, sheep, wheat, ore: ",ore
bot,"['sheep', 'wheat', 'brick']",resource,"Which resource would you like to discard: brick, wood, sheep, wheat, ore: ",sheep
bot,"['sheep', 'wheat', 'brick']",resource,"Which resource would you like to discard: brick, wood, sheep, wheat, ore: ",sheep
bot,"['wheat', 'brick']",resource,"Which resource would you like to discard: brick, wood, sheep, wheat, ore: ",wheat
bot,"['wheat', 'brick']",resource,"Which resource would you like to discard: brick, wood, sheep, wheat, ore: ",wheat
bot,"[1, 2, 3, 4]",int,"1=Build, 2=Trade, 3=Dev Cards(Play/Select), 4=End: ",1
bot,"[1, 2, 3, 4]",int,"1=Settlement, 2=City, 3=Road, 4=End: ",1
bot,"[1, 2, 3, 4]",int,"1=Settlement, 2=City, 3=Road, 4=End: ",1
bot,"[1, 2, 3, 4]",int,"1=Settlement, 2=City, 3=Road, 4=End: ",1
bot,"[1, 2, 3, 4]",int,"1=Settlement, 2=City, 3=Road, 4=End: ",3
bot,"[7, 8, 15, 27, 28, 51, 56, 58, 63]",int,Choose road location - [0-71]: ,51
bot,"[1, 2, 3, 4]",int,"1=Settlement, 2=City, 3=Road, 4=End: ",1
bot,"[1, 2, 3, 4]",int,"1=Settlement, 2=City, 3=Road, 4=End: ",2
bot,"[1, 2, 3, 4]",int,"1=Settlement, 2=City, 3=Road, 4=End: ",2
bot,"[1, 2, 3, 4]",int,"1=Settlement, 2=City, 3=Road, 4=End: ",3
bot,"[1, 2, 3, 4]",int,"1=Settlement, 2=City, 3=Road, 4=End: ",3
bot,"[1, 2, 3, 4]",int,"1=Settlement, 2=City, 3=Road, 4=End: ",2
bot,"[1, 2, 3, 4]",int,"1=Settlement, 2=City, 3=Road, 4=End: ",3
bot,"[1, 2, 3, 4]",int,"1=Settlement, 2=City, 3=Road, 4=End: ",3
bot,"[1, 2, 3, 4]",int,"1=Settlement, 2=City, 3=Road, 4=End: ",1
bot,"[1, 2, 3, 4]",int,"1=Settlement, 2=City, 3=Road, 4=End: ",2
bot,"[1, 2, 3, 4]",int,"1=Settlement, 2=City, 3=Road, 4=End: ",1
bot,"[1, 2, 3, 4]",int,"1=Settlement, 2=City, 3=Road, 4=End: ",3
bot,"[1, 2, 3, 4]",int,"1=Settlement, 2=City, 3=Road, 4=End: ",3
bot,"[1, 2, 3, 4]",int,"1=Settlement, 2=City, 3=Road, 4=End: ",3
bot,"[1, 2, 3, 4]",int,"1=Settlement, 2=City, 3=Road, 4=End: ",2
bot,"[1, 2, 3, 4]",int,"1=Settlement, 2=City, 3=Road, 4=End: ",1
bot,"[1, 2, 3, 4]",int,"1=Settlement, 2=City, 3=Road, 4=End: ",2
bot,"[1, 2, 3, 4]",int,"1=Settlement, 2=City, 3=Road, 4=End: ",1
bot,"[1, 2, 3, 4]",int,"1=Settlement, 2=City, 3=Road, 4=End: ",1
bot,"[1, 2, 3, 4]",int,"1=Settlement, 2=City, 3=Road, 4=End: ",3
bot,"[1, 2, 3, 4]",int,"1=Settlement, 2=City, 3=Road, 4=End: ",2
bot,"[1, 2, 3, 4]",int,"1=Settlement, 2=City, 3=Road, 4=End: ",3
bot,"[1, 2, 3, 4]",int,"1=Settlement, 2=City, 3=Road, 4=End: ",1
bot,"[1, 2, 3, 4]",int,"1=Settlement, 2=City, 3=Road, 4=End: ",1
bot,"[1, 2, 3, 4]",int,"1=Settlement, 2=City, 3=Road, 4=End: ",1
bot,"[1, 2, 3, 4]",int,"1=Settlement, 2=City, 3=Road, 4=End: ",4
bot,"[1, 2, 3, 4]",int,"1=Build, 2=Trade, 3=Dev Cards(Play/Select), 4=End: ",4
bot,"[1, 2, 3, 4]",int,"1=Build, 2=Trade, 3=Dev Cards(Play/Select), 4=End: ",4
bot,"[1, 2, 3, 4]",int,"1=Build, 2=Trade, 3=Dev Cards(Play/Select), 4=End: ",4
bot,"[1, 2, 3, 4]",int,"1=Build, 2=Trade, 3=Dev Cards(Play/Select), 4=End: ",2
bot,"[1, 2, 3]",int,"Player Trade (1), Bank/Port Trade (2), Cancel (3): ",2
bot,"['brick', 'wood', 'sheep', 'wheat', 'ore']",resource,Which resource would you like to trade (give away): ,brick
bot,"['brick', 'wood', 'sheep', 'wheat', 'ore']",resource,Which resource would you like to receive: ,wheat
bot,"[1, 2, 3]",int,"Player Trade (1), Bank/Port Trade (2), Cancel (3): ",2
bot,"['brick', 'wood', 'sheep', 'wheat', 'ore']",resource,Which resource would you like to trade (give away): ,sheep
bot,"['brick', 'wood', 'sheep', 'wheat', 'ore']",resource,Which resource would you like to receive: ,brick
bot,"[1, 2, 3]",int,"Player Trade (1), Bank/Port Trade (2), Cancel (3): ",2
bot,"['brick', 'wood', 'sheep', 'wheat', 'ore']",resource,Which resource would you like to trade (give away): ,wood
bot,"['brick', 'wood', 'sheep', 'wheat', 'ore']",resource,Which resource would you like to receive: ,ore
bot,"[1, 2, 3]",int,"Player Trade (1), Bank/Port Trade (2), Cancel (3): ",2
bot,"['brick', 'wood', 'sheep', 'wheat', 'ore']",resource,Which resource would you like to trade (give away): ,wheat
bot,"['brick', 'wood', 'sheep', 'wheat', 'ore']",resource,Which resource would you like to receive: ,wood
bot,"[1, 2, 3]",int,"Player Trade (1), Bank/Port Trade (2), Cancel (3): ",1
bot,"['brick', 'wood', 'sheep', 'wheat', 'ore']",resource,Which resource would you like to trade (give away): ,ore
bot,"[1, 2, 3, 4]",int,How many would you like to trade: ,3
bot,"['brick', 'wood', 'sheep', 'wheat', 'ore']",resource,Which resource would you like to trade: ,brick
bot,"[1, 2, 3]",int,How many would you like to trade: ,1
bot,"['Y', 'N']",action,Yellow would you like to trade ore for brick [Y/N]: ,N
bot,"['Y', 'N']",action,Blue would you like to trade ore for brick [Y/N]: ,N
bot,"[1, 2, 3, 4]",int,"1=Build, 2=Trade, 3=Dev Cards(Play/Select), 4=End: ",2
bot,"[1, 2, 3]",int,"Player Trade (1), Bank/Port Trade (2), Cancel (3): ",3
bot,"[1, 2, 3, 4]",int,"1=Build, 2=Trade, 3=Dev Cards(Play/Select), 4=End: ",2
bot,"[1, 2, 3]",int,"Player Trade (1), Bank/Port Trade (2), Cancel (3): ",3
bot,"[1, 2, 3, 4]",int,"1=Build, 2=Trade, 3=Dev Cards(Play/Select), 4=End: ",3
bot,"[1, 2, 3]",int,"1=Collect, 2=Play, 3=End:",3
bot,"[1, 2, 3, 4]",int,"1=Build, 2=Trade, 3=Dev Cards(Play/Select), 4=End: ",3
bot,"[1, 2, 3]",int,"1=Collect, 2=Play, 3=End:",1
bot,"[1, 2, 3]",int,"1=Collect, 2=Play, 3=End:",3
bot,"[1, 2, 3, 4]",int,"1=Build, 2=Trade, 3=Dev Cards(Play/Select), 4=End: ",4
bot,"[1, 2, 3, 4]",int,"1=Build, 2=Trade, 3=Dev Cards(Play/Select), 4=End: ",2
bot,"[1, 2, 3]",int,"Player Trade (1), Bank/Port Trade (2), Cancel (3): ",2
bot,"['brick', 'wood', 'sheep', 'wheat', 'ore']",resource,Which resource would you like to trade (give away): ,sheep
bot,"['brick', 'wood', 'sheep', 'wheat', 'ore']",resource,Which resource would you like to receive: ,brick
bot,"[1, 2, 3]",int,"Player Trade (1), Bank/Port Trade (2), Cancel (3): ",3
bot,"[1, 2, 3, 4]",int,"1=Build, 2=Trade, 3=Dev Cards(Play/Select), 4=End: ",4
bot,"[1, 2, 3, 4]",int,"1=Build, 2=Trade, 3=Dev Cards(Play/Select), 4=End: ",4
bot,"[1, 2, 3, 4]",int,"1=Build, 2=Trade, 3=Dev Cards(Play/Select), 4=End: ",1
bot,"[1, 2, 3, 4]",int,"1=Settlement, 2=City, 3=Road, 4=End: ",3
bot,"[1, 2, 3, 4]",int,"1=Settlement, 2=City, 3=Road, 4=End: ",2
bot,"[1, 2, 3, 4]",int,"1=Settlement, 2=City, 3=Road, 4=End: ",3
bot,"[1, 2, 3, 4]",int,"1=Settlement, 2=City, 3=Road, 4=End: ",2
bot,"[1, 2, 3, 4]",int,"1=Settlement, 2=City, 3=Road, 4=End: ",2
bot,"[1, 2, 3, 4]",int,"1=Settlement, 2=City, 3=Road, 4=End: ",2
bot,"[1, 2, 3, 4]",int,"1=Settlement, 2=City, 3=Road, 4=End: ",3
bot,"[1, 2, 3, 4]",int,"1=Settlement, 2=City, 3=Road, 4=End: ",3
bot,"[1, 2, 3, 4]",int,"1=Settlement, 2=City, 3=Road, 4=End: ",4
bot,"[1, 2, 3, 4]",int,"1=Build, 2=Trade, 3=Dev Cards(Play/Select), 4=End: ",4
bot,"[1, 2, 3, 4]",int,"1=Build, 2=Trade, 3=Dev Cards(Play/Select), 4=End: ",2
bot,"[1, 2, 3]",int,"Player Trade (1), Bank/Port Trade (2), Cancel (3): ",2
bot,"['brick', 'wood', 'sheep', 'wheat', 'ore']",resource,Which resource would you like to trade (give away): ,wheat
bot,"['brick', 'wood', 'sheep', 'wheat', 'ore']",resource,Which resource would you like to receive: ,wood
bot,"[1, 2, 3]",int,"Player Trade (1), Bank/Port Trade (2), Cancel (3): ",3
bot,"[1, 2, 3, 4]",int,"1=Build, 2=Trade, 3=Dev Cards(Play/Select), 4=End: ",3
bot,"[1, 2, 3]",int,"1=Collect, 2=Play, 3=End:",1
bot,"[1, 2, 3]",int,"1=Collect, 2=Play, 3=End:",3
bot,"[1, 2, 3, 4]",int,"1=Build, 2=Trade, 3=Dev Cards(Play/Select), 4=End: ",2
bot,"[1, 2, 3]",int,"Player Trade (1), Bank/Port Trade (2), Cancel (3): ",1
bot,"['brick', 'wood', 'sheep', 'wheat', 'ore']",resource,Which resource would you like to trade (give away): ,wood
bot,"[1, 2, 3, 4]",int,How many would you like to trade: ,3
bot,"['brick', 'wood', 'sheep', 'wheat', 'ore']",resource,Which resource would you like to trade: ,sheep
bot,"[1, 2, 3]",int,How many would you like to trade: ,2
bot,"['Y', 'N']",action,Yellow would you like to trade wood for sheep [Y/N]: ,Y
bot,"[1, 2, 3, 4]",int,"1=Build, 2=Trade, 3=Dev Cards(Play/Select), 4=End: ",1
bot,"[1, 2, 3, 4]",int,"1=Settlement, 2=City, 3=Road, 4=End: ",1
bot,"[1, 2, 3, 4]",int,"1=Settlement, 2=City, 3=Road, 4=End: ",1
bot,"[1, 2, 3, 4]",int,"1=Settlement, 2=City, 3=Road, 4=End: ",2
bot,"[1, 2, 3, 4]",int,"1=Settlement, 2=City, 3=Road, 4=End: ",4
bot,"[1, 2, 3, 4]",int,"1=Build, 2=Trade, 3=Dev Cards(Play/Select), 4=End: ",4
bot,"[1, 2, 3, 4]",int,"1=Build, 2=Trade, 3=Dev Cards(Play/Select), 4=End: ",3
bot,"[1, 2, 3]",int,"1=Collect, 2=Play, 3=End:",2
bot,"[1, 2, 3]",int,"1=Collect, 2=Play, 3=End:",2
bot,"[1, 2, 3]",int,"1=Collect, 2=Play, 3=End:",1
bot,"[1, 2, 3]",int,"1=Collect, 2=Play, 3=End:",3
bot,"[1, 2, 3, 4]",int,"1=Build, 2=Trade, 3=Dev Cards(Play/Select), 4=End: ",3
bot,"[1, 2, 3]",int,"1=Collect, 2=Play, 3=End:",2
bot,"[1, 2, 3]",int,"1=Collect, 2=Play, 3=End:",3
bot,"[1, 2, 3, 4]",int,"1=Build, 2=Trade, 3=Dev Cards(Play/Select), 4=End: ",3
bot,"[1, 2, 3]",int,"1=Collect, 2=Play, 3=End:",1
bot,"[1, 2, 3]",int,"1=Collect, 2=Play, 3=End:",3
bot,"[1, 2, 3, 4]",int,"1=Build, 2=Trade, 3=Dev Cards(Play/Select), 4=End: ",1
bot,"[1, 2, 3, 4]",int,"1=Settlement, 2=City, 3=Road, 4=End: ",3
bot,"[1, 2, 3, 4]",int,"1=Settlement, 2=City, 3=Road, 4=End: ",3
bot,"[1, 2, 3, 4]",int,"1=Settlement, 2=City, 3=Road, 4=End: ",4
bot,"[1, 2, 3, 4]",int,"1=Build, 2=Trade, 3=Dev Cards(Play/Select), 4=End: ",1
bot,"[1, 2, 3, 4]",int,"1=Settlement, 2=City, 3=Road, 4=End: ",1
bot,"[1, 2, 3, 4]",int,"1=Settlement, 2=City, 3=Road, 4=End: ",1
bot,"[1, 2, 3, 4]",int,"1=Settlement, 2=City, 3=Road, 4=End: ",3
bot,"[1, 2, 3, 4]",int,"1=Settlement, 2=City, 3=Road, 4=End: ",4
bot,"[1, 2, 3, 4]",int,"1=Build, 2=Trade, 3=Dev Cards(Play/Select), 4=End: ",1
bot,"[1, 2, 3, 4]",int,"1=Settlement, 2=City, 3=Road, 4=End: ",4
bot,"[1, 2, 3, 4]",int,"1=Build, 2=Trade, 3=Dev Cards(Play/Select), 4=End: ",3
bot,"[1, 2, 3]",int,"1=Collect, 2=Play, 3=End:",1
bot,"[1, 2, 3]",int,"1=Collect, 2=Play, 3=End:",1
bot,"[1, 2, 3]",int,"1=Collect, 2=Play, 3=End:",2
bot,"[1, 2, 3]",int,"1=Collect, 2=Play, 3=End:",3
bot,"[1, 2, 3, 4]",int,"1=Build, 2=Trade, 3=Dev Cards(Play/Select), 4=End: ",1
bot,"[1, 2, 3, 4]",int,"1=Settlement, 2=City, 3=Road, 4=End: ",4
bot,"[1, 2, 3, 4]",int,"1=Build, 2=Trade, 3=Dev Cards(Play/Select), 4=End: ",1
bot,"[1, 2, 3, 4]",int,"1=Settlement, 2=City, 3=Road, 4=End: ",3
bot,"[1, 2, 3, 4]",int,"1=Settlement, 2=City, 3=Road, 4=End: ",4
bot,"[1, 2, 3, 4]",int,"1=Build, 2=Trade, 3=Dev Cards(Play/Select), 4=End: ",4
bot,"[1, 2, 3, 4]",int,"1=Build, 2=Trade, 3=Dev Cards(Play/Select), 4=End: ",4
bot,"[1, 2, 3, 4]",int,"1=Build, 2=Trade, 3=Dev Cards(Play/Select), 4=End: ",1
bot,"[1, 2, 3, 4]",int,"1=Settlement, 2=City, 3=Road, 4=End: ",2
bot,"[1, 2, 3, 4]",int,"1=Settlement, 2=City, 3=Road, 4=End: ",1
bot,"[1, 2, 3, 4]",int,"1=Settlement, 2=City, 3=Road, 4=End: ",3
bot,"[1, 2, 3, 4]",int,"1=Settlement, 2=City, 3=Road, 4=End: ",1
bot,"[1, 2, 3, 4]",int,"1=Settlement, 2=City, 3=Road, 4=End: ",1
bot,"[1, 2, 3, 4]",int,"1=Settlement, 2=City, 3=Road, 4=End: ",1
bot,"[1, 2, 3, 4]",int,"1=Settlement, 2=City, 3=Road, 4=End: ",2
bot,"[1, 2, 3, 4]",int,"1=Settlement, 2=City, 3=Road, 4=End: ",3
bot,"[1, 2, 3, 4]",int,"1=Settlement, 2=City, 3=Road, 4=End: ",1
bot,"[1, 2, 3, 4]",int,"1=Settlement, 2=City, 3=Road, 4=End: ",2
bot,"[1, 2, 3, 4]",int,"1=Settlement, 2=City, 3=Road, 4=End: ",3
bot,"[1, 2, 3, 4]",int,"1=Settlement, 2=City, 3=Road, 4=End: ",1
bot,"[1, 2, 3, 4]",int,"1=Settlement, 2=City, 3=Road, 4=End: ",4
bot,"[1, 2, 3, 4]",int,"1=Build, 2=Trade, 3=Dev Cards(Play/Select), 4=End: ",3
bot,"[1, 2, 3]",int,"1=Collect, 2=Play, 3=End:",1
bot,"[1, 2, 3]",int,"1=Collect, 2=Play, 3=End:",1
bot,"[1, 2, 3]",int,"1=Collect, 2=Play, 3=End:",1
bot,"[1, 2, 3]",int,"1=Collect, 2=Play, 3=End:",3
bot,"[1, 2, 3, 4]",int,"1=Build, 2=Trade, 3=Dev Cards(Play/Select), 4=End: ",1
bot,"[1, 2, 3, 4]",int,"1=Settlement, 2=City, 3=Road, 4=End: ",4
bot,"[1, 2, 3, 4]",int,"1=Build, 2=Trade, 3=Dev Cards(Play/Select), 4=End: ",2
bot,"[1, 2, 3]",int,"Player Trade (1), Bank/Port Trade (2), Cancel (3): ",3
bot,"[1, 2, 3, 4]",int,"1=Build, 2=Trade, 3=Dev Cards(Play/Select), 4=End: ",2
bot,"[1, 2, 3]",int,"Player Trade (1), Bank/Port Trade (2), Cancel (3): ",2
bot,"['brick', 'wood', 'sheep', 'wheat', 'ore']",resource,Which resource would you like to trade (give away): ,wood
bot,"['brick', 'wood', 'sheep', 'wheat', 'ore']",resource,Which resource would you like to receive: ,wheat
bot,"[1, 2, 3]",int,"Player Trade (1), Bank/Port Trade (2), Cancel (3): ",2
bot,"['brick', 'wood', 'sheep', 'wheat', 'ore']",resource,Which resource would you like to trade (give away): ,sheep
bot,"['brick', 'wood', 'sheep', 'wheat', 'ore']",resource,Which resource would you like to receive: ,wheat
bot,"[1, 2, 3]",int,"Player Trade (1), Bank/Port Trade (2), Cancel (3): ",1
bot,"['brick', 'wood', 'sheep', 'wheat', 'ore']",resource,Which resource would you like to trade (give away): ,sheep
bot,"[1, 2, 3, 4]",int,How many would you like to trade: ,3
bot,"['brick', 'wood', 'sheep', 'wheat', 'ore']",resource,Which resource would you like to trade: ,wheat
bot,"[1, 2, 3]",int,How many would you like to trade: ,3
bot,"['Y', 'N']",action,Yellow would you like to trade sheep for wheat [Y/N]: ,Y
bot,"['Y', 'N']",action,Blue would you like to trade sheep for wheat [Y/N]: ,N
bot,"[1, 2, 3, 4]",int,"1=Build, 2=Trade, 3=Dev Cards(Play/Select), 4=End: ",4
bot,"range(0, 18)",int,Choosen a Tile [0-18] to move the Robber to: ,15
bot,['Green'],player,Choose a player to steal from {'Green'}: ,Green
bot,"['sheep', 'wood', 'wheat', 'ore']",resource,"Which resource would you like to discard: brick, wood, sheep, wheat, ore: ",sheep
bot,"['sheep', 'wood', 'wheat', 'ore']",resource,"Which resource would you like to discard: brick, wood, sheep, wheat, ore: ",wheat
bot,"['sheep', 'wood', 'ore']",resource,"Which resource would you like to discard: brick, wood, sheep, wheat, ore: ",ore
bot,"['sheep', 'wood', 'ore']",resource,"Which resource would you like to discard: brick, wood, sheep, wheat, ore: ",sheep
bot,"['wood', 'ore']",resource,"Which resource would you like to discard: brick, wood, sheep, wheat, ore: ",wood
bot,"['wood', 'ore']",resource,"Which resource would you like to discard: brick, wood, sheep, wheat, ore: ",ore
bot,"['sheep', 'wood', 'wheat', 'ore']",resource,"Which resource would you like to discard: brick, wood, sheep, wheat, ore: ",sheep
bot,"['sheep', 'wood', 'wheat', 'ore']",resource,"Which resource would you like to discard: brick, wood, sheep, wheat, ore: ",wheat
bot,"['sheep', 'wood', 'ore']",resource,"Which resource would you like to discard: brick, wood, sheep, wheat, ore: ",sheep
bot,"['sheep', 'wood', 'ore']",resource,"Which resource would you like to discard: brick, wood, sheep, wheat, ore: ",sheep
bot,"['sheep', 'wood', 'ore']",resource,"Which resource would you like to discard: brick, wood, sheep, wheat, ore: ",sheep
bot,"['sheep', 'wood', 'ore']",resource,"Which resource would you like to discard: brick, wood, sheep, wheat, ore: ",sheep
bot,"['wood', 'ore']",resource,"Which resource would you like to discard: brick, wood, sheep, wheat, ore: ",ore
bot,"['wood', 'ore']",resource,"Which resource would you like to discard: brick, wood, sheep, wheat, ore: ",ore
bot,"['wood', 'ore']",resource,"Which resource would you like to discard: brick, wood, sheep, wheat, ore: ",wood
bot,"[1, 2, 3, 4]",int,"1=Build, 2=Trade, 3=Dev Cards(Play/Select), 4=End: ",2
bot,"[1, 2, 3]",int,"Player Trade (1), Bank/Port Trade (2), Cancel (3): ",2
bot,"['brick', 'wood', 'sheep', 'wheat', 'ore']",resource,Which resource would you like to trade (give away): ,brick
bot,"['brick', 'wood', 'sheep', 'wheat', 'ore']",resource,Which resource would you like to receive: ,sheep
bot,"[1, 2, 3]",int,"Player Trade (1), Bank/Port Trade (2), Cancel (3): ",2
bot,"['brick', 'wood', 'sheep', 'wheat', 'ore']",resource,Which resource would you like to trade (give away): ,ore
bot,"['brick', 'wood', 'sheep', 'wheat', 'ore']",resource,Which resource would you like to receive: ,wheat
bot,"[1, 2, 3]",int,"Player Trade (1), Bank/Port Trade (2), Cancel (3): ",2
bot,"['brick', 'wood', 'sheep', 'wheat', 'ore']",resource,Which resource would you like to trade (give away): ,sheep
bot,"['brick', 'wood', 'sheep', 'wheat', 'ore']",resource,Which resource would you like to receive: ,wheat
bot,"[1, 2, 3]",int,"Player Trade (1), Bank/Port Trade (2), Cancel (3): ",1
bot,"['brick', 'wood', 'sheep', 'wheat', 'ore']",resource,Which resource would you like to trade (give away): ,wheat
bot,"[1, 2, 3, 4]",int,How many would you like to trade: ,4
bot,"['brick', 'wood', 'sheep', 'wheat', 'ore']",resource,Which resource would you like to trade: ,sheep
bot,"[1, 2, 3]",int,How many would you like to trade: ,2
bot,"[1, 2, 3, 4]",int,"1=Build, 2=Trade, 3=Dev Cards(Play/Select), 4=End: ",3
bot,"[1, 2, 3]",int,"1=Collect, 2=Play, 3=End:",2
bot,['road_building'],card,"Which dev card would you like to play from - [RoadBuilding(color=None, played=False, player=None, name='road_building')]: ",road_building
bot,"[7, 11, 19, 52, 58, 60, 64]",int,Choose road location - [0-71]: ,11
bot,"[6, 10, 19, 7, 19, 52, 58, 60, 64]",int,Choose road location - [0-71]: ,7
bot,"[1, 2, 3, 4]",int,"1=Build, 2=Trade, 3=Dev Cards(Play/Select), 4=End: ",1
bot,"[1, 2, 3, 4]",int,"1=Settlement, 2=City, 3=Road, 4=End: ",4
bot,"[1, 2, 3, 4]",int,"1=Build, 2=Trade, 3=Dev Cards(Play/Select), 4=End: ",1
bot,"[1, 2, 3, 4]",int,"1=Settlement, 2=City, 3=Road, 4=End: ",4
bot,"[1, 2, 3, 4]",int,"1=Build, 2=Trade, 3=Dev Cards(Play/Select), 4=End: ",1
bot,"[1, 2, 3, 4]",int,"1=Settlement, 2=City, 3=Road, 4=End: ",1
bot,"[1, 2, 3, 4]",int,"1=Settlement, 2=City, 3=Road, 4=End: ",2
bot,"[1, 2, 3, 4]",int,"1=Settlement, 2=City, 3=Road, 4=End: ",3
bot,"[1, 2, 3, 4]",int,"1=Settlement, 2=City, 3=Road, 4=End: ",2
bot,"[1, 2, 3, 4]",int,"1=Settlement, 2=City, 3=Road, 4=End: ",4
bot,"[1, 2, 3, 4]",int,"1=Build, 2=Trade, 3=Dev Cards(Play/Select), 4=End: ",3
bot,"[1, 2, 3]",int,"1=Collect, 2=Play, 3=End:",3
bot,"[1, 2, 3, 4]",int,"1=Build, 2=Trade, 3=Dev Cards(Play/Select), 4=End: ",4
bot,"[1, 2, 3, 4]",int,"1=Build, 2=Trade, 3=Dev Cards(Play/Select), 4=End: ",4
bot,"[1, 2, 3, 4]",int,"1=Build, 2=Trade, 3=Dev Cards(Play/Select), 4=End: ",3
bot,"[1, 2, 3]",int,"1=Collect, 2=Play, 3=End:",2
bot,"[1, 2, 3]",int,"1=Collect, 2=Play, 3=End:",3
bot,"[1, 2, 3, 4]",int,"1=Build, 2=Trade, 3=Dev Cards(Play/Select), 4=End: ",4
bot,"[1, 2, 3, 4]",int,"1=Build, 2=Trade, 3=Dev Cards(Play/Select), 4=End: ",3
bot,"[1, 2, 3]",int,"1=Collect, 2=Play, 3=End:",1
bot,"[1, 2, 3]",int,"1=Collect, 2=Play, 3=End:",1
bot,"[1, 2, 3]",int,"1=Collect, 2=Play, 3=End:",1
bot,"[1, 2, 3]",int,"1=Collect, 2=Play, 3=End:",1
bot,"[1, 2, 3]",int,"1=Collect, 2=Play, 3=End:",3
bot,"[1, 2, 3, 4]",int,"1=Build, 2=Trade, 3=Dev Cards(Play/Select), 4=End: ",4
bot,"[1, 2, 3, 4]",int,"1=Build, 2=Trade, 3=Dev Cards(Play/Select), 4=End: ",3
bot,"[1, 2, 3]",int,"1=Collect, 2=Play, 3=End:",1
bot,"[1, 2, 3]",int,"1=Collect, 2=Play, 3=End:",1
bot,"[1, 2, 3]",int,"1=Collect, 2=Play, 3=End:",2
bot,"[1, 2, 3]",int,"1=Collect, 2=Play, 3=End:",2
bot,"[1, 2, 3]",int,"1=Collect, 2=Play, 3=End:",2
bot,"[1, 2, 3]",int,"1=Collect, 2=Play, 3=End:",2
bot,"[1, 2, 3]",int,"1=Collect, 2=Play, 3=End:",3
bot,"[1, 2, 3, 4]",int,"1=Build, 2=Trade, 3=Dev Cards(Play/Select), 4=End: ",3
bot,"[1, 2, 3]",int,"1=Collect, 2=Play, 3=End:",2
bot,"[1, 2, 3]",int,"1=Collect, 2=Play, 3=End:",1
bot,"[1, 2, 3]",int,"1=Collect, 2=Play, 3=End:",3
bot,"[1, 2, 3, 4]",int,"1=Build, 2=Trade, 3=Dev Cards(Play/Select), 4=End: ",4
bot,"range(0, 18)",int,Choosen a Tile [0-18] to move the Robber to: ,13
bot,['Blue'],player,Choose a player to steal from {'Blue'}: ,Blue
bot,"['wood', 'wheat', 'ore']",resource,"Which resource would you like to discard: brick, wood, sheep, wheat, ore: ",wheat
bot,"['wood', 'wheat', 'ore']",resource,"Which resource would you like to discard: brick, wood, sheep, wheat, ore: ",wood
bot,"['wood', 'wheat', 'ore']",resource,"Which resource would you like to discard: brick, wood, sheep, wheat, ore: ",wood
bot,"['wood', 'wheat', 'ore']",resource,"Which resource would you like to discard: brick, wood, sheep, wheat, ore: ",wood
bot,"['wood', 'ore']",resource,"Which resource would you like to discard: brick, wood, sheep, wheat, ore: ",wood
bot,"['wood', 'ore']",resource,"Which resource would you like to discard: brick, wood, sheep, wheat, ore: ",wood
bot,"['wood', 'ore']",resource,"Which resource would you like to discard: brick, wood, sheep, wheat, ore: ",wood
bot,['ore'],resource,"Which resource would you like to discard: brick, wood, sheep, wheat, ore: ",ore
bot,['ore'],resource,"Which resource would you like to discard: brick, wood, sheep, wheat, ore: ",ore
bot,"['sheep', 'ore']",resource,"Which resource would you like to discard: brick, wood, sheep, wheat, ore: ",ore
bot,"['sheep', 'ore']",resource,"Which resource would you like to discard: brick, wood, sheep, wheat, ore: ",sheep
bot,"['sheep', 'ore']",resource,"Which resource would you like to discard: brick, wood, sheep, wheat, ore: ",ore
bot,"['sheep', 'ore']",resource,"Which resource would you like to discard: brick, wood, sheep, wheat, ore: ",sheep
bot,['ore'],resource,"Which resource would you like to discard: brick, wood, sheep, wheat, ore: ",ore
bot,['ore'],resource,"Which resource would you like to discard: brick, wood, sheep, wheat, ore: ",ore
bot,"[1, 2, 3, 4]",int,"1=Build, 2=Trade, 3=Dev Cards(Play/Select), 4=End: ",1
bot,"[1, 2, 3, 4]",int,"1=Settlement, 2=City, 3=Road, 4=End: ",1
bot,"[1, 2, 3, 4]",int,"1=Settlement, 2=City, 3=Road, 4=End: ",3
bot,"[1, 2, 3, 4]",int,"1=Settlement, 2=City, 3=Road, 4=End: ",1
bot,"[1, 2, 3, 4]",int,"1=Settlement, 2=City, 3=Road, 4=End: ",3
bot,"[1, 2, 3, 4]",int,"1=Settlement, 2=City, 3=Road, 4=End: ",2
bot,"[1, 2, 3, 4]",int,"1=Settlement, 2=City, 3=Road, 4=End: ",1
bot,"[1, 2, 3, 4]",int,"1=Settlement, 2=City, 3=Road, 4=End: ",2
bot,"[1, 2, 3, 4]",int,"1=Settlement, 2=City, 3=Road, 4=End: ",1
bot,"[1, 2, 3, 4]",int,"1=Settlement, 2=City, 3=Road, 4=End: ",4
bot,"[1, 2, 3, 4]",int,"1=Build, 2=Trade, 3=Dev Cards(Play/Select), 4=End: ",4
bot,"[1, 2, 3, 4]",int,"1=Build, 2=Trade, 3=Dev Cards(Play/Select), 4=End: ",1
bot,"[1, 2, 3, 4]",int,"1=Settlement, 2=City, 3=Road, 4=End: ",3
bot,"[1, 2, 3, 4]",int,"1=Settlement, 2=City, 3=Road, 4=End: ",1
bot,"[1, 2, 3, 4]",int,"1=Settlement, 2=City, 3=Road, 4=End: ",3
bot,"[1, 2, 3, 4]",int,"1=Settlement, 2=City, 3=Road, 4=End: ",4
bot,"[1, 2, 3, 4]",int,"1=Build, 2=Trade, 3=Dev Cards(Play/Select), 4=End: ",4
bot,"[1, 2, 3, 4]",int,"1=Build, 2=Trade, 3=Dev Cards(Play/Select), 4=End: ",3
bot,"[1, 2, 3]",int,"1=Collect, 2=Play, 3=End:",3
bot,"[1, 2, 3, 4]",int,"1=Build, 2=Trade, 3=Dev Cards(Play/Select), 4=End: ",1
bot,"[1, 2, 3, 4]",int,"1=Settlement, 2=City, 3=Road, 4=End: ",2
bot,"[1, 2, 3, 4]",int,"1=Settlement, 2=City, 3=Road, 4=End: ",1
bot,"[1, 2, 3, 4]",int,"1=Settlement, 2=City, 3=Road, 4=End: ",1
bot,"[1, 2, 3, 4]",int,"1=Settlement, 2=City, 3=Road, 4=End: ",1
bot,"[1, 2, 3, 4]",int,"1=Settlement, 2=City, 3=Road, 4=End: ",4
bot,"[1, 2, 3, 4]",int,"1=Build, 2=Trade, 3=Dev Cards(Play/Select), 4=End: ",1
bot,"[1, 2, 3, 4]",int,"1=Settlement, 2=City, 3=Road, 4=End: ",2
bot,"[1, 2, 3, 4]",int,"1=Settlement, 2=City, 3=Road, 4=End: ",3
bot,"[1, 2, 3, 4]",int,"1=Settlement, 2=City, 3=Road, 4=End: ",2
bot,"[1, 2, 3, 4]",int,"1=Settlement, 2=City, 3=Road, 4=End: ",1
bot,"[1, 2, 3, 4]",int,"1=Settlement, 2=City, 3=Road, 4=End: ",1
bot,"[1, 2, 3, 4]",int,"1=Settlement, 2=City, 3=Road, 4=End: ",3
bot,"[1, 2, 3, 4]",int,"1=Settlement, 2=City, 3=Road, 4=End: ",1
bot,"[1, 2, 3, 4]",int,"1=Settlement, 2=City, 3=Road, 4=End: ",2
bot,"[1, 2, 3, 4]",int,"1=Settlement, 2=City, 3=Road, 4=End: ",4
bot,"[1, 2, 3, 4]",int,"1=Build, 2=Trade, 3=Dev Cards(Play/Select), 4=End: ",1
bot,"[1, 2, 3, 4]",int,"1=Settlement, 2=City, 3=Road, 4=End: ",1
bot,"[1, 2, 3, 4]",int,"1=Settlement, 2=City, 3=Road, 4=End: ",4
bot,"[1, 2, 3, 4]",int,"1=Build, 2=Trade, 3=Dev Cards(Play/Select), 4=End: ",3
bot,"[1, 2, 3]",int,"1=Collect, 2=Play, 3=End:",1
bot,"[1, 2, 3]",int,"1=Collect, 2=Play, 3=End:",1
bot,"[1, 2, 3]",int,"1=Collect, 2=Play, 3=End:",1
bot,"[1, 2, 3]",int,"1=Collect, 2=Play, 3=End:",2
bot,"[1, 2, 3]",int,"1=Collect, 2=Play, 3=End:",3
bot,"[1, 2, 3, 4]",int,"1=Build, 2=Trade, 3=Dev Cards(Play/Select), 4=End: ",3
bot,"[1, 2, 3]",int,"1=Collect, 2=Play, 3=End:",1
bot,"[1, 2, 3]",int,"1=Collect, 2=Play, 3=End:",1
bot,"[1, 2, 3]",int,"1=Collect, 2=Play, 3=End:",2
bot,"[1, 2, 3]",int,"1=Collect, 2=Play, 3=End:",3
bot,"[1, 2, 3, 4]",int,"1=Build, 2=Trade, 3=Dev Cards(Play/Select), 4=End: ",4
bot,"[1, 2, 3, 4]",int,"1=Build, 2=Trade, 3=Dev Cards(Play/Select), 4=End: ",3
bot,"[1, 2, 3]",int,"1=Collect, 2=Play, 3=End:",3
bot,"[1, 2, 3, 4]",int,"1=Build, 2=Trade, 3=Dev Cards(Play/Select), 4=End: ",4
bot,"[1, 2, 3, 4]",int,"1=Build, 2=Trade, 3=Dev Cards(Play/Select), 4=End: ",1
bot,"[1, 2, 3, 4]",int,"1=Settlement, 2=City, 3=Road, 4=End: ",1
bot,"[1, 2, 3, 4]",int,"1=Settlement, 2=City, 3=Road, 4=End: ",3
bot,"[8, 15, 27, 28, 43, 44, 58, 56, 58, 63]",int,Choose road location - [0-71]: ,27
bot,"[1, 2, 3, 4]",int,"1=Settlement, 2=City, 3=Road, 4=End: ",1
bot,"[1, 2, 3, 4]",int,"1=Settlement, 2=City, 3=Road, 4=End: ",4
bot,"[1, 2, 3, 4]",int,"1=Build, 2=Trade, 3=Dev Cards(Play/Select), 4=End: ",4
bot,"[1, 2, 3, 4]",int,"1=Build, 2=Trade, 3=Dev Cards(Play/Select), 4=End: ",1
bot,"[1, 2, 3, 4]",int,"1=Settlement, 2=City, 3=Road, 4=End: ",3
bot,"[1, 2, 3, 4]",int,"1=Settlement, 2=City, 3=Road, 4=End: ",1
bot,"[1, 2, 3, 4]",int,"1=Settlement, 2=City, 3=Road, 4=End: ",2
bot,"[1, 2, 3, 4]",int,"1=Settlement, 2=City, 3=Road, 4=End: ",3
bot,"[1, 2, 3, 4]",int,"1=Settlement, 2=City, 3=Road, 4=End: ",4
bot,"[1, 2, 3, 4]",int,"1=Build, 2=Trade, 3=Dev Cards(Play/Select), 4=End: ",1
bot,"[1, 2, 3, 4]",int,"1=Settlement, 2=City, 3=Road, 4=End: ",3
bot,"[1, 2, 3, 4]",int,"1=Settlement, 2=City, 3=Road, 4=End: ",3
bot,"[1, 2, 3, 4]",int,"1=Settlement, 2=City, 3=Road, 4=End: ",4
bot,"[1, 2, 3, 4]",int,"1=Build, 2=Trade, 3=Dev Cards(Play/Select), 4=End: ",3
bot,"[1, 2, 3]",int,"1=Collect, 2=Play, 3=End:",3
bot,"[1, 2, 3, 4]",int,"1=Build, 2=Trade, 3=Dev Cards(Play/Select), 4=End: ",1
bot,"[1, 2, 3, 4]",int,"1=Settlement, 2=City, 3=Road, 4=End: ",1
bot,"[1, 2, 3, 4]",int,"1=Settlement, 2=City, 3=Road, 4=End: ",1
bot,"[1, 2, 3, 4]",int,"1=Settlement, 2=City, 3=Road, 4=End: ",3
bot,"[1, 2, 3, 4]",int,"1=Settlement, 2=City, 3=Road, 4=End: ",1
bot,"[1, 2, 3, 4]",int,"1=Settlement, 2=City, 3=Road, 4=End: ",3
bot,"[1, 2, 3, 4]",int,"1=Settlement, 2=City, 3=Road, 4=End: ",2
bot,"[1, 2, 3, 4]",int,"1=Settlement, 2=City, 3=Road, 4=End: ",4
bot,"[1, 2, 3, 4]",int,"1=Build, 2=Trade, 3=Dev Cards(Play/Select), 4=End: ",4
bot,"[1, 2, 3, 4]",int,"1=Build, 2=Trade, 3=Dev Cards(Play/Select), 4=End: ",4
bot,"[1, 2, 3, 4]",int,"1=Build, 2=Trade, 3=Dev Cards(Play/Select), 4=End: ",1
bot,"[1, 2, 3, 4]",int,"1=Settlement, 2=City, 3=Road, 4=End: ",3
bot,"[1, 2, 3, 4]",int,"1=Settlement, 2=City, 3=Road, 4=End: ",2
bot,"[9, 43]",int,Choose city location - [0-53]:,43
bot,"[1, 2, 3, 4]",int,"1=Settlement, 2=City, 3=Road, 4=End: ",1
bot,"[1, 2, 3, 4]",int,"1=Settlement, 2=City, 3=Road, 4=End: ",2
bot,"[1, 2, 3, 4]",int,"1=Settlement, 2=City, 3=Road, 4=End: ",3
bot,"[1, 2, 3, 4]",int,"1=Settlement, 2=City, 3=Road, 4=End: ",3
bot,"[1, 2, 3, 4]",int,"1=Settlement, 2=City, 3=Road, 4=End: ",2
bot,"[1, 2, 3, 4]",int,"1=Settlement, 2=City, 3=Road, 4=End: ",2
bot,"[1, 2, 3, 4]",int,"1=Settlement, 2=City, 3=Road, 4=End: ",1
bot,"[1, 2, 3, 4]",int,"1=Settlement, 2=City, 3=Road, 4=End: ",2
bot,"[1, 2, 3, 4]",int,"1=Settlement, 2=City, 3=Road, 4=End: ",4
bot,"[1, 2, 3, 4]",int,"1=Build, 2=Trade, 3=Dev Cards(Play/Select), 4=End: ",1
bot,"[1, 2, 3, 4]",int,"1=Settlement, 2=City, 3=Road, 4=End: ",4
bot,"[1, 2, 3, 4]",int,"1=Build, 2=Trade, 3=Dev Cards(Play/Select), 4=End: ",1
bot,"[1, 2, 3, 4]",int,"1=Settlement, 2=City, 3=Road, 4=End: ",3
bot,"[1, 2, 3, 4]",int,"1=Settlement, 2=City, 3=Road, 4=End: ",1
bot,"[1, 2, 3, 4]",int,"1=Settlement, 2=City, 3=Road, 4=End: ",4
bot,"[1, 2, 3, 4]",int,"1=Build, 2=Trade, 3=Dev Cards(Play/Select), 4=End: ",2
bot,"[1, 2, 3]",int,"Player Trade (1), Bank/Port Trade (2), Cancel (3): ",3
bot,"[1, 2, 3, 4]",int,"1=Build, 2=Trade, 3=Dev Cards(Play/Select), 4=End: ",1
bot,"[1, 2, 3, 4]",int,"1=Settlement, 2=City, 3=Road, 4=End: ",3
bot,"[1, 2, 3, 4]",int,"1=Settlement, 2=City, 3=Road, 4=End: ",1
bot,"[1, 2, 3, 4]",int,"1=Settlement, 2=City, 3=Road, 4=End: ",3
bot,"[1, 2, 3, 4]",int,"1=Settlement, 2=City, 3=Road, 4=End: ",3
bot,"[1, 2, 3, 4]",int,"1=Settlement, 2=City, 3=Road, 4=End: ",1
bot,"[1, 2, 3, 4]",int,"1=Settlement, 2=City, 3=Road, 4=End: ",4
bot,"[1, 2, 3, 4]",int,"1=Build, 2=Trade, 3=Dev Cards(Play/Select), 4=End: ",2
bot,"[1, 2, 3]",int,"Player Trade (1), Bank/Port Trade (2), Cancel (3): ",1
bot,"['brick', 'wood', 'sheep', 'wheat', 'ore']",resource,Which resource would you like to trade (give away): ,ore
bot,"[1, 2, 3, 4]",int,How many would you like to trade: ,3
bot,"['brick', 'wood', 'sheep', 'wheat', 'ore']",resource,Which resource would you like to trade: ,wood
bot,"[1, 2, 3]",int,How many would you like to trade: ,2
bot,"['Y', 'N']",action,Yellow would you like to trade ore for wood [Y/N]: ,Y
bot,"['Y', 'N']",action,Blue would you like to trade ore for wood [Y/N]: ,N
bot,"[1, 2, 3, 4]",int,"1=Build, 2=Trade, 3=Dev Cards(Play/Select), 4=End: ",1
bot,"[1, 2, 3, 4]",int,"1=Settlement, 2=City, 3=Road, 4=End: ",4
bot,"[1, 2, 3, 4]",int,"1=Build, 2=Trade, 3=Dev Cards(Play/Select), 4=End: ",1
bot,"[1, 2, 3, 4]",int,"1=Settlement, 2=City, 3=Road, 4=End: ",1
bot,"[1, 2, 3, 4]",int,"1=Settlement, 2=City, 3=Road, 4=End: ",1
bot,"[1, 2, 3, 4]",int,"1=Settlement, 2=City, 3=Road, 4=End: ",1
bot,"[1, 2, 3, 4]",int,"1=Settlement, 2=City, 3=Road, 4=End: ",2
bot,[9],int,Choose city location - [0-53]:,9
bot,"[1, 2, 3, 4]",int,"1=Settlement, 2=City, 3=Road, 4=End: ",3
bot,"[1, 2, 3, 4]",int,"1=Settlement, 2=City, 3=Road, 4=End: ",2
bot,"[1, 2, 3, 4]",int,"1=Settlement, 2=City, 3=Road, 4=End: ",2
bot,"[1, 2, 3, 4]",int,"1=Settlement, 2=City, 3=Road, 4=End: ",2
bot,"[1, 2, 3, 4]",int,"1=Settlement, 2=City, 3=Road, 4=End: ",3
bot,"[1, 2, 3, 4]",int,"1=Settlement, 2=City, 3=Road, 4=End: ",4
bot,"[1, 2, 3, 4]",int,"1=Build, 2=Trade, 3=Dev Cards(Play/Select), 4=End: ",1
bot,"[1, 2, 3, 4]",int,"1=Settlement, 2=City, 3=Road, 4=End: ",4
bot,"[1, 2, 3, 4]",int,"1=Build, 2=Trade, 3=Dev Cards(Play/Select), 4=End: ",1
bot,"[1, 2, 3, 4]",int,"1=Settlement, 2=City, 3=Road, 4=End: ",1
bot,"[1, 2, 3, 4]",int,"1=Settlement, 2=City, 3=Road, 4=End: ",2
bot,"[1, 2, 3, 4]",int,"1=Settlement, 2=City, 3=Road, 4=End: ",3
bot,"[1, 2, 3, 4]",int,"1=Settlement, 2=City, 3=Road, 4=End: ",2
bot,"[1, 2, 3, 4]",int,"1=Settlement, 2=City, 3=Road, 4=End: ",3
bot,"[1, 2, 3, 4]",int,"1=Settlement, 2=City, 3=Road, 4=End: ",2
bot,"[1, 2, 3, 4]",int,"1=Settlement, 2=City, 3=Road, 4=End: ",4
bot,"[1, 2, 3, 4]",int,"1=Build, 2=Trade, 3=Dev Cards(Play/Select), 4=End: ",3
bot,"[1, 2, 3]",int,"1=Collect, 2=Play, 3=End:",3
bot,"[1, 2, 3, 4]",int,"1=Build, 2=Trade, 3=Dev Cards(Play/Select), 4=End: ",2
bot,"[1, 2, 3]",int,"Player Trade (1), Bank/Port Trade (2), Cancel (3): ",3
bot,"[1, 2, 3, 4]",int,"1=Build, 2=Trade, 3=Dev Cards(Play/Select), 4=End: ",1
bot,"[1, 2, 3, 4]",int,"1=Settlement, 2=City, 3=Road, 4=End: ",1
bot,"[1, 2, 3, 4]",int,"1=Settlement, 2=City, 3=Road, 4=End: ",4
bot,"[1, 2, 3, 4]",int,"1=Build, 2=Trade, 3=Dev Cards(Play/Select), 4=End: ",1
bot,"[1, 2, 3, 4]",int,"1=Settlement, 2=City, 3=Road, 4=End: ",3
bot,"[1, 2, 3, 4]",int,"1=Settlement, 2=City, 3=Road, 4=End: ",3
bot,"[1, 2, 3, 4]",int,"1=Settlement, 2=City, 3=Road, 4=End: ",2
bot,"[1, 2, 3, 4]",int,"1=Settlement, 2=City, 3=Road, 4=End: ",4
bot,"[1, 2, 3, 4]",int,"1=Build, 2=Trade, 3=Dev Cards(Play/Select), 4=End: ",1
bot,"[1, 2, 3, 4]",int,"1=Settlement, 2=City, 3=Road, 4=End: ",4
bot,"[1, 2, 3, 4]",int,"1=Build, 2=Trade, 3=Dev Cards(Play/Select), 4=End: ",3
bot,"[1, 2, 3]",int,"1=Collect, 2=Play, 3=End:",3
bot,"[1, 2, 3, 4]",int,"1=Build, 2=Trade, 3=Dev Cards(Play/Select), 4=End: ",2
bot,"[1, 2, 3]",int,"Player Trade (1), Bank/Port Trade (2), Cancel (3): ",2
bot,"['brick', 'wood', 'sheep', 'wheat', 'ore']",resource,Which resource would you like to trade (give away): ,wood
bot,"['brick', 'wood', 'sheep', 'wheat', 'ore']",resource,Which resource would you like to receive: ,sheep
bot,"[1, 2, 3]",int,"Player Trade (1), Bank/Port Trade (2), Cancel (3): ",2
bot,"['brick', 'wood', 'sheep', 'wheat', 'ore']",resource,Which resource would you like to trade (give away): ,ore
bot,"['brick', 'wood', 'sheep', 'wheat', 'ore']",resource,Which resource would you like to receive: ,sheep
bot,"[1, 2, 3]",int,"Player Trade (1), Bank/Port Trade (2), Cancel (3): ",1
bot,"['brick', 'wood', 'sheep', 'wheat', 'ore']",resource,Which resource would you like to trade (give away): ,brick
bot,"[1, 2, 3, 4]",int,How many would you like to trade: ,1
bot,"['brick', 'wood', 'sheep', 'wheat', 'ore']",resource,Which resource would you like to trade: ,ore
bot,"[1, 2, 3]",int,How many would you like to trade: ,2
bot,"['Y', 'N']",action,Green would you like to trade brick for ore [Y/N]: ,Y
bot,"[1, 2, 3, 4]",int,"1=Build, 2=Trade, 3=Dev Cards(Play/Select), 4=End: ",4
bot,"range(0, 18)",int,Choosen a Tile [0-18] to move the Robber to: ,6
bot,"['wood', 'ore', 'brick']",resource,"Which resource would you like to discard: brick, wood, sheep, wheat, ore: ",wood
bot,"['wood', 'ore', 'brick']",resource,"Which resource would you like to discard: brick, wood, sheep, wheat, ore: ",wood
bot,"['wood', 'ore', 'brick']",resource,"Which resource would you like to discard: brick, wood, sheep, wheat, ore: ",wood
bot,"['wood', 'ore', 'brick']",resource,"Which resource would you like to discard: brick, wood, sheep, wheat, ore: ",brick
bot,"['sheep', 'wheat', 'ore']",resource,"Which resource would you like to discard: brick, wood, sheep, wheat, ore: ",ore
bot,"['sheep', 'wheat']",resource,"Which resource would you like to discard: brick, wood, sheep, wheat, ore: ",sheep
bot,"['sheep', 'wheat']",resource,"Which resource would you like to discard: brick, wood, sheep, wheat, ore: ",sheep
bot,"['sheep', 'wheat']",resource,"Which resource would you like to discard: brick, wood, sheep, wheat, ore: ",wheat
bot,"['sheep', 'wheat']",resource,"Which resource would you like to discard: brick, wood, sheep, wheat, ore: ",wheat
bot,"[1, 2, 3, 4]",int,"1=Build, 2=Trade, 3=Dev Cards(Play/Select), 4=End: ",4
bot,"range(0, 18)",int,Choosen a Tile [0-18] to move the Robber to: ,11
bot,"[1, 2, 3, 4]",int,"1=Build, 2=Trade, 3=Dev Cards(Play/Select), 4=End: ",1
bot,"[1, 2, 3, 4]",int,"1=Settlement, 2=City, 3=Road, 4=End: ",3
bot,"[1, 2, 3, 4]",int,"1=Settlement, 2=City, 3=Road, 4=End: ",2
bot,"[1, 2, 3, 4]",int,"1=Settlement, 2=City, 3=Road, 4=End: ",1
bot,"[1, 2, 3, 4]",int,"1=Settlement, 2=City, 3=Road, 4=End: ",2
bot,"[1, 2, 3, 4]",int,"1=Settlement, 2=City, 3=Road, 4=End: ",3
bot,"[1, 2, 3, 4]",int,"1=Settlement, 2=City, 3=Road, 4=End: ",3
bot,"[1, 2, 3, 4]",int,"1=Settlement, 2=City, 3=Road, 4=End: ",2
bot,"[1, 2, 3, 4]",int,"1=Settlement, 2=City, 3=Road, 4=End: ",3
bot,"[1, 2, 3, 4]",int,"1=Settlement, 2=City, 3=Road, 4=End: ",1
bot,"[1, 2, 3, 4]",int,"1=Settlement, 2=City, 3=Road, 4=End: ",3
bot,"[1, 2, 3, 4]",int,"1=Settlement, 2=City, 3=Road, 4=End: ",1
bot,"[1, 2, 3, 4]",int,"1=Settlement, 2=City, 3=Road, 4=End: ",1
bot,"[1, 2, 3, 4]",int,"1=Settlement, 2=City, 3=Road, 4=End: ",2
bot,"[1, 2, 3, 4]",int,"1=Settlement, 2=City, 3=Road, 4=End: ",1
bot,"[1, 2, 3, 4]",int,"1=Settlement, 2=City, 3=Road, 4=End: ",4
bot,"[1, 2, 3, 4]",int,"1=Build, 2=Trade, 3=Dev Cards(Play/Select), 4=End: ",4
bot,"[1, 2, 3, 4]",int,"1=Build, 2=Trade, 3=Dev Cards(Play/Select), 4=End: ",2
bot,"[1, 2, 3]",int,"Player Trade (1), Bank/Port Trade (2), Cancel (3): ",1
bot,"['brick', 'wood', 'sheep', 'wheat', 'ore']",resource,Which resource would you like to trade (give away): ,wheat
bot,"[1, 2, 3, 4]",int,How many would you like to trade: ,1
bot,"['brick', 'wood', 'sheep', 'wheat', 'ore']",resource,Which resource would you like to trade: ,sheep
bot,"[1, 2, 3]",int,How many would you like to trade: ,3
bot,"[1, 2, 3, 4]",int,"1=Build, 2=Trade, 3=Dev Cards(Play/Select), 4=End: ",3
bot,"[1, 2, 3]",int,"1=Collect, 2=Play, 3=End:",1
bot,"[1, 2, 3]",int,"1=Collect, 2=Play, 3=End:",1
bot,"[1, 2, 3]",int,"1=Collect, 2=Play, 3=End:",2
bot,"[1, 2, 3]",int,"1=Collect, 2=Play, 3=End:",3
bot,"[1, 2, 3, 4]",int,"1=Build, 2=Trade, 3=Dev Cards(Play/Select), 4=End: ",1
bot,"[1, 2, 3, 4]",int,"1=Settlement, 2=City, 3=Road, 4=End: ",1
bot,"[1, 2, 3, 4]",int,"1=Settlement, 2=City, 3=Road, 4=End: ",4
bot,"[1, 2, 3, 4]",int,"1=Build, 2=Trade, 3=Dev Cards(Play/Select), 4=End: ",3
bot,"[1, 2, 3]",int,"1=Collect, 2=Play, 3=End:",2
bot,"[1, 2, 3]",int,"1=Collect, 2=Play, 3=End:",1
bot,"[1, 2, 3]",int,"1=Collect, 2=Play, 3=End:",3
bot,"[1, 2, 3, 4]",int,"1=Build, 2=Trade, 3=Dev Cards(Play/Select), 4=End: ",1
bot,"[1, 2, 3, 4]",int,"1=Settlement, 2=City, 3=Road, 4=End: ",3
bot,"[1, 2, 3, 4]",int,"1=Settlement, 2=City, 3=Road, 4=End: ",3
bot,"[1, 2, 3, 4]",int,"1=Settlement, 2=City, 3=Road, 4=End: ",2
bot,"[1, 2, 3, 4]",int,"1=Settlement, 2=City, 3=Road, 4=End: ",4
bot,"[1, 2, 3, 4]",int,"1=Build, 2=Trade, 3=Dev Cards(Play/Select), 4=End: ",2
bot,"[1, 2, 3]",int,"Player Trade (1), Bank/Port Trade (2), Cancel (3): ",2
bot,"['brick', 'wood', 'sheep', 'wheat', 'ore']",resource,Which resource would you like to trade (give away): ,wood
bot,"['brick', 'wood', 'sheep', 'wheat', 'ore']",resource,Which resource would you like to receive: ,wood
bot,"[1, 2, 3]",int,"Player Trade (1), Bank/Port Trade (2), Cancel (3): ",3
bot,"[1, 2, 3, 4]",int,"1=Build, 2=Trade, 3=Dev Cards(Play/Select), 4=End: ",4
bot,"range(0, 18)",int,Choosen a Tile [0-18] to move the Robber to: ,5
bot,"['Blue', 'Yellow']",player,"Choose a player to steal from {'Blue', 'Yellow'}: ",Yellow
bot,"[1, 2, 3, 4]",int,"1=Build, 2=Trade, 3=Dev Cards(Play/Select), 4=End: ",3
bot,"[1, 2, 3]",int,"1=Collect, 2=Play, 3=End:",2
bot,"[1, 2, 3]",int,"1=Collect, 2=Play, 3=End:",3
bot,"[1, 2, 3, 4]",int,"1=Build, 2=Trade, 3=Dev Cards(Play/Select), 4=End: ",3
bot,"[1, 2, 3]",int,"1=Collect, 2=Play, 3=End:",3
bot,"[1, 2, 3, 4]",int,"1=Build, 2=Trade, 3=Dev Cards(Play/Select), 4=End: ",1
bot,"[1, 2, 3, 4]",int,"1=Settlement, 2=City, 3=Road, 4=End: ",3
bot,"[1, 2, 6, 10, 19, 19, 52, 58, 60, 64]",int,Choose road location - [0-71]: ,19
bot,"[1, 2, 3, 4]",int,"1=Settlement, 2=City, 3=Road, 4=End: ",1
bot,"[1, 2, 3, 4]",int,"1=Settlement, 2=City, 3=Road, 4=End: ",4
bot,"[1, 2, 3, 4]",int,"1=Build, 2=Trade, 3=Dev Cards(Play/Select), 4=End: ",4
bot,"[1, 2, 3, 4]",int,"1=Build, 2=Trade, 3=Dev Cards(Play/Select), 4=End: ",2
bot,"[1, 2, 3]",int,"Player Trade (1), Bank/Port Trade (2), Cancel (3): ",1
bot,"['brick', 'wood', 'sheep', 'wheat', 'ore']",resource,Which resource would you like to trade (give away): ,sheep
bot,"[1, 2, 3, 4]",int,How many would you like to trade: ,1
bot,"['brick', 'wood', 'sheep', 'wheat', 'ore']",resource,Which resource would you like to trade: ,brick
bot,"[1, 2, 3]",int,How many would you like to trade: ,1
bot,"['Y', 'N']",action,Green would you like to trade sheep for brick [Y/N]: ,N
bot,"[1, 2, 3, 4]",int,"1=Build, 2=Trade, 3=Dev Cards(Play/Select), 4=End: ",1
bot,"[1, 2, 3, 4]",int,"1=Settlement, 2=City, 3=Road, 4=End: ",2
bot,"[1, 2, 3, 4]",int,"1=Settlement, 2=City, 3=Road, 4=End: ",3
bot,"[1, 2, 3, 4]",int,"1=Settlement, 2=City, 3=Road, 4=End: ",2
bot,"[1, 2, 3, 4]",int,"1=Settlement, 2=City, 3=Road, 4=End: ",4
bot,"[1, 2, 3, 4]",int,"1=Build, 2=Trade, 3=Dev Cards(Play/Select), 4=End: ",3
bot,"[1, 2, 3]",int,"1=Collect, 2=Play, 3=End:",1
bot,"[1, 2, 3]",int,"1=Collect, 2=Play, 3=End:",3
bot,"[1, 2, 3, 4]",int,"1=Build, 2=Trade, 3=Dev Cards(Play/Select), 4=End: ",2
bot,"[1, 2, 3]",int,"Player Trade (1), Bank/Port Trade (2), Cancel (3): ",2
bot,"['brick', 'wood', 'sheep', 'wheat', 'ore']",resource,Which resource would you like to trade (give away): ,wheat
bot,"['brick', 'wood', 'sheep', 'wheat', 'ore']",resource,Which resource would you like to receive: ,brick
bot,"[1, 2, 3]",int,"Player Trade (1), Bank/Port Trade (2), Cancel (3): ",3
bot,"[1, 2, 3, 4]",int,"1=Build, 2=Trade, 3=Dev Cards(Play/Select), 4=End: ",1
bot,"[1, 2, 3, 4]",int,"1=Settlement, 2=City, 3=Road, 4=End: ",3
bot,"[1, 2, 3, 4]",int,"1=Settlement, 2=City, 3=Road, 4=End: ",4
bot,"[1, 2, 3, 4]",int,"1=Build, 2=Trade, 3=Dev Cards(Play/Select), 4=End: ",1
bot,"[1, 2, 3, 4]",int,"1=Settlement, 2=City, 3=Road, 4=End: ",2
bot,"[1, 2, 3, 4]",int,"1=Settlement, 2=City, 3=Road, 4=End: ",1
bot,"[1, 2, 3, 4]",int,"1=Settlement, 2=City, 3=Road, 4=End: ",3
bot,"[1, 2, 3, 4]",int,"1=Settlement, 2=City, 3=Road, 4=End: ",1
bot,"[1, 2, 3, 4]",int,"1=Settlement, 2=City, 3=Road, 4=End: ",3
bot,"[1, 2, 3, 4]",int,"1=Settlement, 2=City, 3=Road, 4=End: ",1
bot,"[1, 2, 3, 4]",int,"1=Settlement, 2=City, 3=Road, 4=End: ",2
bot,"[1, 2, 3, 4]",int,"1=Settlement, 2=City, 3=Road, 4=End: ",4
bot,"[1, 2, 3, 4]",int,"1=Build, 2=Trade, 3=Dev Cards(Play/Select), 4=End: ",2
bot,"[1, 2, 3]",int,"Player Trade (1), Bank/Port Trade (2), Cancel (3): ",2
bot,"['brick', 'wood', 'sheep', 'wheat', 'ore']",resource,Which resource would you like to trade (give away): ,sheep
bot,"['brick', 'wood', 'sheep', 'wheat', 'ore']",resource,Which resource would you like to receive: ,wood
bot,"[1, 2, 3]",int,"Player Trade (1), Bank/Port Trade (2), Cancel (3): ",2
bot,"['brick', 'wood', 'sheep', 'wheat', 'ore']",resource,Which resource would you like to trade (give away): ,ore
bot,"['brick', 'wood', 'sheep', 'wheat', 'ore']",resource,Which resource would you like to receive: ,wheat
bot,"[1, 2, 3, 4]",int,"1=Build, 2=Trade, 3=Dev Cards(Play/Select), 4=End: ",1
bot,"[1, 2, 3, 4]",int,"1=Settlement, 2=City, 3=Road, 4=End: ",4
bot,"[1, 2, 3, 4]",int,"1=Build, 2=Trade, 3=Dev Cards(Play/Select), 4=End: ",2
bot,"[1, 2, 3]",int,"Player Trade (1), Bank/Port Trade (2), Cancel (3): ",2
bot,"['brick', 'wood', 'sheep', 'wheat', 'ore']",resource,Which resource would you like to trade (give away): ,brick
bot,"['brick', 'wood', 'sheep', 'wheat', 'ore']",resource,Which resource would you like to receive: ,brick
bot,"[1, 2, 3]",int,"Player Trade (1), Bank/Port Trade (2), Cancel (3): ",2
bot,"['brick', 'wood', 'sheep', 'wheat', 'ore']",resource,Which resource would you like to trade (give away): ,wheat
bot,"['brick', 'wood', 'sheep', 'wheat', 'ore']",resource,Which resource would you like to receive: ,ore
bot,"[1, 2, 3]",int,"Player Trade (1), Bank/Port Trade (2), Cancel (3): ",1
bot,"['brick', 'wood', 'sheep', 'wheat', 'ore']",resource,Which resource would you like to trade (give away): ,wheat
bot,"[1, 2, 3, 4]",int,How many would you like to trade: ,4
bot,"['brick', 'wood', 'sheep', 'wheat', 'ore']",resource,Which resource would you like to trade: ,ore
bot,"[1, 2, 3]",int,How many would you like to trade: ,3
bot,"['Y', 'N']",action,Green would you like to trade wheat for ore [Y/N]: ,N
bot,"[1, 2, 3, 4]",int,"1=Build, 2=Trade, 3=Dev Cards(Play/Select), 4=End: ",3
bot,"[1, 2, 3]",int,"1=Collect, 2=Play, 3=End:",3
bot,"[1, 2, 3, 4]",int,"1=Build, 2=Trade, 3=Dev Cards(Play/Select), 4=End: ",3
bot,"[1, 2, 3]",int,"1=Collect, 2=Play, 3=End:",3
bot,"[1, 2, 3, 4]",int,"1=Build, 2=Trade, 3=Dev Cards(Play/Select), 4=End: ",4
bot,"[1, 2, 3, 4]",int,"1=Build, 2=Trade, 3=Dev Cards(Play/Select), 4=End: ",2
bot,"[1, 2, 3]",int,"Player Trade (1), Bank/Port Trade (2), Cancel (3): ",1
bot,"['brick', 'wood', 'sheep', 'wheat', 'ore']",resource,Which resource would you like to trade (give away): ,wheat
bot,"[1, 2, 3, 4]",int,How many would you like to trade: ,3
bot,"['brick', 'wood', 'sheep', 'wheat', 'ore']",resource,Which resource would you like to trade: ,brick
bot,"[1, 2, 3]",int,How many would you like to trade: ,3
bot,"['Y', 'N']",action,Red would you like to trade wheat for brick [Y/N]: ,Y
bot,"['Y', 'N']",action,Green would you like to trade wheat for brick [Y/N]: ,Y
bot,"[1, 2, 3, 4]",int,"1=Build, 2=Trade, 3=Dev Cards(Play/Select), 4=End: ",4
bot,"[1, 2, 3, 4]",int,"1=Build, 2=Trade, 3=Dev Cards(Play/Select), 4=End: ",2
bot,"[1, 2, 3]",int,"Player Trade (1), Bank/Port Trade (2), Cancel (3): ",1
bot,"['brick', 'wood', 'sheep', 'wheat', 'ore']",resource,Which resource would you like to trade (give away): ,sheep
bot,"[1, 2, 3, 4]",int,How many would you like to trade: ,3
bot,"['brick', 'wood', 'sheep', 'wheat', 'ore']",resource,Which resource would you like to trade: ,sheep
bot,"[1, 2, 3]",int,How many would you like to trade: ,2
bot,"[1, 2, 3, 4]",int,"1=Build, 2=Trade, 3=Dev Cards(Play/Select), 4=End: ",4
bot,"range(0, 18)",int,Choosen a Tile [0-18] to move the Robber to: ,5
bot,"range(0, 18)",int,Choosen a Tile [0-18] to move the Robber to: ,15
bot,['Green'],player,Choose a player to steal from {'Green'}: ,Green
bot,"['wood', 'wheat', 'ore', 'brick']",resource,"Which resource would you like to discard: brick, wood, sheep, wheat, ore: ",wheat
bot,"['wood', 'wheat', 'ore', 'brick']",resource,"Which resource would you like to discard: brick, wood, sheep, wheat, ore: ",wheat
bot,"['wood', 'wheat', 'ore', 'brick']",resource,"Which resource would you like to discard: brick, wood, sheep, wheat, ore: ",ore
bot,"['wood', 'wheat', 'ore', 'brick']",resource,"Which resource would you like to discard: brick, wood, sheep, wheat, ore: ",ore
bot,"['wood', 'wheat', 'ore', 'brick']",resource,"Which resource would you like to discard: brick, wood, sheep, wheat, ore: ",wheat
bot,"['wood', 'ore', 'brick']",resource,"Which resource would you like to discard: brick, wood, sheep, wheat, ore: ",wood
bot,"['sheep', 'wheat', 'brick']",resource,"Which resource would you like to discard: brick, wood, sheep, wheat, ore: ",wheat
bot,"['sheep', 'wheat', 'brick']",resource,"Which resource would you like to discard: brick, wood, sheep, wheat, ore: ",sheep
bot,"['sheep', 'wheat', 'brick']",resource,"Which resource would you like to discard: brick, wood, sheep, wheat, ore: ",wheat
bot,"['sheep', 'brick']",resource,"Which resource would you like to discard: brick, wood, sheep, wheat, ore: ",sheep
bot,"[1, 2, 3, 4]",int,"1=Build, 2=Trade, 3=Dev Cards(Play/Select), 4=End: ",3
bot,"[1, 2, 3]",int,"1=Collect, 2=Play, 3=End:",3
bot,"[1, 2, 3, 4]",int,"1=Build, 2=Trade, 3=Dev Cards(Play/Select), 4=End: ",2
bot,"[1, 2, 3]",int,"Player Trade (1), Bank/Port Trade (2), Cancel (3): ",3
bot,"[1, 2, 3, 4]",int,"1=Build, 2=Trade, 3=Dev Cards(Play/Select), 4=End: ",2
bot,"[1, 2, 3]",int,"Player Trade (1), Bank/Port Trade (2), Cancel (3): ",1
bot,"['brick', 'wood', 'sheep', 'wheat', 'ore']",resource,Which resource would you like to trade (give away): ,wood
bot,"[1, 2, 3, 4]",int,How many would you like to trade: ,4
bot,"['brick', 'wood', 'sheep', 'wheat', 'ore']",resource,Which resource would you like to trade: ,wood
bot,"[1, 2, 3]",int,How many would you like to trade: ,2
bot,"[1, 2, 3, 4]",int,"1=Build, 2=Trade, 3=Dev Cards(Play/Select), 4=End: ",2
bot,"[1, 2, 3]",int,"Player Trade (1), Bank/Port Trade (2), Cancel (3): ",3
bot,"[1, 2, 3, 4]",int,"1=Build, 2=Trade, 3=Dev Cards(Play/Select), 4=End: ",3
bot,"[1, 2, 3]",int,"1=Collect, 2=Play, 3=End:",3
bot,"[1, 2, 3, 4]",int,"1=Build, 2=Trade, 3=Dev Cards(Play/Select), 4=End: ",3
bot,"[1, 2, 3]",int,"1=Collect, 2=Play, 3=End:",1
bot,"[1, 2, 3]",int,"1=Collect, 2=Play, 3=End:",2
bot,"[1, 2, 3]",int,"1=Collect, 2=Play, 3=End:",2
bot,"[1, 2, 3]",int,"1=Collect, 2=Play, 3=End:",2
bot,"[1, 2, 3]",int,"1=Collect, 2=Play, 3=End:",2
bot,"[1, 2, 3]",int,"1=Collect, 2=Play, 3=End:",2
bot,"[1, 2, 3]",int,"1=Collect, 2=Play, 3=End:",2
bot,"[1, 2, 3]",int,"1=Collect, 2=Play, 3=End:",1
bot,"[1, 2, 3]",int,"1=Collect, 2=Play, 3=End:",3
bot,"[1, 2, 3, 4]",int,"1=Build, 2=Trade, 3=Dev Cards(Play/Select), 4=End: ",3
bot,"[1, 2, 3]",int,"1=Collect, 2=Play, 3=End:",3
bot,"[1, 2, 3, 4]",int,"1=Build, 2=Trade, 3=Dev Cards(Play/Select), 4=End: ",2
bot,"[1, 2, 3]",int,"Player Trade (1), Bank/Port Trade (2), Cancel (3): ",3
bot,"[1, 2, 3, 4]",int,"1=Build, 2=Trade, 3=Dev Cards(Play/Select), 4=End: ",1
bot,"[1, 2, 3, 4]",int,"1=Settlement, 2=City, 3=Road, 4=End: ",2
bot,"[1, 2, 3, 4]",int,"1=Settlement, 2=City, 3=Road, 4=End: ",4
bot,"[1, 2, 3, 4]",int,"1=Build, 2=Trade, 3=Dev Cards(Play/Select), 4=End: ",3
bot,"[1, 2, 3]",int,"1=Collect, 2=Play, 3=End:",3
bot,"[1, 2, 3, 4]",int,"1=Build, 2=Trade, 3=Dev Cards(Play/Select), 4=End: ",2
bot,"[1, 2, 3]",int,"Player Trade (1), Bank/Port Trade (2), Cancel (3): ",1
bot,"['brick', 'wood', 'sheep', 'wheat', 'ore']",resource,Which resource would you like to trade (give away): ,wood
bot,"[1, 2, 3, 4]",int,How many would you like to trade: ,1
bot,"['brick', 'wood', 'sheep', 'wheat', 'ore']",resource,Which resource would you like to trade: ,sheep
bot,"[1, 2, 3]",int,How many would you like to trade: ,1
bot,"[1, 2, 3, 4]",int,"1=Build, 2=Trade, 3=Dev Cards(Play/Select), 4=End: ",2
bot,"[1, 2, 3]",int,"Player Trade (1), Bank/Port Trade (2), Cancel (3): ",3
bot,"[1, 2, 3, 4]",int,"1=Build, 2=Trade, 3=Dev Cards(Play/Select), 4=End: ",1
bot,"[1, 2, 3, 4]",int,"1=Settlement, 2=City, 3=Road, 4=End: ",4
bot,"[1, 2, 3, 4]",int,"1=Build, 2=Trade, 3=Dev Cards(Play/Select), 4=End: ",1
bot,"[1, 2, 3, 4]",int,"1=Settlement, 2=City, 3=Road, 4=End: ",4
bot,"[1, 2, 3, 4]",int,"1=Build, 2=Trade, 3=Dev Cards(Play/Select), 4=End: ",1
bot,"[1, 2, 3, 4]",int,"1=Settlement, 2=City, 3=Road, 4=End: ",4
bot,"[1, 2, 3, 4]",int,"1=Build, 2=Trade, 3=Dev Cards(Play/Select), 4=End: ",1
bot,"[1, 2, 3, 4]",int,"1=Settlement, 2=City, 3=Road, 4=End: ",1
bot,"[1, 2, 3, 4]",int,"1=Settlement, 2=City, 3=Road, 4=End: ",4
bot,"[1, 2, 3, 4]",int,"1=Build, 2=Trade, 3=Dev Cards(Play/Select), 4=End: ",1
bot,"[1, 2, 3, 4]",int,"1=Settlement, 2=City, 3=Road, 4=End: ",4
bot,"[1, 2, 3, 4]",int,"1=Build, 2=Trade, 3=Dev Cards(Play/Select), 4=End: ",2
bot,"[1, 2, 3]",int,"Player Trade (1), Bank/Port Trade (2), Cancel (3): ",2
bot,"['brick', 'wood', 'sheep', 'wheat', 'ore']",resource,Which resource would you like to trade (give away): ,brick
bot,"['brick', 'wood', 'sheep', 'wheat', 'ore']",resource,Which resource would you like to receive: ,brick
bot,"[1, 2, 3, 4]",int,"1=Build, 2=Trade, 3=Dev Cards(Play/Select), 4=End: ",2
bot,"[1, 2, 3]",int,"Player Trade (1), Bank/Port Trade (2), Cancel (3): ",1
bot,"['brick', 'wood', 'sheep', 'wheat', 'ore']",resource,Which resource would you like to trade (give away): ,brick
bot,"[1, 2, 3, 4]",int,How many would you like to trade: ,3
bot,"['brick', 'wood', 'sheep', 'wheat', 'ore']",resource,Which resource would you like to trade: ,wood
bot,"[1, 2, 3]",int,How many would you like to trade: ,2
bot,"['Y', 'N']",action,Green would you like to trade brick for wood [Y/N]: ,Y
bot,"[1, 2, 3, 4]",int,"1=Build, 2=Trade, 3=Dev Cards(Play/Select), 4=End: ",2
bot,"[1, 2, 3]",int,"Player Trade (1), Bank/Port Trade (2), Cancel (3): ",3
bot,"[1, 2, 3, 4]",int,"1=Build, 2=Trade, 3=Dev Cards(Play/Select), 4=End: ",4
bot,"[1, 2, 3, 4]",int,"1=Build, 2=Trade, 3=Dev Cards(Play/Select), 4=End: ",1
bot,"[1, 2, 3, 4]",int,"1=Settlement, 2=City, 3=Road, 4=End: ",4
bot,"[1, 2, 3, 4]",int,"1=Build, 2=Trade, 3=Dev Cards(Play/Select), 4=End: ",1
bot,"[1, 2, 3, 4]",int,"1=Settlement, 2=City, 3=Road, 4=End: ",2
bot,"[1, 2, 3, 4]",int,"1=Settlement, 2=City, 3=Road, 4=End: ",4
bot,"[1, 2, 3, 4]",int,"1=Build, 2=Trade, 3=Dev Cards(Play/Select), 4=End: ",2
bot,"[1, 2, 3]",int,"Player Trade (1), Bank/Port Trade (2), Cancel (3): ",3
bot,"[1, 2, 3, 4]",int,"1=Build, 2=Trade, 3=Dev Cards(Play/Select), 4=End: ",1
bot,"[1, 2, 3, 4]",int,"1=Settlement, 2=City, 3=Road, 4=End: ",3
bot,"[1, 2, 3, 4]",int,"1=Settlement, 2=City, 3=Road, 4=End: ",2
bot,"[1, 2, 3, 4]",int,"1=Settlement, 2=City, 3=Road, 4=End: ",2
bot,"[1, 2, 3, 4]",int,"1=Settlement, 2=City, 3=Road, 4=End: ",3
bot,"[1, 2, 3, 4]",int,"1=Settlement, 2=City, 3=Road, 4=End: ",4
bot,"[1, 2, 3, 4]",int,"1=Build, 2=Trade, 3=Dev Cards(Play/Select), 4=End: ",2
bot,"[1, 2, 3]",int,"Player Trade (1), Bank/Port Trade (2), Cancel (3): ",1
bot,"['brick', 'wood', 'sheep', 'wheat', 'ore']",resource,Which resource would you like to trade (give away): ,wheat
bot,"[1, 2, 3, 4]",int,How many would you like to trade: ,3
bot,"['brick', 'wood', 'sheep', 'wheat', 'ore']",resource,Which resource would you like to trade: ,wheat
bot,"[1, 2, 3]",int,How many would you like to trade: ,2
bot,"['Y', 'N']",action,Blue would you like to trade wheat for wheat [Y/N]: ,Y
bot,"[1, 2, 3, 4]",int,"1=Build, 2=Trade, 3=Dev Cards(Play/Select), 4=End: ",4
bot,"[1, 2, 3, 4]",int,"1=Build, 2=Trade, 3=Dev Cards(Play/Select), 4=End: ",2
bot,"[1, 2, 3]",int,"Player Trade (1), Bank/Port Trade (2), Cancel (3): ",1
bot,"['brick', 'wood', 'sheep', 'wheat', 'ore']",resource,Which resource would you like to trade (give away): ,brick
bot,"[1, 2, 3, 4]",int,How many would you like to trade: ,1
bot,"['brick', 'wood', 'sheep', 'wheat', 'ore']",resource,Which resource would you like to trade: ,sheep
bot,"[1, 2, 3]",int,How many would you like to trade: ,2
bot,"['Y', 'N']",action,Red would you like to trade brick for sheep [Y/N]: ,Y
bot,"[1, 2, 3, 4]",int,"1=Build, 2=Trade, 3=Dev Cards(Play/Select), 4=End: ",2
bot,"[1, 2, 3]",int,"Player Trade (1), Bank/Port Trade (2), Cancel (3): ",1
bot,"['brick', 'wood', 'sheep', 'wheat', 'ore']",resource,Which resource would you like to trade (give away): ,ore
bot,"[1, 2, 3, 4]",int,How many would you like to trade: ,2
bot,"['brick', 'wood', 'sheep', 'wheat', 'ore']",resource,Which resource would you like to trade: ,sheep
bot,"[1, 2, 3]",int,How many would you like to trade: ,1
bot,"['Y', 'N']",action,Red would you like to trade ore for sheep [Y/N]: ,Y
bot,"['Y', 'N']",action,Yellow would you like to trade ore for sheep [Y/N]: ,Y
bot,"[1, 2, 3, 4]",int,"1=Build, 2=Trade, 3=Dev Cards(Play/Select), 4=End: ",4
bot,"[1, 2, 3, 4]",int,"1=Build, 2=Trade, 3=Dev Cards(Play/Select), 4=End: ",3
bot,"[1, 2, 3]",int,"1=Collect, 2=Play, 3=End:",2
bot,"[1, 2, 3]",int,"1=Collect, 2=Play, 3=End:",1
bot,"[1, 2, 3]",int,"1=Collect, 2=Play, 3=End:",2
bot,"[1, 2, 3]",int,"1=Collect, 2=Play, 3=End:",2
bot,"[1, 2, 3]",int,"1=Collect, 2=Play, 3=End:",1
bot,"[1, 2, 3]",int,"1=Collect, 2=Play, 3=End:",1
bot,"[1, 2, 3]",int,"1=Collect, 2=Play, 3=End:",2
bot,"[1, 2, 3]",int,"1=Collect, 2=Play, 3=End:",3
bot,"[1, 2, 3, 4]",int,"1=Build, 2=Trade, 3=Dev Cards(Play/Select), 4=End: ",2
bot,"[1, 2, 3]",int,"Player Trade (1), Bank/Port Trade (2), Cancel (3): ",2
bot,"['brick', 'wood', 'sheep', 'wheat', 'ore']",resource,Which resource would you like to trade (give away): ,wheat
bot,"['brick', 'wood', 'sheep', 'wheat', 'ore']",resource,Which resource would you like to receive: ,wood
bot,"[1, 2, 3]",int,"Player Trade (1), Bank/Port Trade (2), Cancel (3): ",2
bot,"['brick', 'wood', 'sheep', 'wheat', 'ore']",resource,Which resource would you like to trade (give away): ,brick
bot,"['brick', 'wood', 'sheep', 'wheat', 'ore']",resource,Which resource would you like to receive: ,wood
bot,"[1, 2, 3]",int,"Player Trade (1), Bank/Port Trade (2), Cancel (3): ",3
bot,"[1, 2, 3, 4]",int,"1=Build, 2=Trade, 3=Dev Cards(Play/Select), 4=End: ",4
bot,"[1, 2, 3, 4]",int,"1=Build, 2=Trade, 3=Dev Cards(Play/Select), 4=End: ",3
bot,"[1, 2, 3]",int,"1=Collect, 2=Play, 3=End:",2
bot,"[1, 2, 3]",int,"1=Collect, 2=Play, 3=End:",2
bot,"[1, 2, 3]",int,"1=Collect, 2=Play, 3=End:",1
bot,"[1, 2, 3]",int,"1=Collect, 2=Play, 3=End:",2
bot,"[1, 2, 3]",int,"1=Collect, 2=Play, 3=End:",1
bot,"[1, 2, 3]",int,"1=Collect, 2=Play, 3=End:",1
bot,"[1, 2, 3]",int,"1=Collect, 2=Play, 3=End:",2
bot,"[1, 2, 3]",int,"1=Collect, 2=Play, 3=End:",3
bot,"[1, 2, 3, 4]",int,"1=Build, 2=Trade, 3=Dev Cards(Play/Select), 4=End: ",2
bot,"[1, 2, 3]",int,"Player Trade (1), Bank/Port Trade (2), Cancel (3): ",3
bot,"[1, 2, 3, 4]",int,"1=Build, 2=Trade, 3=Dev Cards(Play/Select), 4=End: ",4
bot,"[1, 2, 3, 4]",int,"1=Build, 2=Trade, 3=Dev Cards(Play/Select), 4=End: ",1
bot,"[1, 2, 3, 4]",int,"1=Settlement, 2=City, 3=Road, 4=End: ",2
bot,"[1, 2, 3, 4]",int,"1=Settlement, 2=City, 3=Road, 4=End: ",1
bot,"[1, 2, 3, 4]",int,"1=Settlement, 2=City, 3=Road, 4=End: ",3
bot,"[8, 15, 28, 26, 28, 35, 43, 44, 58, 56, 58, 63]",int,Choose road location - [0-71]: ,28
bot,"[1, 2, 3, 4]",int,"1=Settlement, 2=City, 3=Road, 4=End: ",4
bot,"[1, 2, 3, 4]",int,"1=Build, 2=Trade, 3=Dev Cards(Play/Select), 4=End: ",1
bot,"[1, 2, 3, 4]",int,"1=Settlement, 2=City, 3=Road, 4=End: ",3
bot,"[8, 15, 26, 35, 36, 43, 44, 58, 56, 58, 63]",int,Choose road location - [0-71]: ,58
bot,"[1, 2, 3, 4]",int,"1=Settlement, 2=City, 3=Road, 4=End: ",3
bot,"[1, 2, 3, 4]",int,"1=Settlement, 2=City, 3=Road, 4=End: ",2
bot,"[1, 2, 3, 4]",int,"1=Settlement, 2=City, 3=Road, 4=End: ",2
bot,"[1, 2, 3, 4]",int,"1=Settlement, 2=City, 3=Road, 4=End: ",2
bot,"[1, 2, 3, 4]",int,"1=Settlement, 2=City, 3=Road, 4=End: ",1
bot,"[1, 2, 3, 4]",int,"1=Settlement, 2=City, 3=Road, 4=End: ",2
bot,"[1, 2, 3, 4]",int,"1=Settlement, 2=City, 3=Road, 4=End: ",2
bot,"[1, 2, 3, 4]",int,"1=Settlement, 2=City, 3=Road, 4=End: ",4
bot,"[1, 2, 3, 4]",int,"1=Build, 2=Trade, 3=Dev Cards(Play/Select), 4=End: ",2
bot,"[1, 2, 3]",int,"Player Trade (1), Bank/Port Trade (2), Cancel (3): ",3
bot,"[1, 2, 3, 4]",int,"1=Build, 2=Trade, 3=Dev Cards(Play/Select), 4=End: ",1
bot,"[1, 2, 3, 4]",int,"1=Settlement, 2=City, 3=Road, 4=End: ",3
bot,"[1, 2, 3, 4]",int,"1=Settlement, 2=City, 3=Road, 4=End: ",1
bot,"[1, 2, 3, 4]",int,"1=Settlement, 2=City, 3=Road, 4=End: ",1
bot,"[1, 2, 3, 4]",int,"1=Settlement, 2=City, 3=Road, 4=End: ",3
bot,"[1, 2, 3, 4]",int,"1=Settlement, 2=City, 3=Road, 4=End: ",4
bot,"[1, 2, 3, 4]",int,"1=Build, 2=Trade, 3=Dev Cards(Play/Select), 4=End: ",4
bot,"[1, 2, 3, 4]",int,"1=Build, 2=Trade, 3=Dev Cards(Play/Select), 4=End: ",2
bot,"[1, 2, 3]",int,"Player Trade (1), Bank/Port Trade (2), Cancel (3): ",1
bot,"['brick', 'wood', 'sheep', 'wheat', 'ore']",resource,Which resource would you like to trade (give away): ,sheep
bot,"[1, 2, 3, 4]",int,How many would you like to trade: ,2
bot,"['brick', 'wood', 'sheep', 'wheat', 'ore']",resource,Which resource would you like to trade: ,sheep
bot,"[1, 2, 3]",int,How many would you like to trade: ,3
bot,"['Y', 'N']",action,Green would you like to trade sheep for sheep [Y/N]: ,N
bot,"[1, 2, 3, 4]",int,"1=Build, 2=Trade, 3=Dev Cards(Play/Select), 4=End: ",1
bot,"[1, 2, 3, 4]",int,"1=Settlement, 2=City, 3=Road, 4=End: ",1
bot,"[1, 2, 3, 4]",int,"1=Settlement, 2=City, 3=Road, 4=End: ",4
bot,"[1, 2, 3, 4]",int,"1=Build, 2=Trade, 3=Dev Cards(Play/Select), 4=End: ",1
bot,"[1, 2, 3, 4]",int,"1=Settlement, 2=City, 3=Road, 4=End: ",4
bot,"[1, 2, 3, 4]",int,"1=Build, 2=Trade, 3=Dev Cards(Play/Select), 4=End: ",4
bot,"[1, 2, 3, 4]",int,"1=Build, 2=Trade, 3=Dev Cards(Play/Select), 4=End: ",3
bot,"[1, 2, 3]",int,"1=Collect, 2=Play, 3=End:",2
bot,"[1, 2, 3]",int,"1=Collect, 2=Play, 3=End:",3
bot,"[1, 2, 3, 4]",int,"1=Build, 2=Trade, 3=Dev Cards(Play/Select), 4=End: ",4
bot,"[1, 2, 3, 4]",int,"1=Build, 2=Trade, 3=Dev Cards(Play/Select), 4=End: ",1
bot,"[1, 2, 3, 4]",int,"1=Settlement, 2=City, 3=Road, 4=End: ",4
bot,"[1, 2, 3, 4]",int,"1=Build, 2=Trade, 3=Dev Cards(Play/Select), 4=End: ",2
bot,"[1, 2, 3]",int,"Player Trade (1), Bank/Port Trade (2), Cancel (3): ",1
bot,"['brick', 'wood', 'sheep', 'wheat', 'ore']",resource,Which resource would you like to trade (give away): ,sheep
bot,"[1, 2, 3, 4]",int,How many would you like to trade: ,4
bot,"['brick', 'wood', 'sheep', 'wheat', 'ore']",resource,Which resource would you like to trade: ,wood
bot,"[1, 2, 3]",int,How many would you like to trade: ,2
bot,"['Y', 'N']",action,Yellow would you like to trade sheep for wood [Y/N]: ,Y
bot,"['Y', 'N']",action,Green would you like to trade sheep for wood [Y/N]: ,N
bot,"[1, 2, 3, 4]",int,"1=Build, 2=Trade, 3=Dev Cards(Play/Select), 4=End: ",2
bot,"[1, 2, 3]",int,"Player Trade (1), Bank/Port Trade (2), Cancel (3): ",2
bot,"['brick', 'wood', 'sheep', 'wheat', 'ore']",resource,Which resource would you like to trade (give away): ,sheep
bot,"['brick', 'wood', 'sheep', 'wheat', 'ore']",resource,Which resource would you like to receive: ,brick
bot,"[1, 2, 3, 4]",int,"1=Build, 2=Trade, 3=Dev Cards(Play/Select), 4=End: ",4
bot,"[1, 2, 3, 4]",int,"1=Build, 2=Trade, 3=Dev Cards(Play/Select), 4=End: ",3
bot,"[1, 2, 3]",int,"1=Collect, 2=Play, 3=End:",1
bot,"[1, 2, 3]",int,"1=Collect, 2=Play, 3=End:",2
bot,"[1, 2, 3]",int,"1=Collect, 2=Play, 3=End:",2
bot,"[1, 2, 3]",int,"1=Collect, 2=Play, 3=End:",1
bot,"[1, 2, 3]",int,"1=Collect, 2=Play, 3=End:",3
bot,"[1, 2, 3, 4]",int,"1=Build, 2=Trade, 3=Dev Cards(Play/Select), 4=End: ",1
bot,"[1, 2, 3, 4]",int,"1=Settlement, 2=City, 3=Road, 4=End: ",2
bot,"[1, 2, 3, 4]",int,"1=Settlement, 2=City, 3=Road, 4=End: ",3
bot,"[1, 2, 3, 4]",int,"1=Settlement, 2=City, 3=Road, 4=End: ",2
bot,"[1, 2, 3, 4]",int,"1=Settlement, 2=City, 3=Road, 4=End: ",3
bot,"[1, 2, 3, 4]",int,"1=Settlement, 2=City, 3=Road, 4=End: ",3
bot,"[1, 2, 3, 4]",int,"1=Settlement, 2=City, 3=Road, 4=End: ",4
bot,"[1, 2, 3, 4]",int,"1=Build, 2=Trade, 3=Dev Cards(Play/Select), 4=End: ",4
bot,"[1, 2, 3, 4]",int,"1=Build, 2=Trade, 3=Dev Cards(Play/Select), 4=End: ",3
bot,"[1, 2, 3]",int,"1=Collect, 2=Play, 3=End:",3
bot,"[1, 2, 3, 4]",int,"1=Build, 2=Trade, 3=Dev Cards(Play/Select), 4=End: ",4
bot,"[1, 2, 3, 4]",int,"1=Build, 2=Trade, 3=Dev Cards(Play/Select), 4=End: ",4
bot,"range(0, 18)",int,Choosen a Tile [0-18] to move the Robber to: ,11
bot,"['wheat', 'ore']",resource,"Which resource would you like to discard: brick, wood, sheep, wheat, ore: ",ore
bot,"['wheat', 'ore']",resource,"Which resource would you like to discard: brick, wood, sheep, wheat, ore: ",ore
bot,"['wheat', 'ore']",resource,"Which resource would you like to discard: brick, wood, sheep, wheat, ore: ",ore
bot,"['wheat', 'ore']",resource,"Which resource would you like to discard: brick, wood, sheep, wheat, ore: ",wheat
bot,"['wheat', 'ore']",resource,"Which resource would you like to discard: brick, wood, sheep, wheat, ore: ",ore
bot,"['sheep', 'wood']",resource,"Which resource would you like to discard: brick, wood, sheep, wheat, ore: ",wood
bot,"['sheep', 'wood']",resource,"Which resource would you like to discard: brick, wood, sheep, wheat, ore: ",sheep
bot,"['sheep', 'wood']",resource,"Which resource would you like to discard: brick, wood, sheep, wheat, ore: ",wood
bot,"['sheep', 'wood']",resource,"Which resource would you like to discard: brick, wood, sheep, wheat, ore: ",wood
bot,"['sheep', 'wood']",resource,"Which resource would you like to discard: brick, wood, sheep, wheat, ore: ",sheep
bot,"[1, 2, 3, 4]",int,"1=Build, 2=Trade, 3=Dev Cards(Play/Select), 4=End: ",4
bot,"[1, 2, 3, 4]",int,"1=Build, 2=Trade, 3=Dev Cards(Play/Select), 4=End: ",3
bot,"[1, 2, 3]",int,"1=Collect, 2=Play, 3=End:",1
bot,"[1, 2, 3]",int,"1=Collect, 2=Play, 3=End:",3
bot,"[1, 2, 3, 4]",int,"1=Build, 2=Trade, 3=Dev Cards(Play/Select), 4=End: ",1
bot,"[1, 2, 3, 4]",int,"1=Settlement, 2=City, 3=Road, 4=End: ",4
bot,"[1, 2, 3, 4]",int,"1=Build, 2=Trade, 3=Dev Cards(Play/Select), 4=End: ",3
bot,"[1, 2, 3]",int,"1=Collect, 2=Play, 3=End:",2
bot,"[1, 2, 3]",int,"1=Collect, 2=Play, 3=End:",2
bot,"[1, 2, 3]",int,"1=Collect, 2=Play, 3=End:",3
bot,"[1, 2, 3, 4]",int,"1=Build, 2=Trade, 3=Dev Cards(Play/Select), 4=End: ",4
bot,"range(0, 18)",int,Choosen a Tile [0-18] to move the Robber to: ,8
bot,['Green'],player,Choose a player to steal from {'Green'}: ,Green
bot,"['wood', 'wheat', 'ore']",resource,"Which resource would you like to discard: brick, wood, sheep, wheat, ore: ",wood
bot,"['wheat', 'ore']",resource,"Which resource would you like to discard: brick, wood, sheep, wheat, ore: ",ore
bot,"['wheat', 'ore']",resource,"Which resource would you like to discard: brick, wood, sheep, wheat, ore: ",ore
bot,"['wheat', 'ore']",resource,"Which resource would you like to discard: brick, wood, sheep, wheat, ore: ",wheat
bot,"[1, 2, 3, 4]",int,"1=Build, 2=Trade, 3=Dev Cards(Play/Select), 4=End: ",2
bot,"[1, 2, 3]",int,"Player Trade (1), Bank/Port Trade (2), Cancel (3): ",1
bot,"['brick', 'wood', 'sheep', 'wheat', 'ore']",resource,Which resource would you like to trade (give away): ,wood
bot,"[1, 2, 3, 4]",int,How many would you like to trade: ,1
bot,"['brick', 'wood', 'sheep', 'wheat', 'ore']",resource,Which resource would you like to trade: ,brick
bot,"[1, 2, 3]",int,How many would you like to trade: ,2
bot,"['Y', 'N']",action,Yellow would you like to trade wood for brick [Y/N]: ,Y
bot,"[1, 2, 3, 4]",int,"1=Build, 2=Trade, 3=Dev Cards(Play/Select), 4=End: ",1
bot,"[1, 2, 3, 4]",int,"1=Settlement, 2=City, 3=Road, 4=End: ",3
bot,"[1, 2, 3, 4]",int,"1=Settlement, 2=City, 3=Road, 4=End: ",1
bot,"[1, 2, 3, 4]",int,"1=Settlement, 2=City, 3=Road, 4=End: ",3
bot,"[1, 2, 3, 4]",int,"1=Settlement, 2=City, 3=Road, 4=End: ",3
bot,"[1, 2, 3, 4]",int,"1=Settlement, 2=City, 3=Road, 4=End: ",1
bot,"[1, 2, 3, 4]",int,"1=Settlement, 2=City, 3=Road, 4=End: ",3
bot,"[1, 2, 3, 4]",int,"1=Settlement, 2=City, 3=Road, 4=End: ",4
bot,"[1, 2, 3, 4]",int,"1=Build, 2=Trade, 3=Dev Cards(Play/Select), 4=End: ",1
bot,"[1, 2, 3, 4]",int,"1=Settlement, 2=City, 3=Road, 4=End: ",2
bot,"[22, 30]",int,Choose city location - [0-53]:,30
bot,"[1, 2, 3, 4]",int,"1=Settlement, 2=City, 3=Road, 4=End: ",4
bot,"[1, 2, 3, 4]",int,"1=Build, 2=Trade, 3=Dev Cards(Play/Select), 4=End: ",3
bot,"[1, 2, 3]",int,"1=Collect, 2=Play, 3=End:",2
bot,"[1, 2, 3]",int,"1=Collect, 2=Play, 3=End:",2
bot,"[1, 2, 3]",int,"1=Collect, 2=Play, 3=End:",1
bot,"[1, 2, 3]",int,"1=Collect, 2=Play, 3=End:",3
bot,"[1, 2, 3, 4]",int,"1=Build, 2=Trade, 3=Dev Cards(Play/Select), 4=End: ",4
bot,"[1, 2, 3, 4]",int,"1=Build, 2=Trade, 3=Dev Cards(Play/Select), 4=End: ",3
bot,"[1, 2, 3]",int,"1=Collect, 2=Play, 3=End:",3
bot,"[1, 2, 3, 4]",int,"1=Build, 2=Trade, 3=Dev Cards(Play/Select), 4=End: ",3
bot,"[1, 2, 3]",int,"1=Collect, 2=Play, 3=End:",1
bot,"[1, 2, 3]",int,"1=Collect, 2=Play, 3=End:",2
bot,"[1, 2, 3]",int,"1=Collect, 2=Play, 3=End:",3
bot,"[1, 2, 3, 4]",int,"1=Build, 2=Trade, 3=Dev Cards(Play/Select), 4=End: ",3
bot,"[1, 2, 3]",int,"1=Collect, 2=Play, 3=End:",2
bot,"[1, 2, 3]",int,"1=Collect, 2=Play, 3=End:",2
bot,"[1, 2, 3]",int,"1=Collect, 2=Play, 3=End:",3
bot,"[1, 2, 3, 4]",int,"1=Build, 2=Trade, 3=Dev Cards(Play/Select), 4=End: ",4
bot,"[1, 2, 3, 4]",int,"1=Build, 2=Trade, 3=Dev Cards(Play/Select), 4=End: ",4
bot,"range(0, 18)",int,Choosen a Tile [0-18] to move the Robber to: ,11
bot,"[1, 2, 3, 4]",int,"1=Build, 2=Trade, 3=Dev Cards(Play/Select), 4=End: ",3
bot,"[1, 2, 3]",int,"1=Collect, 2=Play, 3=End:",3
bot,"[1, 2, 3, 4]",int,"1=Build, 2=Trade, 3=Dev Cards(Play/Select), 4=End: ",1
bot,"[1, 2, 3, 4]",int,"1=Settlement, 2=City, 3=Road, 4=End: ",4
bot,"[1, 2, 3, 4]",int,"1=Build, 2=Trade, 3=Dev Cards(Play/Select), 4=End: ",2
bot,"[1, 2, 3]",int,"Player Trade (1), Bank/Port Trade (2), Cancel (3): ",1
bot,"['brick', 'wood', 'sheep', 'wheat', 'ore']",resource,Which resource would you like to trade (give away): ,sheep
bot,"[1, 2, 3, 4]",int,How many would you like to trade: ,1
bot,"['brick', 'wood', 'sheep', 'wheat', 'ore']",resource,Which resource would you like to trade: ,sheep
bot,"[1, 2, 3]",int,How many would you like to trade: ,1
bot,"['Y', 'N']",action,Red would you like to trade sheep for sheep [Y/N]: ,Y
bot,"['Y', 'N']",action,Green would you like to trade sheep for sheep [Y/N]: ,N
bot,"[1, 2, 3, 4]",int,"1=Build, 2=Trade, 3=Dev Cards(Play/Select), 4=End: ",3
bot,"[1, 2, 3]",int,"1=Collect, 2=Play, 3=End:",1
bot,"[1, 2, 3]",int,"1=Collect, 2=Play, 3=End:",3
bot,"[1, 2, 3, 4]",int,"1=Build, 2=Trade, 3=Dev Cards(Play/Select), 4=End: ",2
bot,"[1, 2, 3]",int,"Player Trade (1), Bank/Port Trade (2), Cancel (3): ",3
bot,"[1, 2, 3, 4]",int,"1=Build, 2=Trade, 3=Dev Cards(Play/Select), 4=End: ",2
bot,"[1, 2, 3]",int,"Player Trade (1), Bank/Port Trade (2), Cancel (3): ",2
bot,"['brick', 'wood', 'sheep', 'wheat', 'ore']",resource,Which resource would you like to trade (give away): ,wood
bot,"['brick', 'wood', 'sheep', 'wheat', 'ore']",resource,Which resource would you like to receive: ,wood
bot,"[1, 2, 3, 4]",int,"1=Build, 2=Trade, 3=Dev Cards(Play/Select), 4=End: ",3
bot,"[1, 2, 3]",int,"1=Collect, 2=Play, 3=End:",2
bot,"[1, 2, 3]",int,"1=Collect, 2=Play, 3=End:",3
bot,"[1, 2, 3, 4]",int,"1=Build, 2=Trade, 3=Dev Cards(Play/Select), 4=End: ",1
bot,"[1, 2, 3, 4]",int,"1=Settlement, 2=City, 3=Road, 4=End: ",3
bot,"[8, 15, 26, 35, 36, 43, 44, 56, 63, 64]",int,Choose road location - [0-71]: ,56
bot,"[1, 2, 3, 4]",int,"1=Settlement, 2=City, 3=Road, 4=End: ",3
bot,"[8, 15, 26, 35, 36, 43, 44, 50, 55, 63, 63, 64]",int,Choose road location - [0-71]: ,26
bot,"[1, 2, 3, 4]",int,"1=Settlement, 2=City, 3=Road, 4=End: ",4
bot,"[1, 2, 3, 4]",int,"1=Build, 2=Trade, 3=Dev Cards(Play/Select), 4=End: ",3
bot,"[1, 2, 3]",int,"1=Collect, 2=Play, 3=End:",3
bot,"[1, 2, 3, 4]",int,"1=Build, 2=Trade, 3=Dev Cards(Play/Select), 4=End: ",1
bot,"[1, 2, 3, 4]",int,"1=Settlement, 2=City, 3=Road, 4=End: ",3
bot,"[1, 2, 3, 4]",int,"1=Settlement, 2=City, 3=Road, 4=End: ",4
bot,"[1, 2, 3, 4]",int,"1=Build, 2=Trade, 3=Dev Cards(Play/Select), 4=End: ",3
bot,"[1, 2, 3]",int,"1=Collect, 2=Play, 3=End:",3
bot,"[1, 2, 3, 4]",int,"1=Build, 2=Trade, 3=Dev Cards(Play/Select), 4=End: ",3
bot,"[1, 2, 3]",int,"1=Collect, 2=Play, 3=End:",2
bot,"[1, 2, 3]",int,"1=Collect, 2=Play, 3=End:",3
bot,"[1, 2, 3, 4]",int,"1=Build, 2=Trade, 3=Dev Cards(Play/Select), 4=End: ",1
bot,"[1, 2, 3, 4]",int,"1=Settlement, 2=City, 3=Road, 4=End: ",2
bot,"[1, 2, 3, 4]",int,"1=Settlement, 2=City, 3=Road, 4=End: ",4
bot,"[1, 2, 3, 4]",int,"1=Build, 2=Trade, 3=Dev Cards(Play/Select), 4=End: ",4
bot,"range(0, 18)",int,Choosen a Tile [0-18] to move the Robber to: ,0
bot,['Red'],player,Choose a player to steal from {'Red'}: ,Red
bot,"[1, 2, 3, 4]",int,"1=Build, 2=Trade, 3=Dev Cards(Play/Select), 4=End: ",2
bot,"[1, 2, 3]",int,"Player Trade (1), Bank/Port Trade (2), Cancel (3): ",1
bot,"['brick', 'wood', 'sheep', 'wheat', 'ore']",resource,Which resource would you like to trade (give away): ,ore
bot,"[1, 2, 3, 4]",int,How many would you like to trade: ,2
bot,"['brick', 'wood', 'sheep', 'wheat', 'ore']",resource,Which resource would you like to trade: ,ore
bot,"[1, 2, 3]",int,How many would you like to trade: ,3
bot,"[1, 2, 3, 4]",int,"1=Build, 2=Trade, 3=Dev Cards(Play/Select), 4=End: ",3
bot,"[1, 2, 3]",int,"1=Collect, 2=Play, 3=End:",3
bot,"[1, 2, 3, 4]",int,"1=Build, 2=Trade, 3=Dev Cards(Play/Select), 4=End: ",4
bot,"[1, 2, 3, 4]",int,"1=Build, 2=Trade, 3=Dev Cards(Play/Select), 4=End: ",1
bot,"[1, 2, 3, 4]",int,"1=Settlement, 2=City, 3=Road, 4=End: ",1
bot,"[1, 2, 3, 4]",int,"1=Settlement, 2=City, 3=Road, 4=End: ",2
bot,"[1, 2, 3, 4]",int,"1=Settlement, 2=City, 3=Road, 4=End: ",1
bot,"[1, 2, 3, 4]",int,"1=Settlement, 2=City, 3=Road, 4=End: ",1
bot,"[1, 2, 3, 4]",int,"1=Settlement, 2=City, 3=Road, 4=End: ",2
bot,"[1, 2, 3, 4]",int,"1=Settlement, 2=City, 3=Road, 4=End: ",2
bot,"[1, 2, 3, 4]",int,"1=Settlement, 2=City, 3=Road, 4=End: ",4
bot,"[1, 2, 3, 4]",int,"1=Build, 2=Trade, 3=Dev Cards(Play/Select), 4=End: ",4
bot,"[1, 2, 3, 4]",int,"1=Build, 2=Trade, 3=Dev Cards(Play/Select), 4=End: ",3
bot,"[1, 2, 3]",int,"1=Collect, 2=Play, 3=End:",1
bot,"[1, 2, 3]",int,"1=Collect, 2=Play, 3=End:",2
bot,"[1, 2, 3]",int,"1=Collect, 2=Play, 3=End:",3
bot,"[1, 2, 3, 4]",int,"1=Build, 2=Trade, 3=Dev Cards(Play/Select), 4=End: ",3
bot,"[1, 2, 3]",int,"1=Collect, 2=Play, 3=End:",1
bot,"[1, 2, 3]",int,"1=Collect, 2=Play, 3=End:",1
bot,"[1, 2, 3]",int,"1=Collect, 2=Play, 3=End:",1
bot,"[1, 2, 3]",int,"1=Collect, 2=Play, 3=End:",1
bot,"[1, 2, 3]",int,"1=Collect, 2=Play, 3=End:",1
bot,"[1, 2, 3]",int,"1=Collect, 2=Play, 3=End:",3
bot,"[1, 2, 3, 4]",int,"1=Build, 2=Trade, 3=Dev Cards(Play/Select), 4=End: ",1
bot,"[1, 2, 3, 4]",int,"1=Settlement, 2=City, 3=Road, 4=End: ",2
bot,"[1, 2, 3, 4]",int,"1=Settlement, 2=City, 3=Road, 4=End: ",3
bot,"[1, 2, 6, 10, 52, 60, 64]",int,Choose road location - [0-71]: ,64
bot,"[1, 2, 3, 4]",int,"1=Settlement, 2=City, 3=Road, 4=End: ",4
bot,"[1, 2, 3, 4]",int,"1=Build, 2=Trade, 3=Dev Cards(Play/Select), 4=End: ",1
bot,"[1, 2, 3, 4]",int,"1=Settlement, 2=City, 3=Road, 4=End: ",1
bot,"[1, 2, 3, 4]",int,"1=Settlement, 2=City, 3=Road, 4=End: ",4
bot,"[1, 2, 3, 4]",int,"1=Build, 2=Trade, 3=Dev Cards(Play/Select), 4=End: ",2
bot,"[1, 2, 3]",int,"Player Trade (1), Bank/Port Trade (2), Cancel (3): ",3
bot,"[1, 2, 3, 4]",int,"1=Build, 2=Trade, 3=Dev Cards(Play/Select), 4=End: ",4
bot,"[1, 2, 3, 4]",int,"1=Build, 2=Trade, 3=Dev Cards(Play/Select), 4=End: ",3
bot,"[1, 2, 3]",int,"1=Collect, 2=Play, 3=End:",3
bot,"[1, 2, 3, 4]",int,"1=Build, 2=Trade, 3=Dev Cards(Play/Select), 4=End: ",3
bot,"[1, 2, 3]",int,"1=Collect, 2=Play, 3=End:",3
bot,"[1, 2, 3, 4]",int,"1=Build, 2=Trade, 3=Dev Cards(Play/Select), 4=End: ",2
bot,"[1, 2, 3]",int,"Player Trade (1), Bank/Port Trade (2), Cancel (3): ",1
bot,"['brick', 'wood', 'sheep', 'wheat', 'ore']",resource,Which resource would you like to trade (give away): ,sheep
bot,"[1, 2, 3, 4]",int,How many would you like to trade: ,1
bot,"['brick', 'wood', 'sheep', 'wheat', 'ore']",resource,Which resource would you like to trade: ,wood
bot,"[1, 2, 3]",int,How many would you like to trade: ,3
bot,"['Y', 'N']",action,Green would you like to trade sheep for wood [Y/N]: ,N
bot,"[1, 2, 3, 4]",int,"1=Build, 2=Trade, 3=Dev Cards(Play/Select), 4=End: ",1
bot,"[1, 2, 3, 4]",int,"1=Settlement, 2=City, 3=Road, 4=End: ",4
bot,"[1, 2, 3, 4]",int,"1=Build, 2=Trade, 3=Dev Cards(Play/Select), 4=End: ",3
bot,"[1, 2, 3]",int,"1=Collect, 2=Play, 3=End:",2
bot,"[1, 2, 3]",int,"1=Collect, 2=Play, 3=End:",1
bot,"[1, 2, 3]",int,"1=Collect, 2=Play, 3=End:",1
bot,"[1, 2, 3]",int,"1=Collect, 2=Play, 3=End:",1
bot,"[1, 2, 3]",int,"1=Collect, 2=Play, 3=End:",3
bot,"[1, 2, 3, 4]",int,"1=Build, 2=Trade, 3=Dev Cards(Play/Select), 4=End: ",3
bot,"[1, 2, 3]",int,"1=Collect, 2=Play, 3=End:",1
bot,"[1, 2, 3]",int,"1=Collect, 2=Play, 3=End:",1
bot,"[1, 2, 3]",int,"1=Collect, 2=Play, 3=End:",2
bot,"[1, 2, 3]",int,"1=Collect, 2=Play, 3=End:",2
bot,"[1, 2, 3]",int,"1=Collect, 2=Play, 3=End:",1
bot,"[1, 2, 3]",int,"1=Collect, 2=Play, 3=End:",2
bot,"[1, 2, 3]",int,"1=Collect, 2=Play, 3=End:",3
bot,"[1, 2, 3, 4]",int,"1=Build, 2=Trade, 3=Dev Cards(Play/Select), 4=End: ",4
bot,"[1, 2, 3, 4]",int,"1=Build, 2=Trade, 3=Dev Cards(Play/Select), 4=End: ",4
bot,"range(0, 18)",int,Choosen a Tile [0-18] to move the Robber to: ,16
bot,['Yellow'],player,Choose a player to steal from {'Yellow'}: ,Yellow
bot,"['ore', 'sheep', 'wheat', 'wood', 'brick']",resource,"Which resource would you like to discard: brick, wood, sheep, wheat, ore: ",wood
bot,"['ore', 'sheep', 'wheat', 'wood', 'brick']",resource,"Which resource would you like to discard: brick, wood, sheep, wheat, ore: ",sheep
bot,"['ore', 'sheep', 'wheat', 'wood', 'brick']",resource,"Which resource would you like to discard: brick, wood, sheep, wheat, ore: ",sheep
bot,"['ore', 'sheep', 'wheat', 'wood', 'brick']",resource,"Which resource would you like to discard: brick, wood, sheep, wheat, ore: ",sheep
bot,"['ore', 'sheep', 'wheat', 'wood', 'brick']",resource,"Which resource would you like to discard: brick, wood, sheep, wheat, ore: ",ore
bot,"[1, 2, 3, 4]",int,"1=Build, 2=Trade, 3=Dev Cards(Play/Select), 4=End: ",4
bot,"[1, 2, 3, 4]",int,"1=Build, 2=Trade, 3=Dev Cards(Play/Select), 4=End: ",4
bot,"range(0, 18)",int,Choosen a Tile [0-18] to move the Robber to: ,14
bot,"['Green', 'Red']",player,"Choose a player to steal from {'Green', 'Red'}: ",Red
bot,"['ore', 'sheep', 'wheat', 'wood', 'brick']",resource,"Which resource would you like to discard: brick, wood, sheep, wheat, ore: ",brick
bot,"['ore', 'sheep', 'wheat', 'wood', 'brick']",resource,"Which resource would you like to discard: brick, wood, sheep, wheat, ore: ",wheat
bot,"['ore', 'sheep', 'wheat', 'wood', 'brick']",resource,"Which resource would you like to discard: brick, wood, sheep, wheat, ore: ",sheep
bot,"['ore', 'sheep', 'wheat', 'wood', 'brick']",resource,"Which resource would you like to discard: brick, wood, sheep, wheat, ore: ",wheat
bot,"['sheep', 'wood', 'ore', 'brick']",resource,"Which resource would you like to discard: brick, wood, sheep, wheat, ore: ",brick
bot,"[1, 2, 3, 4]",int,"1=Build, 2=Trade, 3=Dev Cards(Play/Select), 4=End: ",4
bot,"[1, 2, 3, 4]",int,"1=Build, 2=Trade, 3=Dev Cards(Play/Select), 4=End: ",4
bot,"[1, 2, 3, 4]",int,"1=Build, 2=Trade, 3=Dev Cards(Play/Select), 4=End: ",4
bot,"range(0, 18)",int,Choosen a Tile [0-18] to move the Robber to: ,11
bot,"['sheep', 'wood', 'wheat', 'brick']",resource,"Which resource would you like to discard: brick, wood, sheep, wheat, ore: ",brick
bot,"['sheep', 'wood', 'wheat', 'brick']",resource,"Which resource would you like to discard: brick, wood, sheep, wheat, ore: ",wood
bot,"['sheep', 'wheat', 'brick']",resource,"Which resource would you like to discard: brick, wood, sheep, wheat, ore: ",wheat
bot,"['sheep', 'wheat', 'brick']",resource,"Which resource would you like to discard: brick, wood, sheep, wheat, ore: ",brick
bot,"[1, 2, 3, 4]",int,"1=Build, 2=Trade, 3=Dev Cards(Play/Select), 4=End: ",3
bot,"[1, 2, 3]",int,"1=Collect, 2=Play, 3=End:",1
bot,"[1, 2, 3]",int,"1=Collect, 2=Play, 3=End:",3
bot,"[1, 2, 3, 4]",int,"1=Build, 2=Trade, 3=Dev Cards(Play/Select), 4=End: ",1
bot,"[1, 2, 3, 4]",int,"1=Settlement, 2=City, 3=Road, 4=End: ",2
bot,"[1, 2, 3, 4]",int,"1=Settlement, 2=City, 3=Road, 4=End: ",1
bot,"[1, 2, 3, 4]",int,"1=Settlement, 2=City, 3=Road, 4=End: ",4
bot,"[1, 2, 3, 4]",int,"1=Build, 2=Trade, 3=Dev Cards(Play/Select), 4=End: ",4
bot,"[1, 2, 3, 4]",int,"1=Build, 2=Trade, 3=Dev Cards(Play/Select), 4=End: ",4
bot,"[1, 2, 3, 4]",int,"1=Build, 2=Trade, 3=Dev Cards(Play/Select), 4=End: ",1
bot,"[1, 2, 3, 4]",int,"1=Settlement, 2=City, 3=Road, 4=End: ",2
bot,[22],int,Choose city location - [0-53]:,22
bot,"[1, 2, 3, 4]",int,"1=Settlement, 2=City, 3=Road, 4=End: ",3
bot,"[1, 2, 3, 4]",int,"1=Settlement, 2=City, 3=Road, 4=End: ",4
bot,"[1, 2, 3, 4]",int,"1=Build, 2=Trade, 3=Dev Cards(Play/Select), 4=End: ",4
bot,"[1, 2, 3, 4]",int,"1=Build, 2=Trade, 3=Dev Cards(Play/Select), 4=End: ",4
bot,"[1, 2, 3, 4]",int,"1=Build, 2=Trade, 3=Dev Cards(Play/Select), 4=End: ",4
bot,"range(0, 18)",int,Choosen a Tile [0-18] to move the Robber to: ,0
bot,['Red'],player,Choose a player to steal from {'Red'}: ,Red
bot,"['sheep', 'wood', 'wheat', 'ore']",resource,"Which resource would you like to discard: brick, wood, sheep, wheat, ore: ",wood
bot,"['sheep', 'wood', 'wheat', 'ore']",resource,"Which resource would you like to discard: brick, wood, sheep, wheat, ore: ",sheep
bot,"['wood', 'wheat', 'ore']",resource,"Which resource would you like to discard: brick, wood, sheep, wheat, ore: ",wood
bot,"['wood', 'wheat', 'ore']",resource,"Which resource would you like to discard: brick, wood, sheep, wheat, ore: ",ore
bot,"['wood', 'wheat', 'ore']",resource,"Which resource would you like to discard: brick, wood, sheep, wheat, ore: ",ore
bot,"['sheep', 'wheat', 'brick']",resource,"Which resource would you like to discard: brick, wood, sheep, wheat, ore: ",brick
bot,"['sheep', 'wheat', 'brick']",resource,"Which resource would you like to discard: brick, wood, sheep, wheat, ore: ",sheep
bot,"['sheep', 'wheat', 'brick']",resource,"Which resource would you like to discard: brick, wood, sheep, wheat, ore: ",brick
bot,"['sheep', 'wheat']",resource,"Which resource would you like to discard: brick, wood, sheep, wheat, ore: ",sheep
bot,"[1, 2, 3, 4]",int,"1=Build, 2=Trade, 3=Dev Cards(Play/Select), 4=End: ",3
bot,"[1, 2, 3]",int,"1=Collect, 2=Play, 3=End:",3
bot,"[1, 2, 3, 4]",int,"1=Build, 2=Trade, 3=Dev Cards(Play/Select), 4=End: ",4
bot,"[1, 2, 3, 4]",int,"1=Build, 2=Trade, 3=Dev Cards(Play/Select), 4=End: ",3
bot,"[1, 2, 3]",int,"1=Collect, 2=Play, 3=End:",3
bot,"[1, 2, 3, 4]",int,"1=Build, 2=Trade, 3=Dev Cards(Play/Select), 4=End: ",4
bot,"range(0, 18)",int,Choosen a Tile [0-18] to move the Robber to: ,2
bot,"[1, 2, 3, 4]",int,"1=Build, 2=Trade, 3=Dev Cards(Play/Select), 4=End: ",3
bot,"[1, 2, 3]",int,"1=Collect, 2=Play, 3=End:",3
bot,"[1, 2, 3, 4]",int,"1=Build, 2=Trade, 3=Dev Cards(Play/Select), 4=End: ",2
bot,"[1, 2, 3]",int,"Player Trade (1), Bank/Port Trade (2), Cancel (3): ",2
bot,"['brick', 'wood', 'sheep', 'wheat', 'ore']",resource,Which resource would you like to trade (give away): ,wood
bot,"['brick', 'wood', 'sheep', 'wheat', 'ore']",resource,Which resource would you like to receive: ,wood
bot,"[1, 2, 3]",int,"Player Trade (1), Bank/Port Trade (2), Cancel (3): ",1
bot,"['brick', 'wood', 'sheep', 'wheat', 'ore']",resource,Which resource would you like to trade (give away): ,wheat
bot,"[1, 2, 3, 4]",int,How many would you like to trade: ,3
bot,"['brick', 'wood', 'sheep', 'wheat', 'ore']",resource,Which resource would you like to trade: ,sheep
bot,"[1, 2, 3]",int,How many would you like to trade: ,1
bot,"['Y', 'N']",action,Red would you like to trade wheat for sheep [Y/N]: ,Y
bot,"['Y', 'N']",action,Blue would you like to trade wheat for sheep [Y/N]: ,N
bot,"[1, 2, 3, 4]",int,"1=Build, 2=Trade, 3=Dev Cards(Play/Select), 4=End: ",3
bot,"[1, 2, 3]",int,"1=Collect, 2=Play, 3=End:",3
bot,"[1, 2, 3, 4]",int,"1=Build, 2=Trade, 3=Dev Cards(Play/Select), 4=End: ",4
bot,"[1, 2, 3, 4]",int,"1=Build, 2=Trade, 3=Dev Cards(Play/Select), 4=End: ",2
bot,"[1, 2, 3]",int,"Player Trade (1), Bank/Port Trade (2), Cancel (3): ",1
bot,"['brick', 'wood', 'sheep', 'wheat', 'ore']",resource,Which resource would you like to trade (give away): ,brick
bot,"[1, 2, 3, 4]",int,How many would you like to trade: ,4
bot,"['brick', 'wood', 'sheep', 'wheat', 'ore']",resource,Which resource would you like to trade: ,brick
bot,"[1, 2, 3]",int,How many would you like to trade: ,2
bot,"[1, 2, 3, 4]",int,"1=Build, 2=Trade, 3=Dev Cards(Play/Select), 4=End: ",3
bot,"[1, 2, 3]",int,"1=Collect, 2=Play, 3=End:",1
bot,"[1, 2, 3]",int,"1=Collect, 2=Play, 3=End:",2
bot,['knight'],card,"Which dev card would you like to play from - [RoadBuilding(color=None, played=True, player=None, name='road_building'), Knight(color=None, played=False, player=None, name='knight')]: ",knight
bot,"range(0, 18)",int,Choosen a Tile [0-18] to move the Robber to: ,10
bot,"['Green', 'Blue']",player,"Choose a player to steal from {'Green', 'Blue'}: ",Blue
bot,"[1, 2, 3, 4]",int,"1=Build, 2=Trade, 3=Dev Cards(Play/Select), 4=End: ",3
bot,"[1, 2, 3]",int,"1=Collect, 2=Play, 3=End:",3
bot,"[1, 2, 3, 4]",int,"1=Build, 2=Trade, 3=Dev Cards(Play/Select), 4=End: ",3
bot,"[1, 2, 3]",int,"1=Collect, 2=Play, 3=End:",3
bot,"[1, 2, 3, 4]",int,"1=Build, 2=Trade, 3=Dev Cards(Play/Select), 4=End: ",4
bot,"[1, 2, 3, 4]",int,"1=Build, 2=Trade, 3=Dev Cards(Play/Select), 4=End: ",1
bot,"[1, 2, 3, 4]",int,"1=Settlement, 2=City, 3=Road, 4=End: ",3
bot,"[1, 2, 3, 4]",int,"1=Settlement, 2=City, 3=Road, 4=End: ",4
bot,"[1, 2, 3, 4]",int,"1=Build, 2=Trade, 3=Dev Cards(Play/Select), 4=End: ",3
bot,"[1, 2, 3]",int,"1=Collect, 2=Play, 3=End:",3
bot,"[1, 2, 3, 4]",int,"1=Build, 2=Trade, 3=Dev Cards(Play/Select), 4=End: ",1
bot,"[1, 2, 3, 4]",int,"1=Settlement, 2=City, 3=Road, 4=End: ",3
bot,"[1, 2, 3, 4]",int,"1=Settlement, 2=City, 3=Road, 4=End: ",3
bot,"[1, 2, 3, 4]",int,"1=Settlement, 2=City, 3=Road, 4=End: ",3
bot,"[1, 2, 3, 4]",int,"1=Settlement, 2=City, 3=Road, 4=End: ",3
bot,"[1, 2, 3, 4]",int,"1=Settlement, 2=City, 3=Road, 4=End: ",3
bot,"[1, 2, 3, 4]",int,"1=Settlement, 2=City, 3=Road, 4=End: ",3
bot,"[1, 2, 3, 4]",int,"1=Settlement, 2=City, 3=Road, 4=End: ",1
bot,"[1, 2, 3, 4]",int,"1=Settlement, 2=City, 3=Road, 4=End: ",1
bot,"[1, 2, 3, 4]",int,"1=Settlement, 2=City, 3=Road, 4=End: ",2
bot,"[1, 2, 3, 4]",int,"1=Settlement, 2=City, 3=Road, 4=End: ",2
bot,"[1, 2, 3, 4]",int,"1=Settlement, 2=City, 3=Road, 4=End: ",1
bot,"[1, 2, 3, 4]",int,"1=Settlement, 2=City, 3=Road, 4=End: ",4
bot,"[1, 2, 3, 4]",int,"1=Build, 2=Trade, 3=Dev Cards(Play/Select), 4=End: ",4
bot,"[1, 2, 3, 4]",int,"1=Build, 2=Trade, 3=Dev Cards(Play/Select), 4=End: ",3
bot,"[1, 2, 3]",int,"1=Collect, 2=Play, 3=End:",2
bot,"[1, 2, 3]",int,"1=Collect, 2=Play, 3=End:",3
bot,"[1, 2, 3, 4]",int,"1=Build, 2=Trade, 3=Dev Cards(Play/Select), 4=End: ",3
bot,"[1, 2, 3]",int,"1=Collect, 2=Play, 3=End:",1
bot,"[1, 2, 3]",int,"1=Collect, 2=Play, 3=End:",1
bot,"[1, 2, 3]",int,"1=Collect, 2=Play, 3=End:",1
bot,"[1, 2, 3]",int,"1=Collect, 2=Play, 3=End:",2
bot,"[1, 2, 3]",int,"1=Collect, 2=Play, 3=End:",1
bot,"[1, 2, 3]",int,"1=Collect, 2=Play, 3=End:",1
bot,"[1, 2, 3]",int,"1=Collect, 2=Play, 3=End:",3
bot,"[1, 2, 3, 4]",int,"1=Build, 2=Trade, 3=Dev Cards(Play/Select), 4=End: ",3
bot,"[1, 2, 3]",int,"1=Collect, 2=Play, 3=End:",2
bot,"[1, 2, 3]",int,"1=Collect, 2=Play, 3=End:",2
bot,"[1, 2, 3]",int,"1=Collect, 2=Play, 3=End:",3
bot,"[1, 2, 3, 4]",int,"1=Build, 2=Trade, 3=Dev Cards(Play/Select), 4=End: ",2
bot,"[1, 2, 3]",int,"Player Trade (1), Bank/Port Trade (2), Cancel (3): ",1
bot,"['brick', 'wood', 'sheep', 'wheat', 'ore']",resource,Which resource would you like to trade (give away): ,brick
bot,"[1, 2, 3, 4]",int,How many would you like to trade: ,2
bot,"['brick', 'wood', 'sheep', 'wheat', 'ore']",resource,Which resource would you like to trade: ,brick
bot,"[1, 2, 3]",int,How many would you like to trade: ,2
bot,"[1, 2, 3, 4]",int,"1=Build, 2=Trade, 3=Dev Cards(Play/Select), 4=End: ",1
bot,"[1, 2, 3, 4]",int,"1=Settlement, 2=City, 3=Road, 4=End: ",4
bot,"[1, 2, 3, 4]",int,"1=Build, 2=Trade, 3=Dev Cards(Play/Select), 4=End: ",3
bot,"[1, 2, 3]",int,"1=Collect, 2=Play, 3=End:",3
bot,"[1, 2, 3, 4]",int,"1=Build, 2=Trade, 3=Dev Cards(Play/Select), 4=End: ",1
bot,"[1, 2, 3, 4]",int,"1=Settlement, 2=City, 3=Road, 4=End: ",3
bot,"[1, 2, 3, 4]",int,"1=Settlement, 2=City, 3=Road, 4=End: ",4
bot,"[1, 2, 3, 4]",int,"1=Build, 2=Trade, 3=Dev Cards(Play/Select), 4=End: ",2
bot,"[1, 2, 3]",int,"Player Trade (1), Bank/Port Trade (2), Cancel (3): ",3
bot,"[1, 2, 3, 4]",int,"1=Build, 2=Trade, 3=Dev Cards(Play/Select), 4=End: ",2
bot,"[1, 2, 3]",int,"Player Trade (1), Bank/Port Trade (2), Cancel (3): ",3
bot,"[1, 2, 3, 4]",int,"1=Build, 2=Trade, 3=Dev Cards(Play/Select), 4=End: ",2
bot,"[1, 2, 3]",int,"Player Trade (1), Bank/Port Trade (2), Cancel (3): ",1
bot,"['brick', 'wood', 'sheep', 'wheat', 'ore']",resource,Which resource would you like to trade (give away): ,sheep
bot,"[1, 2, 3, 4]",int,How many would you like to trade: ,1
bot,"['brick', 'wood', 'sheep', 'wheat', 'ore']",resource,Which resource would you like to trade: ,brick
bot,"[1, 2, 3]",int,How many would you like to trade: ,2
bot,"['Y', 'N']",action,Red would you like to trade sheep for brick [Y/N]: ,N
bot,"[1, 2, 3, 4]",int,"1=Build, 2=Trade, 3=Dev Cards(Play/Select), 4=End: ",3
bot,"[1, 2, 3]",int,"1=Collect, 2=Play, 3=End:",1
bot,"[1, 2, 3]",int,"1=Collect, 2=Play, 3=End:",1
bot,"[1, 2, 3]",int,"1=Collect, 2=Play, 3=End:",1
bot,"[1, 2, 3]",int,"1=Collect, 2=Play, 3=End:",3
bot,"[1, 2, 3, 4]",int,"1=Build, 2=Trade, 3=Dev Cards(Play/Select), 4=End: ",3
bot,"[1, 2, 3]",int,"1=Collect, 2=Play, 3=End:",3
bot,"[1, 2, 3, 4]",int,"1=Build, 2=Trade, 3=Dev Cards(Play/Select), 4=End: ",4
bot,"[1, 2, 3, 4]",int,"1=Build, 2=Trade, 3=Dev Cards(Play/Select), 4=End: ",3
bot,"[1, 2, 3]",int,"1=Collect, 2=Play, 3=End:",1
bot,"[1, 2, 3]",int,"1=Collect, 2=Play, 3=End:",1
bot,"[1, 2, 3]",int,"1=Collect, 2=Play, 3=End:",1
bot,"[1, 2, 3]",int,"1=Collect, 2=Play, 3=End:",3
bot,"[1, 2, 3, 4]",int,"1=Build, 2=Trade, 3=Dev Cards(Play/Select), 4=End: ",1
bot,"[1, 2, 3, 4]",int,"1=Settlement, 2=City, 3=Road, 4=End: ",2
bot,"[1, 2, 3, 4]",int,"1=Settlement, 2=City, 3=Road, 4=End: ",3
bot,"[24, 34, 37, 45, 47, 52]",int,Choose road location - [0-71]: ,37
bot,"[1, 2, 3, 4]",int,"1=Settlement, 2=City, 3=Road, 4=End: ",1
bot,"[1, 2, 3, 4]",int,"1=Settlement, 2=City, 3=Road, 4=End: ",2
bot,"[1, 2, 3, 4]",int,"1=Settlement, 2=City, 3=Road, 4=End: ",4
bot,"[1, 2, 3, 4]",int,"1=Build, 2=Trade, 3=Dev Cards(Play/Select), 4=End: ",3
bot,"[1, 2, 3]",int,"1=Collect, 2=Play, 3=End:",3
bot,"[1, 2, 3, 4]",int,"1=Build, 2=Trade, 3=Dev Cards(Play/Select), 4=End: ",4
bot,"range(0, 18)",int,Choosen a Tile [0-18] to move the Robber to: ,5
bot,"['Blue', 'Yellow']",player,"Choose a player to steal from {'Blue', 'Yellow'}: ",Blue
bot,"['sheep', 'wood', 'wheat', 'ore']",resource,"Which resource would you like to discard: brick, wood, sheep, wheat, ore: ",wood
bot,"['sheep', 'wood', 'wheat', 'ore']",resource,"Which resource would you like to discard: brick, wood, sheep, wheat, ore: ",sheep
bot,"['sheep', 'wood', 'wheat', 'ore']",resource,"Which resource would you like to discard: brick, wood, sheep, wheat, ore: ",ore
bot,"['sheep', 'wood', 'wheat', 'ore']",resource,"Which resource would you like to discard: brick, wood, sheep, wheat, ore: ",sheep
bot,"['wood', 'wheat', 'ore']",resource,"Which resource would you like to discard: brick, wood, sheep, wheat, ore: ",wood
bot,"['wood', 'wheat', 'ore']",resource,"Which resource would you like to discard: brick, wood, sheep, wheat, ore: ",wheat
bot,"[1, 2, 3, 4]",int,"1=Build, 2=Trade, 3=Dev Cards(Play/Select), 4=End: ",4
bot,"[1, 2, 3, 4]",int,"1=Build, 2=Trade, 3=Dev Cards(Play/Select), 4=End: ",2
bot,"[1, 2, 3]",int,"Player Trade (1), Bank/Port Trade (2), Cancel (3): ",2
bot,"['brick', 'wood', 'sheep', 'wheat', 'ore']",resource,Which resource would you like to trade (give away): ,wood
bot,"['brick', 'wood', 'sheep', 'wheat', 'ore']",resource,Which resource would you like to receive: ,sheep
bot,"[1, 2, 3, 4]",int,"1=Build, 2=Trade, 3=Dev Cards(Play/Select), 4=End: ",2
bot,"[1, 2, 3]",int,"Player Trade (1), Bank/Port Trade (2), Cancel (3): ",2
bot,"['brick', 'wood', 'sheep', 'wheat', 'ore']",resource,Which resource would you like to trade (give away): ,sheep
bot,"['brick', 'wood', 'sheep', 'wheat', 'ore']",resource,Which resource would you like to receive: ,brick
bot,"[1, 2, 3]",int,"Player Trade (1), Bank/Port Trade (2), Cancel (3): ",3
bot,"[1, 2, 3, 4]",int,"1=Build, 2=Trade, 3=Dev Cards(Play/Select), 4=End: ",4
bot,"range(0, 18)",int,Choosen a Tile [0-18] to move the Robber to: ,14
bot,"['Green', 'Red']",player,"Choose a player to steal from {'Green', 'Red'}: ",Red
bot,"[1, 2, 3, 4]",int,"1=Build, 2=Trade, 3=Dev Cards(Play/Select), 4=End: ",3
bot,"[1, 2, 3]",int,"1=Collect, 2=Play, 3=End:",2
bot,"[1, 2, 3]",int,"1=Collect, 2=Play, 3=End:",1
bot,"[1, 2, 3]",int,"1=Collect, 2=Play, 3=End:",2
bot,"[1, 2, 3]",int,"1=Collect, 2=Play, 3=End:",3
bot,"[1, 2, 3, 4]",int,"1=Build, 2=Trade, 3=Dev Cards(Play/Select), 4=End: ",4
bot,"[1, 2, 3, 4]",int,"1=Build, 2=Trade, 3=Dev Cards(Play/Select), 4=End: ",1
bot,"[1, 2, 3, 4]",int,"1=Settlement, 2=City, 3=Road, 4=End: ",2
bot,"[1, 2, 3, 4]",int,"1=Settlement, 2=City, 3=Road, 4=End: ",4
bot,"[1, 2, 3, 4]",int,"1=Build, 2=Trade, 3=Dev Cards(Play/Select), 4=End: ",3
bot,"[1, 2, 3]",int,"1=Collect, 2=Play, 3=End:",1
bot,"[1, 2, 3]",int,"1=Collect, 2=Play, 3=End:",1
bot,"[1, 2, 3]",int,"1=Collect, 2=Play, 3=End:",3
bot,"[1, 2, 3, 4]",int,"1=Build, 2=Trade, 3=Dev Cards(Play/Select), 4=End: ",4
bot,"[1, 2, 3, 4]",int,"1=Build, 2=Trade, 3=Dev Cards(Play/Select), 4=End: ",1
bot,"[1, 2, 3, 4]",int,"1=Settlement, 2=City, 3=Road, 4=End: ",3
bot,"[1, 2, 3, 4]",int,"1=Settlement, 2=City, 3=Road, 4=End: ",4
bot,"[1, 2, 3, 4]",int,"1=Build, 2=Trade, 3=Dev Cards(Play/Select), 4=End: ",4
bot,"[1, 2, 3, 4]",int,"1=Build, 2=Trade, 3=Dev Cards(Play/Select), 4=End: ",1
bot,"[1, 2, 3, 4]",int,"1=Settlement, 2=City, 3=Road, 4=End: ",4
bot,"[1, 2, 3, 4]",int,"1=Build, 2=Trade, 3=Dev Cards(Play/Select), 4=End: ",1
bot,"[1, 2, 3, 4]",int,"1=Settlement, 2=City, 3=Road, 4=End: ",2
bot,"[1, 2, 3, 4]",int,"1=Settlement, 2=City, 3=Road, 4=End: ",3
bot,"[8, 15, 35, 35, 36, 43, 44, 50, 55, 63, 63]",int,Choose road location - [0-71]: ,36
bot,"[1, 2, 3, 4]",int,"1=Settlement, 2=City, 3=Road, 4=End: ",4
bot,"[1, 2, 3, 4]",int,"1=Build, 2=Trade, 3=Dev Cards(Play/Select), 4=End: ",2
bot,"[1, 2, 3]",int,"Player Trade (1), Bank/Port Trade (2), Cancel (3): ",3
bot,"[1, 2, 3, 4]",int,"1=Build, 2=Trade, 3=Dev Cards(Play/Select), 4=End: ",4
bot,"range(0, 18)",int,Choosen a Tile [0-18] to move the Robber to: ,3
bot,"['Green', 'Red']",player,"Choose a player to steal from {'Green', 'Red'}: ",Red
bot,"['wood', 'wheat', 'ore']",resource,"Which resource would you like to discard: brick, wood, sheep, wheat, ore: ",wood
bot,"['wood', 'wheat', 'ore']",resource,"Which resource would you like to discard: brick, wood, sheep, wheat, ore: ",wheat
bot,"['wood', 'wheat', 'ore']",resource,"Which resource would you like to discard: brick, wood, sheep, wheat, ore: ",wheat
bot,"['wood', 'wheat', 'ore']",resource,"Which resource would you like to discard: brick, wood, sheep, wheat, ore: ",ore
bot,"['wood', 'wheat', 'ore']",resource,"Which resource would you like to discard: brick, wood, sheep, wheat, ore: ",ore
bot,"['wood', 'wheat', 'ore']",resource,"Which resource would you like to discard: brick, wood, sheep, wheat, ore: ",wheat
bot,"[1, 2, 3, 4]",int,"1=Build, 2=Trade, 3=Dev Cards(Play/Select), 4=End: ",4
bot,"[1, 2, 3, 4]",int,"1=Build, 2=Trade, 3=Dev Cards(Play/Select), 4=End: ",4
bot,"[1, 2, 3, 4]",int,"1=Build, 2=Trade, 3=Dev Cards(Play/Select), 4=End: ",4
bot,"[1, 2, 3, 4]",int,"1=Build, 2=Trade, 3=Dev Cards(Play/Select), 4=End: ",3
bot,"[1, 2, 3]",int,"1=Collect, 2=Play, 3=End:",2
bot,"[1, 2, 3]",int,"1=Collect, 2=Play, 3=End:",2
bot,"[1, 2, 3]",int,"1=Collect, 2=Play, 3=End:",3
bot,"[1, 2, 3, 4]",int,"1=Build, 2=Trade, 3=Dev Cards(Play/Select), 4=End: ",2
bot,"[1, 2, 3]",int,"Player Trade (1), Bank/Port Trade (2), Cancel (3): ",1
bot,"['brick', 'wood', 'sheep', 'wheat', 'ore']",resource,Which resource would you like to trade (give away): ,ore
bot,"[1, 2, 3, 4]",int,How many would you like to trade: ,1
bot,"['brick', 'wood', 'sheep', 'wheat', 'ore']",resource,Which resource would you like to trade: ,sheep
bot,"[1, 2, 3]",int,How many would you like to trade: ,1
bot,"['Y', 'N']",action,Red would you like to trade ore for sheep [Y/N]: ,Y
bot,"['Y', 'N']",action,Blue would you like to trade ore for sheep [Y/N]: ,Y
bot,"[1, 2, 3, 4]",int,"1=Build, 2=Trade, 3=Dev Cards(Play/Select), 4=End: ",4
bot,"[1, 2, 3, 4]",int,"1=Build, 2=Trade, 3=Dev Cards(Play/Select), 4=End: ",4
bot,"[1, 2, 3, 4]",int,"1=Build, 2=Trade, 3=Dev Cards(Play/Select), 4=End: ",4
bot,"range(0, 18)",int,Choosen a Tile [0-18] to move the Robber to: ,13
bot,"['Blue', 'Yellow']",player,"Choose a player to steal from {'Blue', 'Yellow'}: ",Blue
bot,"['sheep', 'wood', 'wheat', 'ore']",resource,"Which resource would you like to discard: brick, wood, sheep, wheat, ore: ",wood
bot,"['sheep', 'wood', 'wheat', 'ore']",resource,"Which resource would you like to discard: brick, wood, sheep, wheat, ore: ",wheat
bot,"['sheep', 'wood', 'wheat', 'ore']",resource,"Which resource would you like to discard: brick, wood, sheep, wheat, ore: ",wood
bot,"['sheep', 'wood', 'wheat', 'ore']",resource,"Which resource would you like to discard: brick, wood, sheep, wheat, ore: ",sheep
bot,"['sheep', 'wood', 'wheat', 'ore']",resource,"Which resource would you like to discard: brick, wood, sheep, wheat, ore: ",wheat
bot,"['wood', 'wheat', 'ore']",resource,"Which resource would you like to discard: brick, wood, sheep, wheat, ore: ",ore
bot,"['wood', 'wheat', 'ore']",resource,"Which resource would you like to discard: brick, wood, sheep, wheat, ore: ",ore
bot,"['wood', 'wheat', 'ore']",resource,"Which resource would you like to discard: brick, wood, sheep, wheat, ore: ",ore
bot,"['wood', 'wheat', 'ore']",resource,"Which resource would you like to discard: brick, wood, sheep, wheat, ore: ",wood
bot,"['wood', 'wheat', 'ore']",resource,"Which resource would you like to discard: brick, wood, sheep, wheat, ore: ",wood
bot,"['wood', 'wheat']",resource,"Which resource would you like to discard: brick, wood, sheep, wheat, ore: ",wood
bot,"['wood', 'wheat']",resource,"Which resource would you like to discard: brick, wood, sheep, wheat, ore: ",wood
bot,['wheat'],resource,"Which resource would you like to discard: brick, wood, sheep, wheat, ore: ",wheat
bot,['wheat'],resource,"Which resource would you like to discard: brick, wood, sheep, wheat, ore: ",wheat
bot,"[1, 2, 3, 4]",int,"1=Build, 2=Trade, 3=Dev Cards(Play/Select), 4=End: ",2
bot,"[1, 2, 3]",int,"Player Trade (1), Bank/Port Trade (2), Cancel (3): ",3
bot,"[1, 2, 3, 4]",int,"1=Build, 2=Trade, 3=Dev Cards(Play/Select), 4=End: ",1
bot,"[1, 2, 3, 4]",int,"1=Settlement, 2=City, 3=Road, 4=End: ",4
bot,"[1, 2, 3, 4]",int,"1=Build, 2=Trade, 3=Dev Cards(Play/Select), 4=End: ",4
bot,"range(0, 18)",int,Choosen a Tile [0-18] to move the Robber to: ,4
bot,['Red'],player,Choose a player to steal from {'Red'}: ,Red
bot,"[1, 2, 3, 4]",int,"1=Build, 2=Trade, 3=Dev Cards(Play/Select), 4=End: ",3
bot,"[1, 2, 3]",int,"1=Collect, 2=Play, 3=End:",3
bot,"[1, 2, 3, 4]",int,"1=Build, 2=Trade, 3=Dev Cards(Play/Select), 4=End: ",1
bot,"[1, 2, 3, 4]",int,"1=Settlement, 2=City, 3=Road, 4=End: ",4
bot,"[1, 2, 3, 4]",int,"1=Build, 2=Trade, 3=Dev Cards(Play/Select), 4=End: ",2
bot,"[1, 2, 3]",int,"Player Trade (1), Bank/Port Trade (2), Cancel (3): ",3
bot,"[1, 2, 3, 4]",int,"1=Build, 2=Trade, 3=Dev Cards(Play/Select), 4=End: ",2
bot,"[1, 2, 3]",int,"Player Trade (1), Bank/Port Trade (2), Cancel (3): ",1
bot,"['brick', 'wood', 'sheep', 'wheat', 'ore']",resource,Which resource would you like to trade (give away): ,wood
bot,"[1, 2, 3, 4]",int,How many would you like to trade: ,2
bot,"['brick', 'wood', 'sheep', 'wheat', 'ore']",resource,Which resource would you like to trade: ,brick
bot,"[1, 2, 3]",int,How many would you like to trade: ,2
bot,"['Y', 'N']",action,Red would you like to trade wood for brick [Y/N]: ,N
bot,"['Y', 'N']",action,Blue would you like to trade wood for brick [Y/N]: ,N
bot,"[1, 2, 3, 4]",int,"1=Build, 2=Trade, 3=Dev Cards(Play/Select), 4=End: ",3
bot,"[1, 2, 3]",int,"1=Collect, 2=Play, 3=End:",2
bot,"[1, 2, 3]",int,"1=Collect, 2=Play, 3=End:",2
bot,"[1, 2, 3]",int,"1=Collect, 2=Play, 3=End:",2
bot,"[1, 2, 3]",int,"1=Collect, 2=Play, 3=End:",3
bot,"[1, 2, 3, 4]",int,"1=Build, 2=Trade, 3=Dev Cards(Play/Select), 4=End: ",1
bot,"[1, 2, 3, 4]",int,"1=Settlement, 2=City, 3=Road, 4=End: ",4
bot,"[1, 2, 3, 4]",int,"1=Build, 2=Trade, 3=Dev Cards(Play/Select), 4=End: ",3
bot,"[1, 2, 3]",int,"1=Collect, 2=Play, 3=End:",2
bot,"[1, 2, 3]",int,"1=Collect, 2=Play, 3=End:",1
bot,"[1, 2, 3]",int,"1=Collect, 2=Play, 3=End:",3
bot,"[1, 2, 3, 4]",int,"1=Build, 2=Trade, 3=Dev Cards(Play/Select), 4=End: ",1
bot,"[1, 2, 3, 4]",int,"1=Settlement, 2=City, 3=Road, 4=End: ",4
bot,"[1, 2, 3, 4]",int,"1=Build, 2=Trade, 3=Dev Cards(Play/Select), 4=End: ",4
bot,"[1, 2, 3, 4]",int,"1=Build, 2=Trade, 3=Dev Cards(Play/Select), 4=End: ",2
bot,"[1, 2, 3]",int,"Player Trade (1), Bank/Port Trade (2), Cancel (3): ",2
bot,"['brick', 'wood', 'sheep', 'wheat', 'ore']",resource,Which resource would you like to trade (give away): ,ore
bot,"['brick', 'wood', 'sheep', 'wheat', 'ore']",resource,Which resource would you like to receive: ,wheat
bot,"[1, 2, 3]",int,"Player Trade (1), Bank/Port Trade (2), Cancel (3): ",2
bot,"['brick', 'wood', 'sheep', 'wheat', 'ore']",resource,Which resource would you like to trade (give away): ,wheat
bot,"['brick', 'wood', 'sheep', 'wheat', 'ore']",resource,Which resource would you like to receive: ,wheat
bot,"[1, 2, 3]",int,"Player Trade (1), Bank/Port Trade (2), Cancel (3): ",3
bot,"[1, 2, 3, 4]",int,"1=Build, 2=Trade, 3=Dev Cards(Play/Select), 4=End: ",3
bot,"[1, 2, 3]",int,"1=Collect, 2=Play, 3=End:",2
bot,"[1, 2, 3]",int,"1=Collect, 2=Play, 3=End:",3
bot,"[1, 2, 3, 4]",int,"1=Build, 2=Trade, 3=Dev Cards(Play/Select), 4=End: ",1
bot,"[1, 2, 3, 4]",int,"1=Settlement, 2=City, 3=Road, 4=End: ",3
bot,"[1, 2, 3, 4]",int,"1=Settlement, 2=City, 3=Road, 4=End: ",2
bot,"[1, 2, 3, 4]",int,"1=Settlement, 2=City, 3=Road, 4=End: ",4
bot,"[1, 2, 3, 4]",int,"1=Build, 2=Trade, 3=Dev Cards(Play/Select), 4=End: ",1
bot,"[1, 2, 3, 4]",int,"1=Settlement, 2=City, 3=Road, 4=End: ",4
bot,"[1, 2, 3, 4]",int,"1=Build, 2=Trade, 3=Dev Cards(Play/Select), 4=End: ",1
bot,"[1, 2, 3, 4]",int,"1=Settlement, 2=City, 3=Road, 4=End: ",1
bot,"[1, 2, 3, 4]",int,"1=Settlement, 2=City, 3=Road, 4=End: ",3
bot,"[1, 2, 3, 4]",int,"1=Settlement, 2=City, 3=Road, 4=End: ",4
bot,"[1, 2, 3, 4]",int,"1=Build, 2=Trade, 3=Dev Cards(Play/Select), 4=End: ",4
bot,"[1, 2, 3, 4]",int,"1=Build, 2=Trade, 3=Dev Cards(Play/Select), 4=End: ",3
bot,"[1, 2, 3]",int,"1=Collect, 2=Play, 3=End:",2
bot,"[1, 2, 3]",int,"1=Collect, 2=Play, 3=End:",3
bot,"[1, 2, 3, 4]",int,"1=Build, 2=Trade, 3=Dev Cards(Play/Select), 4=End: ",3
bot,"[1, 2, 3]",int,"1=Collect, 2=Play, 3=End:",1
bot,"[1, 2, 3]",int,"1=Collect, 2=Play, 3=End:",2
bot,"[1, 2, 3]",int,"1=Collect, 2=Play, 3=End:",2
bot,"[1, 2, 3]",int,"1=Collect, 2=Play, 3=End:",2
bot,"[1, 2, 3]",int,"1=Collect, 2=Play, 3=End:",2
bot,"[1, 2, 3]",int,"1=Collect, 2=Play, 3=End:",2
bot,"[1, 2, 3]",int,"1=Collect, 2=Play, 3=End:",3
bot,"[1, 2, 3, 4]",int,"1=Build, 2=Trade, 3=Dev Cards(Play/Select), 4=End: ",4
bot,"range(0, 18)",int,Choosen a Tile [0-18] to move the Robber to: ,16
bot,['Yellow'],player,Choose a player to steal from {'Yellow'}: ,Yellow
bot,"['sheep', 'wood', 'wheat']",resource,"Which resource would you like to discard: brick, wood, sheep, wheat, ore: ",wood
bot,"['sheep', 'wood', 'wheat']",resource,"Which resource would you like to discard: brick, wood, sheep, wheat, ore: ",sheep
bot,"['sheep', 'wood', 'wheat']",resource,"Which resource would you like to discard: brick, wood, sheep, wheat, ore: ",sheep
bot,"['wood', 'wheat']",resource,"Which resource would you like to discard: brick, wood, sheep, wheat, ore: ",wood
bot,"['wood', 'ore']",resource,"Which resource would you like to discard: brick, wood, sheep, wheat, ore: ",wood
bot,"['wood', 'ore']",resource,"Which resource would you like to discard: brick, wood, sheep, wheat, ore: ",ore
bot,"['wood', 'ore']",resource,"Which resource would you like to discard: brick, wood, sheep, wheat, ore: ",wood
bot,"['wood', 'ore']",resource,"Which resource would you like to discard: brick, wood, sheep, wheat, ore: ",ore
bot,"[1, 2, 3, 4]",int,"1=Build, 2=Trade, 3=Dev Cards(Play/Select), 4=End: ",1
bot,"[1, 2, 3, 4]",int,"1=Settlement, 2=City, 3=Road, 4=End: ",3
bot,"[1, 2, 3, 4]",int,"1=Settlement, 2=City, 3=Road, 4=End: ",1
bot,"[1, 2, 3, 4]",int,"1=Settlement, 2=City, 3=Road, 4=End: ",4
bot,"[1, 2, 3, 4]",int,"1=Build, 2=Trade, 3=Dev Cards(Play/Select), 4=End: ",4
bot,"[1, 2, 3, 4]",int,"1=Build, 2=Trade, 3=Dev Cards(Play/Select), 4=End: ",1
bot,"[1, 2, 3, 4]",int,"1=Settlement, 2=City, 3=Road, 4=End: ",1
bot,"[1, 2, 3, 4]",int,"1=Settlement, 2=City, 3=Road, 4=End: ",1
bot,"[1, 2, 3, 4]",int,"1=Settlement, 2=City, 3=Road, 4=End: ",3
bot,"[1, 2, 3, 4]",int,"1=Settlement, 2=City, 3=Road, 4=End: ",1
bot,"[1, 2, 3, 4]",int,"1=Settlement, 2=City, 3=Road, 4=End: ",3
bot,"[1, 2, 3, 4]",int,"1=Settlement, 2=City, 3=Road, 4=End: ",3
bot,"[1, 2, 3, 4]",int,"1=Settlement, 2=City, 3=Road, 4=End: ",3
bot,"[1, 2, 3, 4]",int,"1=Settlement, 2=City, 3=Road, 4=End: ",4
bot,"[1, 2, 3, 4]",int,"1=Build, 2=Trade, 3=Dev Cards(Play/Select), 4=End: ",3
bot,"[1, 2, 3]",int,"1=Collect, 2=Play, 3=End:",1
bot,"[1, 2, 3]",int,"1=Collect, 2=Play, 3=End:",3
bot,"[1, 2, 3, 4]",int,"1=Build, 2=Trade, 3=Dev Cards(Play/Select), 4=End: ",2
bot,"[1, 2, 3]",int,"Player Trade (1), Bank/Port Trade (2), Cancel (3): ",3
bot,"[1, 2, 3, 4]",int,"1=Build, 2=Trade, 3=Dev Cards(Play/Select), 4=End: ",2
bot,"[1, 2, 3]",int,"Player Trade (1), Bank/Port Trade (2), Cancel (3): ",2
bot,"['brick', 'wood', 'sheep', 'wheat', 'ore']",resource,Which resource would you like to trade (give away): ,brick
bot,"['brick', 'wood', 'sheep', 'wheat', 'ore']",resource,Which resource would you like to receive: ,brick
bot,"[1, 2, 3]",int,"Player Trade (1), Bank/Port Trade (2), Cancel (3): ",2
bot,"['brick', 'wood', 'sheep', 'wheat', 'ore']",resource,Which resource would you like to trade (give away): ,sheep
bot,"['brick', 'wood', 'sheep', 'wheat', 'ore']",resource,Which resource would you like to receive: ,wheat
bot,"[1, 2, 3]",int,"Player Trade (1), Bank/Port Trade (2), Cancel (3): ",3
bot,"[1, 2, 3, 4]",int,"1=Build, 2=Trade, 3=Dev Cards(Play/Select), 4=End: ",2
bot,"[1, 2, 3]",int,"Player Trade (1), Bank/Port Trade (2), Cancel (3): ",1
bot,"['brick', 'wood', 'sheep', 'wheat', 'ore']",resource,Which resource would you like to trade (give away): ,sheep
bot,"[1, 2, 3, 4]",int,How many would you like to trade: ,4
bot,"['brick', 'wood', 'sheep', 'wheat', 'ore']",resource,Which resource would you like to trade: ,sheep
bot,"[1, 2, 3]",int,How many would you like to trade: ,3
bot,"[1, 2, 3, 4]",int,"1=Build, 2=Trade, 3=Dev Cards(Play/Select), 4=End: ",3
bot,"[1, 2, 3]",int,"1=Collect, 2=Play, 3=End:",1
bot,"[1, 2, 3]",int,"1=Collect, 2=Play, 3=End:",1
bot,"[1, 2, 3]",int,"1=Collect, 2=Play, 3=End:",1
bot,"[1, 2, 3]",int,"1=Collect, 2=Play, 3=End:",3
bot,"[1, 2, 3, 4]",int,"1=Build, 2=Trade, 3=Dev Cards(Play/Select), 4=End: ",3
bot,"[1, 2, 3]",int,"1=Collect, 2=Play, 3=End:",1
bot,"[1, 2, 3]",int,"1=Collect, 2=Play, 3=End:",1
bot,"[1, 2, 3]",int,"1=Collect, 2=Play, 3=End:",1
bot,"[1, 2, 3]",int,"1=Collect, 2=Play, 3=End:",3
bot,"[1, 2, 3, 4]",int,"1=Build, 2=Trade, 3=Dev Cards(Play/Select), 4=End: ",1
bot,"[1, 2, 3, 4]",int,"1=Settlement, 2=City, 3=Road, 4=End: ",3
bot,"[1, 2, 3, 4]",int,"1=Settlement, 2=City, 3=Road, 4=End: ",4
bot,"[1, 2, 3, 4]",int,"1=Build, 2=Trade, 3=Dev Cards(Play/Select), 4=End: ",4
bot,"[1, 2, 3, 4]",int,"1=Build, 2=Trade, 3=Dev Cards(Play/Select), 4=End: ",3
bot,"[1, 2, 3]",int,"1=Collect, 2=Play, 3=End:",2
bot,"[1, 2, 3]",int,"1=Collect, 2=Play, 3=End:",2
bot,"[1, 2, 3]",int,"1=Collect, 2=Play, 3=End:",1
bot,"[1, 2, 3]",int,"1=Collect, 2=Play, 3=End:",2
bot,['knight'],card,"Which dev card would you like to play from - [Knight(color=None, played=False, player=None, name='knight')]: ",knight
bot,"range(0, 18)",int,Choosen a Tile [0-18] to move the Robber to: ,7
bot,['Green'],player,Choose a player to steal from {'Green'}: ,Green
bot,"[1, 2, 3, 4]",int,"1=Build, 2=Trade, 3=Dev Cards(Play/Select), 4=End: ",3
bot,"[1, 2, 3]",int,"1=Collect, 2=Play, 3=End:",2
bot,"[1, 2, 3]",int,"1=Collect, 2=Play, 3=End:",2
bot,"[1, 2, 3]",int,"1=Collect, 2=Play, 3=End:",1
bot,"[1, 2, 3]",int,"1=Collect, 2=Play, 3=End:",2
bot,"[1, 2, 3]",int,"1=Collect, 2=Play, 3=End:",2
bot,"[1, 2, 3]",int,"1=Collect, 2=Play, 3=End:",1
bot,"[1, 2, 3]",int,"1=Collect, 2=Play, 3=End:",1
bot,"[1, 2, 3]",int,"1=Collect, 2=Play, 3=End:",3
bot,"[1, 2, 3, 4]",int,"1=Build, 2=Trade, 3=Dev Cards(Play/Select), 4=End: ",2
bot,"[1, 2, 3]",int,"Player Trade (1), Bank/Port Trade (2), Cancel (3): ",2
bot,"['brick', 'wood', 'sheep', 'wheat', 'ore']",resource,Which resource would you like to trade (give away): ,ore
bot,"['brick', 'wood', 'sheep', 'wheat', 'ore']",resource,Which resource would you like to receive: ,wood
bot,"[1, 2, 3, 4]",int,"1=Build, 2=Trade, 3=Dev Cards(Play/Select), 4=End: ",1
bot,"[1, 2, 3, 4]",int,"1=Settlement, 2=City, 3=Road, 4=End: ",2
bot,"[1, 2, 3, 4]",int,"1=Settlement, 2=City, 3=Road, 4=End: ",4
bot,"[1, 2, 3, 4]",int,"1=Build, 2=Trade, 3=Dev Cards(Play/Select), 4=End: ",3
bot,"[1, 2, 3]",int,"1=Collect, 2=Play, 3=End:",1
bot,"[1, 2, 3]",int,"1=Collect, 2=Play, 3=End:",1
bot,"[1, 2, 3]",int,"1=Collect, 2=Play, 3=End:",2
bot,"[1, 2, 3]",int,"1=Collect, 2=Play, 3=End:",2
bot,"[1, 2, 3]",int,"1=Collect, 2=Play, 3=End:",1
bot,"[1, 2, 3]",int,"1=Collect, 2=Play, 3=End:",2
bot,"[1, 2, 3]",int,"1=Collect, 2=Play, 3=End:",3
bot,"[1, 2, 3, 4]",int,"1=Build, 2=Trade, 3=Dev Cards(Play/Select), 4=End: ",1
bot,"[1, 2, 3, 4]",int,"1=Settlement, 2=City, 3=Road, 4=End: ",2
bot,"[1, 2, 3, 4]",int,"1=Settlement, 2=City, 3=Road, 4=End: ",2
bot,"[1, 2, 3, 4]",int,"1=Settlement, 2=City, 3=Road, 4=End: ",2
bot,"[1, 2, 3, 4]",int,"1=Settlement, 2=City, 3=Road, 4=End: ",2
bot,"[1, 2, 3, 4]",int,"1=Settlement, 2=City, 3=Road, 4=End: ",2
bot,"[1, 2, 3, 4]",int,"1=Settlement, 2=City, 3=Road, 4=End: ",1
bot,"[1, 2, 3, 4]",int,"1=Settlement, 2=City, 3=Road, 4=End: ",1
bot,"[1, 2, 3, 4]",int,"1=Settlement, 2=City, 3=Road, 4=End: ",3
bot,"[1, 2, 3, 4]",int,"1=Settlement, 2=City, 3=Road, 4=End: ",4
bot,"[1, 2, 3, 4]",int,"1=Build, 2=Trade, 3=Dev Cards(Play/Select), 4=End: ",3
bot,"[1, 2, 3]",int,"1=Collect, 2=Play, 3=End:",2
bot,"[1, 2, 3]",int,"1=Collect, 2=Play, 3=End:",2
bot,"[1, 2, 3]",int,"1=Collect, 2=Play, 3=End:",3
bot,"[1, 2, 3, 4]",int,"1=Build, 2=Trade, 3=Dev Cards(Play/Select), 4=End: ",3
bot,"[1, 2, 3]",int,"1=Collect, 2=Play, 3=End:",2
bot,"[1, 2, 3]",int,"1=Collect, 2=Play, 3=End:",1
bot,"[1, 2, 3]",int,"1=Collect, 2=Play, 3=End:",3
bot,"[1, 2, 3, 4]",int,"1=Build, 2=Trade, 3=Dev Cards(Play/Select), 4=End: ",2
bot,"[1, 2, 3]",int,"Player Trade (1), Bank/Port Trade (2), Cancel (3): ",3
bot,"[1, 2, 3, 4]",int,"1=Build, 2=Trade, 3=Dev Cards(Play/Select), 4=End: ",3
bot,"[1, 2, 3]",int,"1=Collect, 2=Play, 3=End:",1
bot,"[1, 2, 3]",int,"1=Collect, 2=Play, 3=End:",2
bot,"[1, 2, 3]",int,"1=Collect, 2=Play, 3=End:",1
bot,"[1, 2, 3]",int,"1=Collect, 2=Play, 3=End:",1
bot,"[1, 2, 3]",int,"1=Collect, 2=Play, 3=End:",1
bot,"[1, 2, 3]",int,"1=Collect, 2=Play, 3=End:",2
bot,"[1, 2, 3]",int,"1=Collect, 2=Play, 3=End:",1
bot,"[1, 2, 3]",int,"1=Collect, 2=Play, 3=End:",3
bot,"[1, 2, 3, 4]",int,"1=Build, 2=Trade, 3=Dev Cards(Play/Select), 4=End: ",4
bot,"[1, 2, 3, 4]",int,"1=Build, 2=Trade, 3=Dev Cards(Play/Select), 4=End: ",2
bot,"[1, 2, 3]",int,"Player Trade (1), Bank/Port Trade (2), Cancel (3): ",3
bot,"[1, 2, 3, 4]",int,"1=Build, 2=Trade, 3=Dev Cards(Play/Select), 4=End: ",3
bot,"[1, 2, 3]",int,"1=Collect, 2=Play, 3=End:",2
bot,"[1, 2, 3]",int,"1=Collect, 2=Play, 3=End:",1
bot,"[1, 2, 3]",int,"1=Collect, 2=Play, 3=End:",1
bot,"[1, 2, 3]",int,"1=Collect, 2=Play, 3=End:",2
bot,"[1, 2, 3]",int,"1=Collect, 2=Play, 3=End:",3
bot,"[1, 2, 3, 4]",int,"1=Build, 2=Trade, 3=Dev Cards(Play/Select), 4=End: ",1
bot,"[1, 2, 3, 4]",int,"1=Settlement, 2=City, 3=Road, 4=End: ",3
bot,"[1, 2, 3, 4]",int,"1=Settlement, 2=City, 3=Road, 4=End: ",1
bot,"[1, 2, 3, 4]",int,"1=Settlement, 2=City, 3=Road, 4=End: ",2
bot,"[1, 2, 3, 4]",int,"1=Settlement, 2=City, 3=Road, 4=End: ",3
bot,"[1, 2, 3, 4]",int,"1=Settlement, 2=City, 3=Road, 4=End: ",3
bot,"[1, 2, 3, 4]",int,"1=Settlement, 2=City, 3=Road, 4=End: ",1
bot,"[1, 2, 3, 4]",int,"1=Settlement, 2=City, 3=Road, 4=End: ",2
bot,"[1, 2, 3, 4]",int,"1=Settlement, 2=City, 3=Road, 4=End: ",1
bot,"[1, 2, 3, 4]",int,"1=Settlement, 2=City, 3=Road, 4=End: ",1
bot,"[1, 2, 3, 4]",int,"1=Settlement, 2=City, 3=Road, 4=End: ",2
bot,"[1, 2, 3, 4]",int,"1=Settlement, 2=City, 3=Road, 4=End: ",3
bot,"[1, 2, 3, 4]",int,"1=Settlement, 2=City, 3=Road, 4=End: ",2
bot,"[1, 2, 3, 4]",int,"1=Settlement, 2=City, 3=Road, 4=End: ",3
bot,"[1, 2, 3, 4]",int,"1=Settlement, 2=City, 3=Road, 4=End: ",4
bot,"[1, 2, 3, 4]",int,"1=Build, 2=Trade, 3=Dev Cards(Play/Select), 4=End: ",1
bot,"[1, 2, 3, 4]",int,"1=Settlement, 2=City, 3=Road, 4=End: ",1
bot,"[1, 2, 3, 4]",int,"1=Settlement, 2=City, 3=Road, 4=End: ",1
bot,"[1, 2, 3, 4]",int,"1=Settlement, 2=City, 3=Road, 4=End: ",3
bot,"[1, 2, 3, 4]",int,"1=Settlement, 2=City, 3=Road, 4=End: ",2
bot,"[1, 2, 3, 4]",int,"1=Settlement, 2=City, 3=Road, 4=End: ",4
bot,"[1, 2, 3, 4]",int,"1=Build, 2=Trade, 3=Dev Cards(Play/Select), 4=End: ",1
bot,"[1, 2, 3, 4]",int,"1=Settlement, 2=City, 3=Road, 4=End: ",1
bot,"[1, 2, 3, 4]",int,"1=Settlement, 2=City, 3=Road, 4=End: ",2
bot,"[1, 2, 3, 4]",int,"1=Settlement, 2=City, 3=Road, 4=End: ",4
bot,"[1, 2, 3, 4]",int,"1=Build, 2=Trade, 3=Dev Cards(Play/Select), 4=End: ",1
bot,"[1, 2, 3, 4]",int,"1=Settlement, 2=City, 3=Road, 4=End: ",1
bot,"[1, 2, 3, 4]",int,"1=Settlement, 2=City, 3=Road, 4=End: ",1
bot,"[1, 2, 3, 4]",int,"1=Settlement, 2=City, 3=Road, 4=End: ",4
bot,"[1, 2, 3, 4]",int,"1=Build, 2=Trade, 3=Dev Cards(Play/Select), 4=End: ",3
bot,"[1, 2, 3]",int,"1=Collect, 2=Play, 3=End:",1
bot,"[1, 2, 3]",int,"1=Collect, 2=Play, 3=End:",3
bot,"[1, 2, 3, 4]",int,"1=Build, 2=Trade, 3=Dev Cards(Play/Select), 4=End: ",1
bot,"[1, 2, 3, 4]",int,"1=Settlement, 2=City, 3=Road, 4=End: ",2
bot,"[1, 2, 3, 4]",int,"1=Settlement, 2=City, 3=Road, 4=End: ",2
bot,"[1, 2, 3, 4]",int,"1=Settlement, 2=City, 3=Road, 4=End: ",4
bot,"[1, 2, 3, 4]",int,"1=Build, 2=Trade, 3=Dev Cards(Play/Select), 4=End: ",2
bot,"[1, 2, 3]",int,"Player Trade (1), Bank/Port Trade (2), Cancel (3): ",2
bot,"['brick', 'wood', 'sheep', 'wheat', 'ore']",resource,Which resource would you like to trade (give away): ,wheat
bot,"['brick', 'wood', 'sheep', 'wheat', 'ore']",resource,Which resource would you like to receive: ,brick
bot,"[1, 2, 3]",int,"Player Trade (1), Bank/Port Trade (2), Cancel (3): ",2
bot,"['brick', 'wood', 'sheep', 'wheat', 'ore']",resource,Which resource would you like to trade (give away): ,sheep
bot,"['brick', 'wood', 'sheep', 'wheat', 'ore']",resource,Which resource would you like to receive: ,sheep
bot,"[1, 2, 3]",int,"Player Trade (1), Bank/Port Trade (2), Cancel (3): ",1
bot,"['brick', 'wood', 'sheep', 'wheat', 'ore']",resource,Which resource would you like to trade (give away): ,ore
bot,"[1, 2, 3, 4]",int,How many would you like to trade: ,1
bot,"['brick', 'wood', 'sheep', 'wheat', 'ore']",resource,Which resource would you like to trade: ,brick
bot,"[1, 2, 3]",int,How many would you like to trade: ,1
bot,"['Y', 'N']",action,Yellow would you like to trade ore for brick [Y/N]: ,N
bot,"[1, 2, 3, 4]",int,"1=Build, 2=Trade, 3=Dev Cards(Play/Select), 4=End: ",1
bot,"[1, 2, 3, 4]",int,"1=Settlement, 2=City, 3=Road, 4=End: ",4
bot,"[1, 2, 3, 4]",int,"1=Build, 2=Trade, 3=Dev Cards(Play/Select), 4=End: ",4
bot,"[1, 2, 3, 4]",int,"1=Build, 2=Trade, 3=Dev Cards(Play/Select), 4=End: ",2
bot,"[1, 2, 3]",int,"Player Trade (1), Bank/Port Trade (2), Cancel (3): ",2
bot,"['brick', 'wood', 'sheep', 'wheat', 'ore']",resource,Which resource would you like to trade (give away): ,sheep
bot,"['brick', 'wood', 'sheep', 'wheat', 'ore']",resource,Which resource would you like to receive: ,brick
bot,"[1, 2, 3]",int,"Player Trade (1), Bank/Port Trade (2), Cancel (3): ",1
bot,"['brick', 'wood', 'sheep', 'wheat', 'ore']",resource,Which resource would you like to trade (give away): ,sheep
bot,"[1, 2, 3, 4]",int,How many would you like to trade: ,4
bot,"['brick', 'wood', 'sheep', 'wheat', 'ore']",resource,Which resource would you like to trade: ,sheep
bot,"[1, 2, 3]",int,How many would you like to trade: ,3
bot,"[1, 2, 3, 4]",int,"1=Build, 2=Trade, 3=Dev Cards(Play/Select), 4=End: ",1
bot,"[1, 2, 3, 4]",int,"1=Settlement, 2=City, 3=Road, 4=End: ",1
bot,"[1, 2, 3, 4]",int,"1=Settlement, 2=City, 3=Road, 4=End: ",1
bot,"[1, 2, 3, 4]",int,"1=Settlement, 2=City, 3=Road, 4=End: ",3
bot,"[1, 2, 3, 4]",int,"1=Settlement, 2=City, 3=Road, 4=End: ",2
bot,"[1, 2, 3, 4]",int,"1=Settlement, 2=City, 3=Road, 4=End: ",1
bot,"[1, 2, 3, 4]",int,"1=Settlement, 2=City, 3=Road, 4=End: ",4
bot,"[1, 2, 3, 4]",int,"1=Build, 2=Trade, 3=Dev Cards(Play/Select), 4=End: ",3
bot,"[1, 2, 3]",int,"1=Collect, 2=Play, 3=End:",1
bot,"[1, 2, 3]",int,"1=Collect, 2=Play, 3=End:",2
bot,"[1, 2, 3]",int,"1=Collect, 2=Play, 3=End:",2
bot,"[1, 2, 3]",int,"1=Collect, 2=Play, 3=End:",2
bot,"[1, 2, 3]",int,"1=Collect, 2=Play, 3=End:",2
bot,"[1, 2, 3]",int,"1=Collect, 2=Play, 3=End:",1
bot,"[1, 2, 3]",int,"1=Collect, 2=Play, 3=End:",3
bot,"[1, 2, 3, 4]",int,"1=Build, 2=Trade, 3=Dev Cards(Play/Select), 4=End: ",2
bot,"[1, 2, 3]",int,"Player Trade (1), Bank/Port Trade (2), Cancel (3): ",1
bot,"['brick', 'wood', 'sheep', 'wheat', 'ore']",resource,Which resource would you like to trade (give away): ,brick
bot,"[1, 2, 3, 4]",int,How many would you like to trade: ,3
bot,"['brick', 'wood', 'sheep', 'wheat', 'ore']",resource,Which resource would you like to trade: ,brick
bot,"[1, 2, 3]",int,How many would you like to trade: ,1
bot,"['Y', 'N']",action,Yellow would you like to trade brick for brick [Y/N]: ,Y
bot,"[1, 2, 3, 4]",int,"1=Build, 2=Trade, 3=Dev Cards(Play/Select), 4=End: ",3
bot,"[1, 2, 3]",int,"1=Collect, 2=Play, 3=End:",2
bot,"[1, 2, 3]",int,"1=Collect, 2=Play, 3=End:",3
bot,"[1, 2, 3, 4]",int,"1=Build, 2=Trade, 3=Dev Cards(Play/Select), 4=End: ",4
bot,"[1, 2, 3, 4]",int,"1=Build, 2=Trade, 3=Dev Cards(Play/Select), 4=End: ",4
bot,"[1, 2, 3, 4]",int,"1=Build, 2=Trade, 3=Dev Cards(Play/Select), 4=End: ",4
bot,"[1, 2, 3, 4]",int,"1=Build, 2=Trade, 3=Dev Cards(Play/Select), 4=End: ",1
bot,"[1, 2, 3, 4]",int,"1=Settlement, 2=City, 3=Road, 4=End: ",3
bot,"[1, 2, 3, 4]",int,"1=Settlement, 2=City, 3=Road, 4=End: ",2
bot,"[1, 2, 3, 4]",int,"1=Settlement, 2=City, 3=Road, 4=End: ",2
bot,"[1, 2, 3, 4]",int,"1=Settlement, 2=City, 3=Road, 4=End: ",3
bot,"[1, 2, 3, 4]",int,"1=Settlement, 2=City, 3=Road, 4=End: ",1
bot,"[1, 2, 3, 4]",int,"1=Settlement, 2=City, 3=Road, 4=End: ",2
bot,"[1, 2, 3, 4]",int,"1=Settlement, 2=City, 3=Road, 4=End: ",2
bot,"[1, 2, 3, 4]",int,"1=Settlement, 2=City, 3=Road, 4=End: ",4
bot,"[1, 2, 3, 4]",int,"1=Build, 2=Trade, 3=Dev Cards(Play/Select), 4=End: ",4
bot,"[1, 2, 3, 4]",int,"1=Build, 2=Trade, 3=Dev Cards(Play/Select), 4=End: ",1
bot,"[1, 2, 3, 4]",int,"1=Settlement, 2=City, 3=Road, 4=End: ",4
bot,"[1, 2, 3, 4]",int,"1=Build, 2=Trade, 3=Dev Cards(Play/Select), 4=End: ",4
bot,"range(0, 18)",int,Choosen a Tile [0-18] to move the Robber to: ,6
bot,"['wood', 'ore', 'brick']",resource,"Which resource would you like to discard: brick, wood, sheep, wheat, ore: ",brick
bot,"['wood', 'ore', 'brick']",resource,"Which resource would you like to discard: brick, wood, sheep, wheat, ore: ",brick
bot,"['wood', 'ore', 'brick']",resource,"Which resource would you like to discard: brick, wood, sheep, wheat, ore: ",brick
bot,"['wood', 'ore']",resource,"Which resource would you like to discard: brick, wood, sheep, wheat, ore: ",wood
bot,"['wood', 'ore']",resource,"Which resource would you like to discard: brick, wood, sheep, wheat, ore: ",ore
bot,"['sheep', 'wood', 'wheat', 'ore']",resource,"Which resource would you like to discard: brick, wood, sheep, wheat, ore: ",wheat
bot,"['sheep', 'wood', 'wheat', 'ore']",resource,"Which resource would you like to discard: brick, wood, sheep, wheat, ore: ",ore
bot,"['sheep', 'wood', 'wheat', 'ore']",resource,"Which resource would you like to discard: brick, wood, sheep, wheat, ore: ",ore
bot,"['sheep', 'wood', 'wheat', 'ore']",resource,"Which resource would you like to discard: brick, wood, sheep, wheat, ore: ",ore
bot,"['sheep', 'wood', 'wheat', 'ore']",resource,"Which resource would you like to discard: brick, wood, sheep, wheat, ore: ",wheat
bot,"['sheep', 'wood', 'wheat', 'ore']",resource,"Which resource would you like to discard: brick, wood, sheep, wheat, ore: ",wood
bot,"['sheep', 'wood', 'wheat', 'ore']",resource,"Which resource would you like to discard: brick, wood, sheep, wheat, ore: ",wood
bot,"['sheep', 'wood', 'wheat', 'ore']",resource,"Which resource would you like to discard: brick, wood, sheep, wheat, ore: ",sheep
bot,"['sheep', 'wood', 'wheat', 'brick']",resource,"Which resource would you like to discard: brick, wood, sheep, wheat, ore: ",sheep
bot,"['sheep', 'wood', 'wheat', 'brick']",resource,"Which resource would you like to discard: brick, wood, sheep, wheat, ore: ",wood
bot,"['sheep', 'wheat', 'brick']",resource,"Which resource would you like to discard: brick, wood, sheep, wheat, ore: ",brick
bot,"['sheep', 'wheat']",resource,"Which resource would you like to discard: brick, wood, sheep, wheat, ore: ",wheat
bot,"[1, 2, 3, 4]",int,"1=Build, 2=Trade, 3=Dev Cards(Play/Select), 4=End: ",4
bot,"[1, 2, 3, 4]",int,"1=Build, 2=Trade, 3=Dev Cards(Play/Select), 4=End: ",1
bot,"[1, 2, 3, 4]",int,"1=Settlement, 2=City, 3=Road, 4=End: ",3
bot,"[1, 2, 3, 4]",int,"1=Settlement, 2=City, 3=Road, 4=End: ",4
bot,"[1, 2, 3, 4]",int,"1=Build, 2=Trade, 3=Dev Cards(Play/Select), 4=End: ",4
bot,"[1, 2, 3, 4]",int,"1=Build, 2=Trade, 3=Dev Cards(Play/Select), 4=End: ",1
bot,"[1, 2, 3, 4]",int,"1=Settlement, 2=City, 3=Road, 4=End: ",3
bot,"[1, 2, 3, 4]",int,"1=Settlement, 2=City, 3=Road, 4=End: ",2
bot,"[1, 2, 3, 4]",int,"1=Settlement, 2=City, 3=Road, 4=End: ",2
bot,"[1, 2, 3, 4]",int,"1=Settlement, 2=City, 3=Road, 4=End: ",1
bot,"[1, 2, 3, 4]",int,"1=Settlement, 2=City, 3=Road, 4=End: ",3
bot,"[1, 2, 3, 4]",int,"1=Settlement, 2=City, 3=Road, 4=End: ",4
bot,"[1, 2, 3, 4]",int,"1=Build, 2=Trade, 3=Dev Cards(Play/Select), 4=End: ",4
bot,"[1, 2, 3, 4]",int,"1=Build, 2=Trade, 3=Dev Cards(Play/Select), 4=End: ",3
bot,"[1, 2, 3]",int,"1=Collect, 2=Play, 3=End:",1
bot,"[1, 2, 3]",int,"1=Collect, 2=Play, 3=End:",3
bot,"[1, 2, 3, 4]",int,"1=Build, 2=Trade, 3=Dev Cards(Play/Select), 4=End: ",1
bot,"[1, 2, 3, 4]",int,"1=Settlement, 2=City, 3=Road, 4=End: ",1
bot,"[1, 2, 3, 4]",int,"1=Settlement, 2=City, 3=Road, 4=End: ",2
bot,"[1, 2, 3, 4]",int,"1=Settlement, 2=City, 3=Road, 4=End: ",4
bot,"[1, 2, 3, 4]",int,"1=Build, 2=Trade, 3=Dev Cards(Play/Select), 4=End: ",2
bot,"[1, 2, 3]",int,"Player Trade (1), Bank/Port Trade (2), Cancel (3): ",1
bot,"['brick', 'wood', 'sheep', 'wheat', 'ore']",resource,Which resource would you like to trade (give away): ,brick
bot,"[1, 2, 3, 4]",int,How many would you like to trade: ,1
bot,"['brick', 'wood', 'sheep', 'wheat', 'ore']",resource,Which resource would you like to trade: ,ore
bot,"[1, 2, 3]",int,How many would you like to trade: ,1
bot,"['Y', 'N']",action,Yellow would you like to trade brick for ore [Y/N]: ,Y
bot,"['Y', 'N']",action,Green would you like to trade brick for ore [Y/N]: ,N
bot,"[1, 2, 3, 4]",int,"1=Build, 2=Trade, 3=Dev Cards(Play/Select), 4=End: ",1
bot,"[1, 2, 3, 4]",int,"1=Settlement, 2=City, 3=Road, 4=End: ",4
bot,"[1, 2, 3, 4]",int,"1=Build, 2=Trade, 3=Dev Cards(Play/Select), 4=End: ",3
bot,"[1, 2, 3]",int,"1=Collect, 2=Play, 3=End:",1
bot,"[1, 2, 3]",int,"1=Collect, 2=Play, 3=End:",3
bot,"[1, 2, 3, 4]",int,"1=Build, 2=Trade, 3=Dev Cards(Play/Select), 4=End: ",4
bot,"[1, 2, 3, 4]",int,"1=Build, 2=Trade, 3=Dev Cards(Play/Select), 4=End: ",2
bot,"[1, 2, 3]",int,"Player Trade (1), Bank/Port Trade (2), Cancel (3): ",1
bot,"['brick', 'wood', 'sheep', 'wheat', 'ore']",resource,Which resource would you like to trade (give away): ,wheat
bot,"[1, 2, 3, 4]",int,How many would you like to trade: ,1
bot,"['brick', 'wood', 'sheep', 'wheat', 'ore']",resource,Which resource would you like to trade: ,wheat
bot,"[1, 2, 3]",int,How many would you like to trade: ,1
bot,"['Y', 'N']",action,Red would you like to trade wheat for wheat [Y/N]: ,N
bot,"['Y', 'N']",action,Blue would you like to trade wheat for wheat [Y/N]: ,Y
bot,"['Y', 'N']",action,Green would you like to trade wheat for wheat [Y/N]: ,N
bot,"[1, 2, 3, 4]",int,"1=Build, 2=Trade, 3=Dev Cards(Play/Select), 4=End: ",3
bot,"[1, 2, 3]",int,"1=Collect, 2=Play, 3=End:",2
bot,"[1, 2, 3]",int,"1=Collect, 2=Play, 3=End:",1
bot,"[1, 2, 3]",int,"1=Collect, 2=Play, 3=End:",1
bot,"[1, 2, 3]",int,"1=Collect, 2=Play, 3=End:",2
bot,"[1, 2, 3]",int,"1=Collect, 2=Play, 3=End:",1
bot,"[1, 2, 3]",int,"1=Collect, 2=Play, 3=End:",2
bot,"[1, 2, 3]",int,"1=Collect, 2=Play, 3=End:",1
bot,"[1, 2, 3]",int,"1=Collect, 2=Play, 3=End:",1
bot,"[1, 2, 3]",int,"1=Collect, 2=Play, 3=End:",1
bot,"[1, 2, 3]",int,"1=Collect, 2=Play, 3=End:",3
bot,"[1, 2, 3, 4]",int,"1=Build, 2=Trade, 3=Dev Cards(Play/Select), 4=End: ",3
bot,"[1, 2, 3]",int,"1=Collect, 2=Play, 3=End:",2
bot,"[1, 2, 3]",int,"1=Collect, 2=Play, 3=End:",1
bot,"[1, 2, 3]",int,"1=Collect, 2=Play, 3=End:",3
bot,"[1, 2, 3, 4]",int,"1=Build, 2=Trade, 3=Dev Cards(Play/Select), 4=End: ",4
bot,"[1, 2, 3, 4]",int,"1=Build, 2=Trade, 3=Dev Cards(Play/Select), 4=End: ",3
bot,"[1, 2, 3]",int,"1=Collect, 2=Play, 3=End:",1
bot,"[1, 2, 3]",int,"1=Collect, 2=Play, 3=End:",2
bot,['knight'],card,"Which dev card would you like to play from - [Knight(color=None, played=True, player=None, name='knight'), Knight(color=None, played=False, player=None, name='knight')]: ",knight
bot,"range(0, 18)",int,Choosen a Tile [0-18] to move the Robber to: ,13
bot,['Yellow'],player,Choose a player to steal from {'Yellow'}: ,Yellow
bot,"[1, 2, 3, 4]",int,"1=Build, 2=Trade, 3=Dev Cards(Play/Select), 4=End: ",1
bot,"[1, 2, 3, 4]",int,"1=Settlement, 2=City, 3=Road, 4=End: ",3
bot,"[1, 2, 3, 4]",int,"1=Settlement, 2=City, 3=Road, 4=End: ",1
bot,"[1, 2, 3, 4]",int,"1=Settlement, 2=City, 3=Road, 4=End: ",4
bot,"[1, 2, 3, 4]",int,"1=Build, 2=Trade, 3=Dev Cards(Play/Select), 4=End: ",4
bot,"[1, 2, 3, 4]",int,"1=Build, 2=Trade, 3=Dev Cards(Play/Select), 4=End: ",3
bot,"[1, 2, 3]",int,"1=Collect, 2=Play, 3=End:",2
bot,"[1, 2, 3]",int,"1=Collect, 2=Play, 3=End:",3
bot,"[1, 2, 3, 4]",int,"1=Build, 2=Trade, 3=Dev Cards(Play/Select), 4=End: ",4
bot,"[1, 2, 3, 4]",int,"1=Build, 2=Trade, 3=Dev Cards(Play/Select), 4=End: ",3
bot,"[1, 2, 3]",int,"1=Collect, 2=Play, 3=End:",3
bot,"[1, 2, 3, 4]",int,"1=Build, 2=Trade, 3=Dev Cards(Play/Select), 4=End: ",1
bot,"[1, 2, 3, 4]",int,"1=Settlement, 2=City, 3=Road, 4=End: ",2
bot,"[1, 2, 3, 4]",int,"1=Settlement, 2=City, 3=Road, 4=End: ",3
bot,"[1, 2, 3, 4]",int,"1=Settlement, 2=City, 3=Road, 4=End: ",4
bot,"[1, 2, 3, 4]",int,"1=Build, 2=Trade, 3=Dev Cards(Play/Select), 4=End: ",4
bot,"range(0, 18)",int,Choosen a Tile [0-18] to move the Robber to: ,11
bot,"['sheep', 'wood', 'wheat', 'ore']",resource,"Which resource would you like to discard: brick, wood, sheep, wheat, ore: ",wheat
bot,"['sheep', 'wood', 'wheat', 'ore']",resource,"Which resource would you like to discard: brick, wood, sheep, wheat, ore: ",wood
bot,"['sheep', 'wood', 'wheat', 'ore']",resource,"Which resource would you like to discard: brick, wood, sheep, wheat, ore: ",sheep
bot,"['sheep', 'wood', 'wheat', 'ore']",resource,"Which resource would you like to discard: brick, wood, sheep, wheat, ore: ",ore
bot,"['sheep', 'wood', 'wheat', 'ore']",resource,"Which resource would you like to discard: brick, wood, sheep, wheat, ore: ",sheep
bot,"['sheep', 'wood', 'wheat', 'ore']",resource,"Which resource would you like to discard: brick, wood, sheep, wheat, ore: ",sheep
bot,"['wood', 'wheat', 'ore']",resource,"Which resource would you like to discard: brick, wood, sheep, wheat, ore: ",wheat
bot,"['wood', 'wheat', 'ore']",resource,"Which resource would you like to discard: brick, wood, sheep, wheat, ore: ",ore
bot,"['sheep', 'wood', 'wheat', 'ore']",resource,"Which resource would you like to discard: brick, wood, sheep, wheat, ore: ",sheep
bot,"['sheep', 'wood', 'wheat', 'ore']",resource,"Which resource would you like to discard: brick, wood, sheep, wheat, ore: ",wood
bot,"['sheep', 'wood', 'wheat', 'ore']",resource,"Which resource would you like to discard: brick, wood, sheep, wheat, ore: ",wood
bot,"['sheep', 'wood', 'wheat', 'ore']",resource,"Which resource would you like to discard: brick, wood, sheep, wheat, ore: ",ore
bot,"['sheep', 'wood', 'wheat', 'ore']",resource,"Which resource would you like to discard: brick, wood, sheep, wheat, ore: ",wood
bot,"['sheep', 'wood', 'wheat', 'brick']",resource,"Which resource would you like to discard: brick, wood, sheep, wheat, ore: ",sheep
bot,"['wood', 'wheat', 'brick']",resource,"Which resource would you like to discard: brick, wood, sheep, wheat, ore: ",brick
bot,"['wood', 'wheat']",resource,"Which resource would you like to discard: brick, wood, sheep, wheat, ore: ",wheat
bot,"['wood', 'wheat']",resource,"Which resource would you like to discard: brick, wood, sheep, wheat, ore: ",wheat
bot,"[1, 2, 3, 4]",int,"1=Build, 2=Trade, 3=Dev Cards(Play/Select), 4=End: ",3
bot,"[1, 2, 3]",int,"1=Collect, 2=Play, 3=End:",3
bot,"[1, 2, 3, 4]",int,"1=Build, 2=Trade, 3=Dev Cards(Play/Select), 4=End: ",2
bot,"[1, 2, 3]",int,"Player Trade (1), Bank/Port Trade (2), Cancel (3): ",2
bot,"['brick', 'wood', 'sheep', 'wheat', 'ore']",resource,Which resource would you like to trade (give away): ,brick
bot,"['brick', 'wood', 'sheep', 'wheat', 'ore']",resource,Which resource would you like to receive: ,ore
bot,"[1, 2, 3]",int,"Player Trade (1), Bank/Port Trade (2), Cancel (3): ",1
bot,"['brick', 'wood', 'sheep', 'wheat', 'ore']",resource,Which resource would you like to trade (give away): ,sheep
bot,"[1, 2, 3, 4]",int,How many would you like to trade: ,3
bot,"['brick', 'wood', 'sheep', 'wheat', 'ore']",resource,Which resource would you like to trade: ,brick
bot,"[1, 2, 3]",int,How many would you like to trade: ,3
bot,"[1, 2, 3, 4]",int,"1=Build, 2=Trade, 3=Dev Cards(Play/Select), 4=End: ",3
bot,"[1, 2, 3]",int,"1=Collect, 2=Play, 3=End:",2
bot,"[1, 2, 3]",int,"1=Collect, 2=Play, 3=End:",1
bot,"[1, 2, 3]",int,"1=Collect, 2=Play, 3=End:",1
bot,"[1, 2, 3]",int,"1=Collect, 2=Play, 3=End:",1
bot,"[1, 2, 3]",int,"1=Collect, 2=Play, 3=End:",2
bot,"[1, 2, 3]",int,"1=Collect, 2=Play, 3=End:",2
bot,"[1, 2, 3]",int,"1=Collect, 2=Play, 3=End:",2
bot,"[1, 2, 3]",int,"1=Collect, 2=Play, 3=End:",3
bot,"[1, 2, 3, 4]",int,"1=Build, 2=Trade, 3=Dev Cards(Play/Select), 4=End: ",4
bot,"[1, 2, 3, 4]",int,"1=Build, 2=Trade, 3=Dev Cards(Play/Select), 4=End: ",3
bot,"[1, 2, 3]",int,"1=Collect, 2=Play, 3=End:",1
bot,"[1, 2, 3]",int,"1=Collect, 2=Play, 3=End:",3
bot,"[1, 2, 3, 4]",int,"1=Build, 2=Trade, 3=Dev Cards(Play/Select), 4=End: ",3
bot,"[1, 2, 3]",int,"1=Collect, 2=Play, 3=End:",2
bot,['knight'],card,"Which dev card would you like to play from - [Knight(color=None, played=True, player=None, name='knight'), Knight(color=None, played=True, player=None, name='knight'), Knight(color=None, played=False, player=None, name='knight')]: ",knight
bot,"range(0, 18)",int,Choosen a Tile [0-18] to move the Robber to: ,3
bot,"['Green', 'Red']",player,"Choose a player to steal from {'Green', 'Red'}: ",Red
bot,"[1, 2, 3, 4]",int,"1=Build, 2=Trade, 3=Dev Cards(Play/Select), 4=End: ",2
bot,"[1, 2, 3]",int,"Player Trade (1), Bank/Port Trade (2), Cancel (3): ",2
bot,"['brick', 'wood', 'sheep', 'wheat', 'ore']",resource,Which resource would you like to trade (give away): ,ore
bot,"['brick', 'wood', 'sheep', 'wheat', 'ore']",resource,Which resource would you like to receive: ,ore
bot,"[1, 2, 3]",int,"Player Trade (1), Bank/Port Trade (2), Cancel (3): ",3
bot,"[1, 2, 3, 4]",int,"1=Build, 2=Trade, 3=Dev Cards(Play/Select), 4=End: ",2
bot,"[1, 2, 3]",int,"Player Trade (1), Bank/Port Trade (2), Cancel (3): ",2
bot,"['brick', 'wood', 'sheep', 'wheat', 'ore']",resource,Which resource would you like to trade (give away): ,wheat
bot,"['brick', 'wood', 'sheep', 'wheat', 'ore']",resource,Which resource would you like to receive: ,wood
bot,"[1, 2, 3]",int,"Player Trade (1), Bank/Port Trade (2), Cancel (3): ",3
bot,"[1, 2, 3, 4]",int,"1=Build, 2=Trade, 3=Dev Cards(Play/Select), 4=End: ",1
bot,"[1, 2, 3, 4]",int,"1=Settlement, 2=City, 3=Road, 4=End: ",3
bot,"[1, 2, 3, 4]",int,"1=Settlement, 2=City, 3=Road, 4=End: ",1
bot,"[1, 2, 3, 4]",int,"1=Settlement, 2=City, 3=Road, 4=End: ",3
bot,"[1, 2, 3, 4]",int,"1=Settlement, 2=City, 3=Road, 4=End: ",4
bot,"[1, 2, 3, 4]",int,"1=Build, 2=Trade, 3=Dev Cards(Play/Select), 4=End: ",1
bot,"[1, 2, 3, 4]",int,"1=Settlement, 2=City, 3=Road, 4=End: ",4
bot,"[1, 2, 3, 4]",int,"1=Build, 2=Trade, 3=Dev Cards(Play/Select), 4=End: ",3
bot,"[1, 2, 3]",int,"1=Collect, 2=Play, 3=End:",2
bot,"[1, 2, 3]",int,"1=Collect, 2=Play, 3=End:",3
bot,"[1, 2, 3, 4]",int,"1=Build, 2=Trade, 3=Dev Cards(Play/Select), 4=End: ",2
bot,"[1, 2, 3]",int,"Player Trade (1), Bank/Port Trade (2), Cancel (3): ",1
bot,"['brick', 'wood', 'sheep', 'wheat', 'ore']",resource,Which resource would you like to trade (give away): ,wheat
bot,"[1, 2, 3, 4]",int,How many would you like to trade: ,2
bot,"['brick', 'wood', 'sheep', 'wheat', 'ore']",resource,Which resource would you like to trade: ,sheep
bot,"[1, 2, 3]",int,How many would you like to trade: ,3
bot,"['Y', 'N']",action,Red would you like to trade wheat for sheep [Y/N]: ,N
bot,"['Y', 'N']",action,Green would you like to trade wheat for sheep [Y/N]: ,Y
bot,"[1, 2, 3, 4]",int,"1=Build, 2=Trade, 3=Dev Cards(Play/Select), 4=End: ",4
bot,"[1, 2, 3, 4]",int,"1=Build, 2=Trade, 3=Dev Cards(Play/Select), 4=End: ",2
bot,"[1, 2, 3]",int,"Player Trade (1), Bank/Port Trade (2), Cancel (3): ",3
bot,"[1, 2, 3, 4]",int,"1=Build, 2=Trade, 3=Dev Cards(Play/Select), 4=End: ",1
bot,"[1, 2, 3, 4]",int,"1=Settlement, 2=City, 3=Road, 4=End: ",1
bot,"[1, 2, 3, 4]",int,"1=Settlement, 2=City, 3=Road, 4=End: ",2
bot,"[1, 2, 3, 4]",int,"1=Settlement, 2=City, 3=Road, 4=End: ",3
bot,"[1, 2, 3, 4]",int,"1=Settlement, 2=City, 3=Road, 4=End: ",4
bot,"[1, 2, 3, 4]",int,"1=Build, 2=Trade, 3=Dev Cards(Play/Select), 4=End: ",4
bot,"[1, 2, 3, 4]",int,"1=Build, 2=Trade, 3=Dev Cards(Play/Select), 4=End: ",1
bot,"[1, 2, 3, 4]",int,"1=Settlement, 2=City, 3=Road, 4=End: ",2
bot,"[1, 2, 3, 4]",int,"1=Settlement, 2=City, 3=Road, 4=End: ",4
bot,"[1, 2, 3, 4]",int,"1=Build, 2=Trade, 3=Dev Cards(Play/Select), 4=End: ",1
bot,"[1, 2, 3, 4]",int,"1=Settlement, 2=City, 3=Road, 4=End: ",3
bot,"[1, 2, 3, 4]",int,"1=Settlement, 2=City, 3=Road, 4=End: ",3
bot,"[1, 2, 3, 4]",int,"1=Settlement, 2=City, 3=Road, 4=End: ",4
bot,"[1, 2, 3, 4]",int,"1=Build, 2=Trade, 3=Dev Cards(Play/Select), 4=End: ",1
bot,"[1, 2, 3, 4]",int,"1=Settlement, 2=City, 3=Road, 4=End: ",4
bot,"[1, 2, 3, 4]",int,"1=Build, 2=Trade, 3=Dev Cards(Play/Select), 4=End: ",4
bot,"[1, 2, 3, 4]",int,"1=Build, 2=Trade, 3=Dev Cards(Play/Select), 4=End: ",4
bot,"[1, 2, 3, 4]",int,"1=Build, 2=Trade, 3=Dev Cards(Play/Select), 4=End: ",1
bot,"[1, 2, 3, 4]",int,"1=Settlement, 2=City, 3=Road, 4=End: ",3
bot,"[1, 2, 3, 4]",int,"1=Settlement, 2=City, 3=Road, 4=End: ",4
bot,"[1, 2, 3, 4]",int,"1=Build, 2=Trade, 3=Dev Cards(Play/Select), 4=End: ",4
bot,"range(0, 18)",int,Choosen a Tile [0-18] to move the Robber to: ,6
bot,"['sheep', 'wood', 'wheat', 'ore']",resource,"Which resource would you like to discard: brick, wood, sheep, wheat, ore: ",wood
bot,"['sheep', 'wood', 'wheat', 'ore']",resource,"Which resource would you like to discard: brick, wood, sheep, wheat, ore: ",sheep
bot,"['sheep', 'wood', 'wheat', 'ore']",resource,"Which resource would you like to discard: brick, wood, sheep, wheat, ore: ",sheep
bot,"['wood', 'wheat', 'ore']",resource,"Which resource would you like to discard: brick, wood, sheep, wheat, ore: ",ore
bot,"['wood', 'wheat', 'ore']",resource,"Which resource would you like to discard: brick, wood, sheep, wheat, ore: ",wheat
bot,"['wood', 'wheat', 'ore']",resource,"Which resource would you like to discard: brick, wood, sheep, wheat, ore: ",ore
bot,"['wood', 'wheat']",resource,"Which resource would you like to discard: brick, wood, sheep, wheat, ore: ",wheat
bot,"['wood', 'wheat']",resource,"Which resource would you like to discard: brick, wood, sheep, wheat, ore: ",wheat
bot,"['wood', 'wheat']",resource,"Which resource would you like to discard: brick, wood, sheep, wheat, ore: ",wheat
bot,"['wood', 'ore']",resource,"Which resource would you like to discard: brick, wood, sheep, wheat, ore: ",ore
bot,"['wood', 'ore']",resource,"Which resource would you like to discard: brick, wood, sheep, wheat, ore: ",wood
bot,"['wood', 'ore']",resource,"Which resource would you like to discard: brick, wood, sheep, wheat, ore: ",ore
bot,"['wood', 'ore']",resource,"Which resource would you like to discard: brick, wood, sheep, wheat, ore: ",wood
bot,"['wood', 'ore']",resource,"Which resource would you like to discard: brick, wood, sheep, wheat, ore: ",wood
bot,"['wood', 'ore']",resource,"Which resource would you like to discard: brick, wood, sheep, wheat, ore: ",ore
bot,"['wood', 'wheat', 'ore']",resource,"Which resource would you like to discard: brick, wood, sheep, wheat, ore: ",wheat
bot,"['wood', 'wheat', 'ore']",resource,"Which resource would you like to discard: brick, wood, sheep, wheat, ore: ",ore
bot,"['wood', 'wheat', 'ore']",resource,"Which resource would you like to discard: brick, wood, sheep, wheat, ore: ",wheat
bot,"['wood', 'wheat', 'ore']",resource,"Which resource would you like to discard: brick, wood, sheep, wheat, ore: ",ore
bot,"['wood', 'wheat', 'ore']",resource,"Which resource would you like to discard: brick, wood, sheep, wheat, ore: ",wheat
bot,"[1, 2, 3, 4]",int,"1=Build, 2=Trade, 3=Dev Cards(Play/Select), 4=End: ",3
bot,"[1, 2, 3]",int,"1=Collect, 2=Play, 3=End:",1
bot,"[1, 2, 3]",int,"1=Collect, 2=Play, 3=End:",1
bot,"[1, 2, 3]",int,"1=Collect, 2=Play, 3=End:",3
bot,"[1, 2, 3, 4]",int,"1=Build, 2=Trade, 3=Dev Cards(Play/Select), 4=End: ",1
bot,"[1, 2, 3, 4]",int,"1=Settlement, 2=City, 3=Road, 4=End: ",3
bot,"[1, 2, 3, 4]",int,"1=Settlement, 2=City, 3=Road, 4=End: ",1
bot,"[1, 2, 3, 4]",int,"1=Settlement, 2=City, 3=Road, 4=End: ",4
bot,"[1, 2, 3, 4]",int,"1=Build, 2=Trade, 3=Dev Cards(Play/Select), 4=End: ",3
bot,"[1, 2, 3]",int,"1=Collect, 2=Play, 3=End:",2
bot,"[1, 2, 3]",int,"1=Collect, 2=Play, 3=End:",3
bot,"[1, 2, 3, 4]",int,"1=Build, 2=Trade, 3=Dev Cards(Play/Select), 4=End: ",3
bot,"[1, 2, 3]",int,"1=Collect, 2=Play, 3=End:",1
bot,"[1, 2, 3]",int,"1=Collect, 2=Play, 3=End:",3
bot,"[1, 2, 3, 4]",int,"1=Build, 2=Trade, 3=Dev Cards(Play/Select), 4=End: ",3
bot,"[1, 2, 3]",int,"1=Collect, 2=Play, 3=End:",1
bot,"[1, 2, 3]",int,"1=Collect, 2=Play, 3=End:",2
bot,"[1, 2, 3]",int,"1=Collect, 2=Play, 3=End:",1
bot,"[1, 2, 3]",int,"1=Collect, 2=Play, 3=End:",3
bot,"[1, 2, 3, 4]",int,"1=Build, 2=Trade, 3=Dev Cards(Play/Select), 4=End: ",1
bot,"[1, 2, 3, 4]",int,"1=Settlement, 2=City, 3=Road, 4=End: ",3
bot,"[1, 2, 3, 4]",int,"1=Settlement, 2=City, 3=Road, 4=End: ",4
bot,"[1, 2, 3, 4]",int,"1=Build, 2=Trade, 3=Dev Cards(Play/Select), 4=End: ",2
bot,"[1, 2, 3]",int,"Player Trade (1), Bank/Port Trade (2), Cancel (3): ",2
bot,"['brick', 'wood', 'sheep', 'wheat', 'ore']",resource,Which resource would you like to trade (give away): ,wood
bot,"['brick', 'wood', 'sheep', 'wheat', 'ore']",resource,Which resource would you like to receive: ,brick
bot,"[1, 2, 3]",int,"Player Trade (1), Bank/Port Trade (2), Cancel (3): ",1
bot,"['brick', 'wood', 'sheep', 'wheat', 'ore']",resource,Which resource would you like to trade (give away): ,sheep
bot,"[1, 2, 3, 4]",int,How many would you like to trade: ,1
bot,"['brick', 'wood', 'sheep', 'wheat', 'ore']",resource,Which resource would you like to trade: ,wood
bot,"[1, 2, 3]",int,How many would you like to trade: ,1
bot,"[1, 2, 3, 4]",int,"1=Build, 2=Trade, 3=Dev Cards(Play/Select), 4=End: ",2
bot,"[1, 2, 3]",int,"Player Trade (1), Bank/Port Trade (2), Cancel (3): ",1
bot,"['brick', 'wood', 'sheep', 'wheat', 'ore']",resource,Which resource would you like to trade (give away): ,brick
bot,"[1, 2, 3, 4]",int,How many would you like to trade: ,2
bot,"['brick', 'wood', 'sheep', 'wheat', 'ore']",resource,Which resource would you like to trade: ,sheep
bot,"[1, 2, 3]",int,How many would you like to trade: ,2
bot,"[1, 2, 3, 4]",int,"1=Build, 2=Trade, 3=Dev Cards(Play/Select), 4=End: ",4
bot,"[1, 2, 3, 4]",int,"1=Build, 2=Trade, 3=Dev Cards(Play/Select), 4=End: ",3
bot,"[1, 2, 3]",int,"1=Collect, 2=Play, 3=End:",1
bot,"[1, 2, 3]",int,"1=Collect, 2=Play, 3=End:",2
bot,['year_of_plenty'],card,"Which dev card would you like to play from - [RoadBuilding(color=None, played=True, player=None, name='road_building'), Knight(color=None, played=True, player=None, name='knight'), YearOfPlenty(color=None, played=False, player=None, name='year_of_plenty')]: ",year_of_plenty
bot,"['brick', 'ore', 'sheep', 'wheat', 'wood']",resource,Which resource would you like to collect: ,wood
bot,"['brick', 'ore', 'sheep', 'wheat', 'wood']",resource,Which resource would you like to collect: ,sheep
bot,"[1, 2, 3, 4]",int,"1=Build, 2=Trade, 3=Dev Cards(Play/Select), 4=End: ",2
bot,"[1, 2, 3]",int,"Player Trade (1), Bank/Port Trade (2), Cancel (3): ",2
bot,"['brick', 'wood', 'sheep', 'wheat', 'ore']",resource,Which resource would you like to trade (give away): ,sheep
bot,"['brick', 'wood', 'sheep', 'wheat', 'ore']",resource,Which resource would you like to receive: ,wheat
bot,"[1, 2, 3]",int,"Player Trade (1), Bank/Port Trade (2), Cancel (3): ",2
bot,"['brick', 'wood', 'sheep', 'wheat', 'ore']",resource,Which resource would you like to trade (give away): ,wood
bot,"['brick', 'wood', 'sheep', 'wheat', 'ore']",resource,Which resource would you like to receive: ,brick
bot,"[1, 2, 3, 4]",int,"1=Build, 2=Trade, 3=Dev Cards(Play/Select), 4=End: ",1
bot,"[1, 2, 3, 4]",int,"1=Settlement, 2=City, 3=Road, 4=End: ",1
bot,"[1, 2, 3, 4]",int,"1=Settlement, 2=City, 3=Road, 4=End: ",1
bot,"[1, 2, 3, 4]",int,"1=Settlement, 2=City, 3=Road, 4=End: ",4
bot,"[1, 2, 3, 4]",int,"1=Build, 2=Trade, 3=Dev Cards(Play/Select), 4=End: ",1
bot,"[1, 2, 3, 4]",int,"1=Settlement, 2=City, 3=Road, 4=End: ",1
bot,"[1, 2, 3, 4]",int,"1=Settlement, 2=City, 3=Road, 4=End: ",4
bot,"[1, 2, 3, 4]",int,"1=Build, 2=Trade, 3=Dev Cards(Play/Select), 4=End: ",2
bot,"[1, 2, 3]",int,"Player Trade (1), Bank/Port Trade (2), Cancel (3): ",2
bot,"['brick', 'wood', 'sheep', 'wheat', 'ore']",resource,Which resource would you like to trade (give away): ,ore
bot,"['brick', 'wood', 'sheep', 'wheat', 'ore']",resource,Which resource would you like to receive: ,wood
bot,"[1, 2, 3]",int,"Player Trade (1), Bank/Port Trade (2), Cancel (3): ",2
bot,"['brick', 'wood', 'sheep', 'wheat', 'ore']",resource,Which resource would you like to trade (give away): ,wood
bot,"['brick', 'wood', 'sheep', 'wheat', 'ore']",resource,Which resource would you like to receive: ,brick
bot,"[1, 2, 3, 4]",int,"1=Build, 2=Trade, 3=Dev Cards(Play/Select), 4=End: ",4
bot,"[1, 2, 3, 4]",int,"1=Build, 2=Trade, 3=Dev Cards(Play/Select), 4=End: ",3
bot,"[1, 2, 3]",int,"1=Collect, 2=Play, 3=End:",3
bot,"[1, 2, 3, 4]",int,"1=Build, 2=Trade, 3=Dev Cards(Play/Select), 4=End: ",2
bot,"[1, 2, 3]",int,"Player Trade (1), Bank/Port Trade (2), Cancel (3): ",2
bot,"['brick', 'wood', 'sheep', 'wheat', 'ore']",resource,Which resource would you like to trade (give away): ,brick
bot,"['brick', 'wood', 'sheep', 'wheat', 'ore']",resource,Which resource would you like to receive: ,wheat
bot,"[1, 2, 3]",int,"Player Trade (1), Bank/Port Trade (2), Cancel (3): ",3
bot,"[1, 2, 3, 4]",int,"1=Build, 2=Trade, 3=Dev Cards(Play/Select), 4=End: ",2
bot,"[1, 2, 3]",int,"Player Trade (1), Bank/Port Trade (2), Cancel (3): ",2
bot,"['brick', 'wood', 'sheep', 'wheat', 'ore']",resource,Which resource would you like to trade (give away): ,ore
bot,"['brick', 'wood', 'sheep', 'wheat', 'ore']",resource,Which resource would you like to receive: ,wood
bot,"[1, 2, 3, 4]",int,"1=Build, 2=Trade, 3=Dev Cards(Play/Select), 4=End: ",2
bot,"[1, 2, 3]",int,"Player Trade (1), Bank/Port Trade (2), Cancel (3): ",3
bot,"[1, 2, 3, 4]",int,"1=Build, 2=Trade, 3=Dev Cards(Play/Select), 4=End: ",4
bot,"[1, 2, 3, 4]",int,"1=Build, 2=Trade, 3=Dev Cards(Play/Select), 4=End: ",1
bot,"[1, 2, 3, 4]",int,"1=Settlement, 2=City, 3=Road, 4=End: ",4
bot,"[1, 2, 3, 4]",int,"1=Build, 2=Trade, 3=Dev Cards(Play/Select), 4=End: ",1
bot,"[1, 2, 3, 4]",int,"1=Settlement, 2=City, 3=Road, 4=End: ",3
bot,"[1, 2, 3, 4]",int,"1=Settlement, 2=City, 3=Road, 4=End: ",4
bot,"[1, 2, 3, 4]",int,"1=Build, 2=Trade, 3=Dev Cards(Play/Select), 4=End: ",1
bot,"[1, 2, 3, 4]",int,"1=Settlement, 2=City, 3=Road, 4=End: ",4
bot,"[1, 2, 3, 4]",int,"1=Build, 2=Trade, 3=Dev Cards(Play/Select), 4=End: ",2
bot,"[1, 2, 3]",int,"Player Trade (1), Bank/Port Trade (2), Cancel (3): ",2
bot,"['brick', 'wood', 'sheep', 'wheat', 'ore']",resource,Which resource would you like to trade (give away): ,brick
bot,"['brick', 'wood', 'sheep', 'wheat', 'ore']",resource,Which resource would you like to receive: ,ore
bot,"[1, 2, 3]",int,"Player Trade (1), Bank/Port Trade (2), Cancel (3): ",2
bot,"['brick', 'wood', 'sheep', 'wheat', 'ore']",resource,Which resource would you like to trade (give away): ,brick
bot,"['brick', 'wood', 'sheep', 'wheat', 'ore']",resource,Which resource would you like to receive: ,ore
bot,"[1, 2, 3]",int,"Player Trade (1), Bank/Port Trade (2), Cancel (3): ",2
bot,"['brick', 'wood', 'sheep', 'wheat', 'ore']",resource,Which resource would you like to trade (give away): ,ore
bot,"['brick', 'wood', 'sheep', 'wheat', 'ore']",resource,Which resource would you like to receive: ,wheat
bot,"[1, 2, 3]",int,"Player Trade (1), Bank/Port Trade (2), Cancel (3): ",3
bot,"[1, 2, 3, 4]",int,"1=Build, 2=Trade, 3=Dev Cards(Play/Select), 4=End: ",1
bot,"[1, 2, 3, 4]",int,"1=Settlement, 2=City, 3=Road, 4=End: ",2
bot,"[1, 2, 3, 4]",int,"1=Settlement, 2=City, 3=Road, 4=End: ",1
bot,"[1, 2, 3, 4]",int,"1=Settlement, 2=City, 3=Road, 4=End: ",3
bot,"[1, 2, 3, 4]",int,"1=Settlement, 2=City, 3=Road, 4=End: ",1
bot,"[1, 2, 3, 4]",int,"1=Settlement, 2=City, 3=Road, 4=End: ",2
bot,"[1, 2, 3, 4]",int,"1=Settlement, 2=City, 3=Road, 4=End: ",2
bot,"[1, 2, 3, 4]",int,"1=Settlement, 2=City, 3=Road, 4=End: ",4
bot,"[1, 2, 3, 4]",int,"1=Build, 2=Trade, 3=Dev Cards(Play/Select), 4=End: ",3
bot,"[1, 2, 3]",int,"1=Collect, 2=Play, 3=End:",1
bot,"[1, 2, 3]",int,"1=Collect, 2=Play, 3=End:",3
bot,"[1, 2, 3, 4]",int,"1=Build, 2=Trade, 3=Dev Cards(Play/Select), 4=End: ",1
bot,"[1, 2, 3, 4]",int,"1=Settlement, 2=City, 3=Road, 4=End: ",4
bot,"[1, 2, 3, 4]",int,"1=Build, 2=Trade, 3=Dev Cards(Play/Select), 4=End: ",4
bot,"[1, 2, 3, 4]",int,"1=Build, 2=Trade, 3=Dev Cards(Play/Select), 4=End: ",1
bot,"[1, 2, 3, 4]",int,"1=Settlement, 2=City, 3=Road, 4=End: ",3
bot,"[1, 2, 3, 4]",int,"1=Settlement, 2=City, 3=Road, 4=End: ",1
bot,"[1, 2, 3, 4]",int,"1=Settlement, 2=City, 3=Road, 4=End: ",2
bot,"[1, 2, 3, 4]",int,"1=Settlement, 2=City, 3=Road, 4=End: ",2
bot,"[1, 2, 3, 4]",int,"1=Settlement, 2=City, 3=Road, 4=End: ",4
bot,"[1, 2, 3, 4]",int,"1=Build, 2=Trade, 3=Dev Cards(Play/Select), 4=End: ",3
bot,"[1, 2, 3]",int,"1=Collect, 2=Play, 3=End:",2
bot,"[1, 2, 3]",int,"1=Collect, 2=Play, 3=End:",2
bot,"[1, 2, 3]",int,"1=Collect, 2=Play, 3=End:",3
bot,"[1, 2, 3, 4]",int,"1=Build, 2=Trade, 3=Dev Cards(Play/Select), 4=End: ",3
bot,"[1, 2, 3]",int,"1=Collect, 2=Play, 3=End:",2
bot,"[1, 2, 3]",int,"1=Collect, 2=Play, 3=End:",1
bot,"[1, 2, 3]",int,"1=Collect, 2=Play, 3=End:",2
bot,"[1, 2, 3]",int,"1=Collect, 2=Play, 3=End:",1
bot,"[1, 2, 3]",int,"1=Collect, 2=Play, 3=End:",2
bot,"[1, 2, 3]",int,"1=Collect, 2=Play, 3=End:",1
bot,"[1, 2, 3]",int,"1=Collect, 2=Play, 3=End:",2
bot,"[1, 2, 3]",int,"1=Collect, 2=Play, 3=End:",3
bot,"[1, 2, 3, 4]",int,"1=Build, 2=Trade, 3=Dev Cards(Play/Select), 4=End: ",3
bot,"[1, 2, 3]",int,"1=Collect, 2=Play, 3=End:",1
bot,"[1, 2, 3]",int,"1=Collect, 2=Play, 3=End:",3
bot,"[1, 2, 3, 4]",int,"1=Build, 2=Trade, 3=Dev Cards(Play/Select), 4=End: ",2
bot,"[1, 2, 3]",int,"Player Trade (1), Bank/Port Trade (2), Cancel (3): ",2
bot,"['brick', 'wood', 'sheep', 'wheat', 'ore']",resource,Which resource would you like to trade (give away): ,ore
bot,"['brick', 'wood', 'sheep', 'wheat', 'ore']",resource,Which resource would you like to receive: ,wheat
bot,"[1, 2, 3]",int,"Player Trade (1), Bank/Port Trade (2), Cancel (3): ",2
bot,"['brick', 'wood', 'sheep', 'wheat', 'ore']",resource,Which resource would you like to trade (give away): ,wheat
bot,"['brick', 'wood', 'sheep', 'wheat', 'ore']",resource,Which resource would you like to receive: ,wheat
bot,"[1, 2, 3, 4]",int,"1=Build, 2=Trade, 3=Dev Cards(Play/Select), 4=End: ",2
bot,"[1, 2, 3]",int,"Player Trade (1), Bank/Port Trade (2), Cancel (3): ",2
bot,"['brick', 'wood', 'sheep', 'wheat', 'ore']",resource,Which resource would you like to trade (give away): ,brick
bot,"['brick', 'wood', 'sheep', 'wheat', 'ore']",resource,Which resource would you like to receive: ,ore
bot,"[1, 2, 3]",int,"Player Trade (1), Bank/Port Trade (2), Cancel (3): ",2
bot,"['brick', 'wood', 'sheep', 'wheat', 'ore']",resource,Which resource would you like to trade (give away): ,wheat
bot,"['brick', 'wood', 'sheep', 'wheat', 'ore']",resource,Which resource would you like to receive: ,sheep
bot,"[1, 2, 3]",int,"Player Trade (1), Bank/Port Trade (2), Cancel (3): ",1
bot,"['brick', 'wood', 'sheep', 'wheat', 'ore']",resource,Which resource would you like to trade (give away): ,wood
bot,"[1, 2, 3, 4]",int,How many would you like to trade: ,2
bot,"['brick', 'wood', 'sheep', 'wheat', 'ore']",resource,Which resource would you like to trade: ,brick
bot,"[1, 2, 3]",int,How many would you like to trade: ,2
bot,"['Y', 'N']",action,Red would you like to trade wood for brick [Y/N]: ,N
bot,"['Y', 'N']",action,Yellow would you like to trade wood for brick [Y/N]: ,N
bot,"[1, 2, 3, 4]",int,"1=Build, 2=Trade, 3=Dev Cards(Play/Select), 4=End: ",1
bot,"[1, 2, 3, 4]",int,"1=Settlement, 2=City, 3=Road, 4=End: ",1
bot,"[1, 2, 3, 4]",int,"1=Settlement, 2=City, 3=Road, 4=End: ",2
bot,"[1, 2, 3, 4]",int,"1=Settlement, 2=City, 3=Road, 4=End: ",4
bot,"[1, 2, 3, 4]",int,"1=Build, 2=Trade, 3=Dev Cards(Play/Select), 4=End: ",2
bot,"[1, 2, 3]",int,"Player Trade (1), Bank/Port Trade (2), Cancel (3): ",3
bot,"[1, 2, 3, 4]",int,"1=Build, 2=Trade, 3=Dev Cards(Play/Select), 4=End: ",3
bot,"[1, 2, 3]",int,"1=Collect, 2=Play, 3=End:",2
bot,"[1, 2, 3]",int,"1=Collect, 2=Play, 3=End:",1
bot,"[1, 2, 3]",int,"1=Collect, 2=Play, 3=End:",1
bot,"[1, 2, 3]",int,"1=Collect, 2=Play, 3=End:",3
bot,"[1, 2, 3, 4]",int,"1=Build, 2=Trade, 3=Dev Cards(Play/Select), 4=End: ",2
bot,"[1, 2, 3]",int,"Player Trade (1), Bank/Port Trade (2), Cancel (3): ",3
bot,"[1, 2, 3, 4]",int,"1=Build, 2=Trade, 3=Dev Cards(Play/Select), 4=End: ",2
bot,"[1, 2, 3]",int,"Player Trade (1), Bank/Port Trade (2), Cancel (3): ",2
bot,"['brick', 'wood', 'sheep', 'wheat', 'ore']",resource,Which resource would you like to trade (give away): ,wheat
bot,"['brick', 'wood', 'sheep', 'wheat', 'ore']",resource,Which resource would you like to receive: ,wood
bot,"[1, 2, 3]",int,"Player Trade (1), Bank/Port Trade (2), Cancel (3): ",3
bot,"[1, 2, 3, 4]",int,"1=Build, 2=Trade, 3=Dev Cards(Play/Select), 4=End: ",4
bot,"[1, 2, 3, 4]",int,"1=Build, 2=Trade, 3=Dev Cards(Play/Select), 4=End: ",3
bot,"[1, 2, 3]",int,"1=Collect, 2=Play, 3=End:",2
bot,"[1, 2, 3]",int,"1=Collect, 2=Play, 3=End:",1
bot,"[1, 2, 3]",int,"1=Collect, 2=Play, 3=End:",3
bot,"[1, 2, 3, 4]",int,"1=Build, 2=Trade, 3=Dev Cards(Play/Select), 4=End: ",1
bot,"[1, 2, 3, 4]",int,"1=Settlement, 2=City, 3=Road, 4=End: ",4
bot,"[1, 2, 3, 4]",int,"1=Build, 2=Trade, 3=Dev Cards(Play/Select), 4=End: ",1
bot,"[1, 2, 3, 4]",int,"1=Settlement, 2=City, 3=Road, 4=End: ",3
bot,"[1, 2, 6, 10, 52, 60, 69, 70]",int,Choose road location - [0-71]: ,60
bot,"[1, 2, 3, 4]",int,"1=Settlement, 2=City, 3=Road, 4=End: ",3
bot,"[1, 2, 3, 4]",int,"1=Settlement, 2=City, 3=Road, 4=End: ",1
bot,"[1, 2, 3, 4]",int,"1=Settlement, 2=City, 3=Road, 4=End: ",2
bot,"[1, 2, 3, 4]",int,"1=Settlement, 2=City, 3=Road, 4=End: ",3
bot,"[1, 2, 3, 4]",int,"1=Settlement, 2=City, 3=Road, 4=End: ",2
bot,"[1, 2, 3, 4]",int,"1=Settlement, 2=City, 3=Road, 4=End: ",2
bot,"[1, 2, 3, 4]",int,"1=Settlement, 2=City, 3=Road, 4=End: ",2
bot,"[1, 2, 3, 4]",int,"1=Settlement, 2=City, 3=Road, 4=End: ",2
bot,"[1, 2, 3, 4]",int,"1=Settlement, 2=City, 3=Road, 4=End: ",3
bot,"[1, 2, 3, 4]",int,"1=Settlement, 2=City, 3=Road, 4=End: ",2
bot,"[1, 2, 3, 4]",int,"1=Settlement, 2=City, 3=Road, 4=End: ",2
bot,"[1, 2, 3, 4]",int,"1=Settlement, 2=City, 3=Road, 4=End: ",1
bot,"[1, 2, 3, 4]",int,"1=Settlement, 2=City, 3=Road, 4=End: ",3
bot,"[1, 2, 3, 4]",int,"1=Settlement, 2=City, 3=Road, 4=End: ",3
bot,"[1, 2, 3, 4]",int,"1=Settlement, 2=City, 3=Road, 4=End: ",4
bot,"[1, 2, 3, 4]",int,"1=Build, 2=Trade, 3=Dev Cards(Play/Select), 4=End: ",4
bot,"[1, 2, 3, 4]",int,"1=Build, 2=Trade, 3=Dev Cards(Play/Select), 4=End: ",2
bot,"[1, 2, 3]",int,"Player Trade (1), Bank/Port Trade (2), Cancel (3): ",3
bot,"[1, 2, 3, 4]",int,"1=Build, 2=Trade, 3=Dev Cards(Play/Select), 4=End: ",3
bot,"[1, 2, 3]",int,"1=Collect, 2=Play, 3=End:",1
bot,"[1, 2, 3]",int,"1=Collect, 2=Play, 3=End:",2
bot,"[1, 2, 3]",int,"1=Collect, 2=Play, 3=End:",1
bot,"[1, 2, 3]",int,"1=Collect, 2=Play, 3=End:",1
bot,"[1, 2, 3]",int,"1=Collect, 2=Play, 3=End:",3
bot,"[1, 2, 3, 4]",int,"1=Build, 2=Trade, 3=Dev Cards(Play/Select), 4=End: ",4
bot,"[1, 2, 3, 4]",int,"1=Build, 2=Trade, 3=Dev Cards(Play/Select), 4=End: ",2
bot,"[1, 2, 3]",int,"Player Trade (1), Bank/Port Trade (2), Cancel (3): ",2
bot,"['brick', 'wood', 'sheep', 'wheat', 'ore']",resource,Which resource would you like to trade (give away): ,brick
bot,"['brick', 'wood', 'sheep', 'wheat', 'ore']",resource,Which resource would you like to receive: ,wheat
bot,"[1, 2, 3]",int,"Player Trade (1), Bank/Port Trade (2), Cancel (3): ",2
bot,"['brick', 'wood', 'sheep', 'wheat', 'ore']",resource,Which resource would you like to trade (give away): ,wheat
bot,"['brick', 'wood', 'sheep', 'wheat', 'ore']",resource,Which resource would you like to receive: ,wheat
bot,"[1, 2, 3, 4]",int,"1=Build, 2=Trade, 3=Dev Cards(Play/Select), 4=End: ",4
bot,"[1, 2, 3, 4]",int,"1=Build, 2=Trade, 3=Dev Cards(Play/Select), 4=End: ",4
bot,"[1, 2, 3, 4]",int,"1=Build, 2=Trade, 3=Dev Cards(Play/Select), 4=End: ",3
bot,"[1, 2, 3]",int,"1=Collect, 2=Play, 3=End:",3
bot,"[1, 2, 3, 4]",int,"1=Build, 2=Trade, 3=Dev Cards(Play/Select), 4=End: ",4
bot,"[1, 2, 3, 4]",int,"1=Build, 2=Trade, 3=Dev Cards(Play/Select), 4=End: ",1
bot,"[1, 2, 3, 4]",int,"1=Settlement, 2=City, 3=Road, 4=End: ",1
bot,"[1, 2, 3, 4]",int,"1=Settlement, 2=City, 3=Road, 4=End: ",1
bot,"[1, 2, 3, 4]",int,"1=Settlement, 2=City, 3=Road, 4=End: ",4
bot,"[1, 2, 3, 4]",int,"1=Build, 2=Trade, 3=Dev Cards(Play/Select), 4=End: ",4
bot,"[1, 2, 3, 4]",int,"1=Build, 2=Trade, 3=Dev Cards(Play/Select), 4=End: ",4
bot,"[1, 2, 3, 4]",int,"1=Build, 2=Trade, 3=Dev Cards(Play/Select), 4=End: ",4
bot,"[1, 2, 3, 4]",int,"1=Build, 2=Trade, 3=Dev Cards(Play/Select), 4=End: ",4
bot,"[1, 2, 3, 4]",int,"1=Build, 2=Trade, 3=Dev Cards(Play/Select), 4=End: ",3
bot,"[1, 2, 3]",int,"1=Collect, 2=Play, 3=End:",3
bot,"[1, 2, 3, 4]",int,"1=Build, 2=Trade, 3=Dev Cards(Play/Select), 4=End: ",4
bot,"[1, 2, 3, 4]",int,"1=Build, 2=Trade, 3=Dev Cards(Play/Select), 4=End: ",2
bot,"[1, 2, 3]",int,"Player Trade (1), Bank/Port Trade (2), Cancel (3): ",1
bot,"['brick', 'wood', 'sheep', 'wheat', 'ore']",resource,Which resource would you like to trade (give away): ,wheat
bot,"[1, 2, 3, 4]",int,How many would you like to trade: ,1
bot,"['brick', 'wood', 'sheep', 'wheat', 'ore']",resource,Which resource would you like to trade: ,wood
bot,"[1, 2, 3]",int,How many would you like to trade: ,3
bot,"['Y', 'N']",action,Red would you like to trade wheat for wood [Y/N]: ,N
bot,"['Y', 'N']",action,Green would you like to trade wheat for wood [Y/N]: ,Y
bot,"[1, 2, 3, 4]",int,"1=Build, 2=Trade, 3=Dev Cards(Play/Select), 4=End: ",3
bot,"[1, 2, 3]",int,"1=Collect, 2=Play, 3=End:",1
bot,"[1, 2, 3]",int,"1=Collect, 2=Play, 3=End:",1
bot,"[1, 2, 3]",int,"1=Collect, 2=Play, 3=End:",1
bot,"[1, 2, 3]",int,"1=Collect, 2=Play, 3=End:",1
bot,"[1, 2, 3]",int,"1=Collect, 2=Play, 3=End:",2
bot,"['knight', 'knight', 'year_of_plenty', 'knight']",card,"Which dev card would you like to play from - [Knight(color=None, played=True, player=None, name='knight'), Knight(color=None, played=True, player=None, name='knight'), Knight(color=None, played=True, player=None, name='knight'), Knight(color=None, played=False, player=None, name='knight'), Knight(color=None, played=False, player=None, name='knight'), YearOfPlenty(color=None, played=False, player=None, name='year_of_plenty'), Knight(color=None, played=False, player=None, name='knight')]: ",year_of_plenty
bot,"['brick', 'ore', 'sheep', 'wheat', 'wood']",resource,Which resource would you like to collect: ,sheep
bot,"['brick', 'ore', 'sheep', 'wheat', 'wood']",resource,Which resource would you like to collect: ,wheat
bot,"[1, 2, 3, 4]",int,"1=Build, 2=Trade, 3=Dev Cards(Play/Select), 4=End: ",3
bot,"[1, 2, 3]",int,"1=Collect, 2=Play, 3=End:",2
bot,"['knight', 'knight', 'knight']",card,"Which dev card would you like to play from - [Knight(color=None, played=True, player=None, name='knight'), Knight(color=None, played=True, player=None, name='knight'), Knight(color=None, played=True, player=None, name='knight'), Knight(color=None, played=False, player=None, name='knight'), Knight(color=None, played=False, player=None, name='knight'), YearOfPlenty(color=None, played=True, player=None, name='year_of_plenty'), Knight(color=None, played=False, player=None, name='knight')]: ",knight
bot,"range(0, 18)",int,Choosen a Tile [0-18] to move the Robber to: ,9
bot,"[1, 2, 3, 4]",int,"1=Build, 2=Trade, 3=Dev Cards(Play/Select), 4=End: ",2
bot,"[1, 2, 3]",int,"Player Trade (1), Bank/Port Trade (2), Cancel (3): ",3
bot,"[1, 2, 3, 4]",int,"1=Build, 2=Trade, 3=Dev Cards(Play/Select), 4=End: ",4
bot,"[1, 2, 3, 4]",int,"1=Build, 2=Trade, 3=Dev Cards(Play/Select), 4=End: ",2
bot,"[1, 2, 3]",int,"Player Trade (1), Bank/Port Trade (2), Cancel (3): ",1
bot,"['brick', 'wood', 'sheep', 'wheat', 'ore']",resource,Which resource would you like to trade (give away): ,brick
bot,"[1, 2, 3, 4]",int,How many would you like to trade: ,1
bot,"['brick', 'wood', 'sheep', 'wheat', 'ore']",resource,Which resource would you like to trade: ,wood
bot,"[1, 2, 3]",int,How many would you like to trade: ,2
bot,"['Y', 'N']",action,Yellow would you like to trade brick for wood [Y/N]: ,N
bot,"[1, 2, 3, 4]",int,"1=Build, 2=Trade, 3=Dev Cards(Play/Select), 4=End: ",3
bot,"[1, 2, 3]",int,"1=Collect, 2=Play, 3=End:",3
bot,"[1, 2, 3, 4]",int,"1=Build, 2=Trade, 3=Dev Cards(Play/Select), 4=End: ",2
bot,"[1, 2, 3]",int,"Player Trade (1), Bank/Port Trade (2), Cancel (3): ",1
bot,"['brick', 'wood', 'sheep', 'wheat', 'ore']",resource,Which resource would you like to trade (give away): ,ore
bot,"[1, 2, 3, 4]",int,How many would you like to trade: ,2
bot,"['brick', 'wood', 'sheep', 'wheat', 'ore']",resource,Which resource would you like to trade: ,wood
bot,"[1, 2, 3]",int,How many would you like to trade: ,3
bot,"['Y', 'N']",action,Red would you like to trade ore for wood [Y/N]: ,Y
bot,"['Y', 'N']",action,Blue would you like to trade ore for wood [Y/N]: ,N
bot,"[1, 2, 3, 4]",int,"1=Build, 2=Trade, 3=Dev Cards(Play/Select), 4=End: ",3
bot,"[1, 2, 3]",int,"1=Collect, 2=Play, 3=End:",1
bot,"[1, 2, 3]",int,"1=Collect, 2=Play, 3=End:",1
bot,"[1, 2, 3]",int,"1=Collect, 2=Play, 3=End:",2
bot,"['monopoly', 'knight']",card,"Which dev card would you like to play from - [Monopoly(color=None, played=False, player=None, name='monopoly'), Knight(color=None, played=False, player=None, name='knight')]: ",knight
bot,"range(0, 18)",int,Choosen a Tile [0-18] to move the Robber to: ,16
bot,['Yellow'],player,Choose a player to steal from {'Yellow'}: ,Yellow
bot,"[1, 2, 3, 4]",int,"1=Build, 2=Trade, 3=Dev Cards(Play/Select), 4=End: ",2
bot,"[1, 2, 3]",int,"Player Trade (1), Bank/Port Trade (2), Cancel (3): ",3
bot,"[1, 2, 3, 4]",int,"1=Build, 2=Trade, 3=Dev Cards(Play/Select), 4=End: ",3
bot,"[1, 2, 3]",int,"1=Collect, 2=Play, 3=End:",3
bot,"[1, 2, 3, 4]",int,"1=Build, 2=Trade, 3=Dev Cards(Play/Select), 4=End: ",2
bot,"[1, 2, 3]",int,"Player Trade (1), Bank/Port Trade (2), Cancel (3): ",2
bot,"['brick', 'wood', 'sheep', 'wheat', 'ore']",resource,Which resource would you like to trade (give away): ,ore
bot,"['brick', 'wood', 'sheep', 'wheat', 'ore']",resource,Which resource would you like to receive: ,sheep
bot,"[1, 2, 3]",int,"Player Trade (1), Bank/Port Trade (2), Cancel (3): ",3
bot,"[1, 2, 3, 4]",int,"1=Build, 2=Trade, 3=Dev Cards(Play/Select), 4=End: ",1
bot,"[1, 2, 3, 4]",int,"1=Settlement, 2=City, 3=Road, 4=End: ",3
bot,"[24, 34, 31, 47, 45, 47, 52]",int,Choose road location - [0-71]: ,45
bot,"[1, 2, 3, 4]",int,"1=Settlement, 2=City, 3=Road, 4=End: ",2
bot,"[1, 2, 3, 4]",int,"1=Settlement, 2=City, 3=Road, 4=End: ",2
bot,"[1, 2, 3, 4]",int,"1=Settlement, 2=City, 3=Road, 4=End: ",4
bot,"[1, 2, 3, 4]",int,"1=Build, 2=Trade, 3=Dev Cards(Play/Select), 4=End: ",3
bot,"[1, 2, 3]",int,"1=Collect, 2=Play, 3=End:",1
bot,"[1, 2, 3]",int,"1=Collect, 2=Play, 3=End:",2
bot,"['monopoly', 'victory_point']",card,"Which dev card would you like to play from - [Monopoly(color=None, played=False, player=None, name='monopoly'), Knight(color=None, played=True, player=None, name='knight'), VictoryPoint(color=None, played=False, player=None, name='victory_point')]: ",monopoly
bot,"['brick', 'ore', 'sheep', 'wheat', 'wood']",resource,Which resource would you like to monopolize: ,brick
bot,"[1, 2, 3, 4]",int,"1=Build, 2=Trade, 3=Dev Cards(Play/Select), 4=End: ",2
bot,"[1, 2, 3]",int,"Player Trade (1), Bank/Port Trade (2), Cancel (3): ",3
bot,"[1, 2, 3, 4]",int,"1=Build, 2=Trade, 3=Dev Cards(Play/Select), 4=End: ",3
bot,"[1, 2, 3]",int,"1=Collect, 2=Play, 3=End:",1
bot,"[1, 2, 3]",int,"1=Collect, 2=Play, 3=End:",2
bot,['victory_point'],card,"Which dev card would you like to play from - [Monopoly(color=None, played=True, player=None, name='monopoly'), Knight(color=None, played=True, player=None, name='knight'), VictoryPoint(color=None, played=False, player=None, name='victory_point')]: ",victory_point
bot,"[1, 2, 3, 4]",int,"1=Build, 2=Trade, 3=Dev Cards(Play/Select), 4=End: ",4
bot,"[1, 2, 3, 4]",int,"1=Build, 2=Trade, 3=Dev Cards(Play/Select), 4=End: ",3
bot,"[1, 2, 3]",int,"1=Collect, 2=Play, 3=End:",2
bot,['victory_point'],card,"Which dev card would you like to play from - [RoadBuilding(color=None, played=True, player=None, name='road_building'), Knight(color=None, played=True, player=None, name='knight'), YearOfPlenty(color=None, played=True, player=None, name='year_of_plenty'), VictoryPoint(color=None, played=False, player=None, name='victory_point')]: ",victory_point
bot,"[1, 2, 3, 4]",int,"1=Build, 2=Trade, 3=Dev Cards(Play/Select), 4=End: ",1
bot,"[1, 2, 3, 4]",int,"1=Settlement, 2=City, 3=Road, 4=End: ",3
bot,"[1, 2, 3, 4]",int,"1=Settlement, 2=City, 3=Road, 4=End: ",1
bot,"[1, 2, 3, 4]",int,"1=Settlement, 2=City, 3=Road, 4=End: ",4
bot,"[1, 2, 3, 4]",int,"1=Build, 2=Trade, 3=Dev Cards(Play/Select), 4=End: ",3
bot,"[1, 2, 3]",int,"1=Collect, 2=Play, 3=End:",3
bot,"[1, 2, 3, 4]",int,"1=Build, 2=Trade, 3=Dev Cards(Play/Select), 4=End: ",3
bot,"[1, 2, 3]",int,"1=Collect, 2=Play, 3=End:",1
bot,"[1, 2, 3]",int,"1=Collect, 2=Play, 3=End:",1
bot,"[1, 2, 3]",int,"1=Collect, 2=Play, 3=End:",1
bot,"[1, 2, 3]",int,"1=Collect, 2=Play, 3=End:",3
bot,"[1, 2, 3, 4]",int,"1=Build, 2=Trade, 3=Dev Cards(Play/Select), 4=End: ",3
bot,"[1, 2, 3]",int,"1=Collect, 2=Play, 3=End:",2
bot,"['victory_point', 'knight', 'knight']",card,"Which dev card would you like to play from - [RoadBuilding(color=None, played=True, player=None, name='road_building'), Knight(color=None, played=True, player=None, name='knight'), YearOfPlenty(color=None, played=True, player=None, name='year_of_plenty'), VictoryPoint(color=None, played=True, player=None, name='victory_point'), VictoryPoint(color=None, played=False, player=None, name='victory_point'), Knight(color=None, played=False, player=None, name='knight'), Knight(color=None, played=False, player=None, name='knight')]: ",victory_point
bot,"[1, 2, 3, 4]",int,"1=Build, 2=Trade, 3=Dev Cards(Play/Select), 4=End: ",1
bot,"[1, 2, 3, 4]",int,"1=Settlement, 2=City, 3=Road, 4=End: ",3
bot,"[1, 2, 3, 4]",int,"1=Settlement, 2=City, 3=Road, 4=End: ",4
bot,"[1, 2, 3, 4]",int,"1=Build, 2=Trade, 3=Dev Cards(Play/Select), 4=End: ",3
bot,"[1, 2, 3]",int,"1=Collect, 2=Play, 3=End:",2
bot,"['knight', 'knight']",card,"Which dev card would you like to play from - [RoadBuilding(color=None, played=True, player=None, name='road_building'), Knight(color=None, played=True, player=None, name='knight'), YearOfPlenty(color=None, played=True, player=None, name='year_of_plenty'), VictoryPoint(color=None, played=True, player=None, name='victory_point'), VictoryPoint(color=None, played=True, player=None, name='victory_point'), Knight(color=None, played=False, player=None, name='knight'), Knight(color=None, played=False, player=None, name='knight')]: ",knight
bot,"range(0, 18)",int,Choosen a Tile [0-18] to move the Robber to: ,2
bot,"[1, 2, 3, 4]",int,"1=Build, 2=Trade, 3=Dev Cards(Play/Select), 4=End: ",1
bot,"[1, 2, 3, 4]",int,"1=Settlement, 2=City, 3=Road, 4=End: ",2
bot,"[1, 2, 3, 4]",int,"1=Settlement, 2=City, 3=Road, 4=End: ",3
bot,"[1, 2, 3, 4]",int,"1=Settlement, 2=City, 3=Road, 4=End: ",3
bot,"[1, 2, 3, 4]",int,"1=Settlement, 2=City, 3=Road, 4=End: ",1
bot,"[1, 2, 3, 4]",int,"1=Settlement, 2=City, 3=Road, 4=End: ",3
bot,"[1, 2, 3, 4]",int,"1=Settlement, 2=City, 3=Road, 4=End: ",3
bot,"[1, 2, 3, 4]",int,"1=Settlement, 2=City, 3=Road, 4=End: ",2
bot,"[1, 2, 3, 4]",int,"1=Settlement, 2=City, 3=Road, 4=End: ",1
bot,"[1, 2, 3, 4]",int,"1=Settlement, 2=City, 3=Road, 4=End: ",2
bot,"[1, 2, 3, 4]",int,"1=Settlement, 2=City, 3=Road, 4=End: ",1
bot,"[1, 2, 3, 4]",int,"1=Settlement, 2=City, 3=Road, 4=End: ",2
bot,"[1, 2, 3, 4]",int,"1=Settlement, 2=City, 3=Road, 4=End: ",1
bot,"[1, 2, 3, 4]",int,"1=Settlement, 2=City, 3=Road, 4=End: ",1
bot,"[1, 2, 3, 4]",int,"1=Settlement, 2=City, 3=Road, 4=End: ",3
bot,"[1, 2, 3, 4]",int,"1=Settlement, 2=City, 3=Road, 4=End: ",1
bot,"[1, 2, 3, 4]",int,"1=Settlement, 2=City, 3=Road, 4=End: ",3
bot,"[1, 2, 3, 4]",int,"1=Settlement, 2=City, 3=Road, 4=End: ",2
bot,"[1, 2, 3, 4]",int,"1=Settlement, 2=City, 3=Road, 4=End: ",4
bot,"[1, 2, 3, 4]",int,"1=Build, 2=Trade, 3=Dev Cards(Play/Select), 4=End: ",2
bot,"[1, 2, 3]",int,"Player Trade (1), Bank/Port Trade (2), Cancel (3): ",1
bot,"['brick', 'wood', 'sheep', 'wheat', 'ore']",resource,Which resource would you like to trade (give away): ,sheep
bot,"[1, 2, 3, 4]",int,How many would you like to trade: ,3
bot,"['brick', 'wood', 'sheep', 'wheat', 'ore']",resource,Which resource would you like to trade: ,ore
bot,"[1, 2, 3]",int,How many would you like to trade: ,1
bot,"['Y', 'N']",action,Blue would you like to trade sheep for ore [Y/N]: ,N
bot,"['Y', 'N']",action,Green would you like to trade sheep for ore [Y/N]: ,N
bot,"[1, 2, 3, 4]",int,"1=Build, 2=Trade, 3=Dev Cards(Play/Select), 4=End: ",4
bot,"[1, 2, 3, 4]",int,"1=Build, 2=Trade, 3=Dev Cards(Play/Select), 4=End: ",4
bot,"[1, 2, 3, 4]",int,"1=Build, 2=Trade, 3=Dev Cards(Play/Select), 4=End: ",1
bot,"[1, 2, 3, 4]",int,"1=Settlement, 2=City, 3=Road, 4=End: ",2
bot,"[1, 2, 3, 4]",int,"1=Settlement, 2=City, 3=Road, 4=End: ",2
bot,"[1, 2, 3, 4]",int,"1=Settlement, 2=City, 3=Road, 4=End: ",2
bot,"[1, 2, 3, 4]",int,"1=Settlement, 2=City, 3=Road, 4=End: ",1
bot,"[1, 2, 3, 4]",int,"1=Settlement, 2=City, 3=Road, 4=End: ",2
bot,"[1, 2, 3, 4]",int,"1=Settlement, 2=City, 3=Road, 4=End: ",3
bot,"[1, 2, 3, 4]",int,"1=Settlement, 2=City, 3=Road, 4=End: ",1
bot,"[1, 2, 3, 4]",int,"1=Settlement, 2=City, 3=Road, 4=End: ",4
bot,"[1, 2, 3, 4]",int,"1=Build, 2=Trade, 3=Dev Cards(Play/Select), 4=End: ",1
bot,"[1, 2, 3, 4]",int,"1=Settlement, 2=City, 3=Road, 4=End: ",2
bot,"[1, 2, 3, 4]",int,"1=Settlement, 2=City, 3=Road, 4=End: ",3
bot,"[1, 2, 3, 4]",int,"1=Settlement, 2=City, 3=Road, 4=End: ",2
bot,"[1, 2, 3, 4]",int,"1=Settlement, 2=City, 3=Road, 4=End: ",2
bot,"[1, 2, 3, 4]",int,"1=Settlement, 2=City, 3=Road, 4=End: ",1
bot,"[1, 2, 3, 4]",int,"1=Settlement, 2=City, 3=Road, 4=End: ",1
bot,"[1, 2, 3, 4]",int,"1=Settlement, 2=City, 3=Road, 4=End: ",4
bot,"[1, 2, 3, 4]",int,"1=Build, 2=Trade, 3=Dev Cards(Play/Select), 4=End: ",2
bot,"[1, 2, 3]",int,"Player Trade (1), Bank/Port Trade (2), Cancel (3): ",3
bot,"[1, 2, 3, 4]",int,"1=Build, 2=Trade, 3=Dev Cards(Play/Select), 4=End: ",1
bot,"[1, 2, 3, 4]",int,"1=Settlement, 2=City, 3=Road, 4=End: ",4
bot,"[1, 2, 3, 4]",int,"1=Build, 2=Trade, 3=Dev Cards(Play/Select), 4=End: ",1
bot,"[1, 2, 3, 4]",int,"1=Settlement, 2=City, 3=Road, 4=End: ",2
bot,"[1, 2, 3, 4]",int,"1=Settlement, 2=City, 3=Road, 4=End: ",1
bot,"[1, 2, 3, 4]",int,"1=Settlement, 2=City, 3=Road, 4=End: ",2
bot,"[1, 2, 3, 4]",int,"1=Settlement, 2=City, 3=Road, 4=End: ",2
bot,"[1, 2, 3, 4]",int,"1=Settlement, 2=City, 3=Road, 4=End: ",2
bot,"[1, 2, 3, 4]",int,"1=Settlement, 2=City, 3=Road, 4=End: ",4
bot,"[1, 2, 3, 4]",int,"1=Build, 2=Trade, 3=Dev Cards(Play/Select), 4=End: ",1
bot,"[1, 2, 3, 4]",int,"1=Settlement, 2=City, 3=Road, 4=End: ",3
bot,"[1, 2, 3, 4]",int,"1=Settlement, 2=City, 3=Road, 4=End: ",3
bot,"[1, 2, 3, 4]",int,"1=Settlement, 2=City, 3=Road, 4=End: ",2
bot,"[1, 2, 3, 4]",int,"1=Settlement, 2=City, 3=Road, 4=End: ",1
bot,"[1, 2, 3, 4]",int,"1=Settlement, 2=City, 3=Road, 4=End: ",4
bot,"[1, 2, 3, 4]",int,"1=Build, 2=Trade, 3=Dev Cards(Play/Select), 4=End: ",2
bot,"[1, 2, 3]",int,"Player Trade (1), Bank/Port Trade (2), Cancel (3): ",1
bot,"['brick', 'wood', 'sheep', 'wheat', 'ore']",resource,Which resource would you like to trade (give away): ,brick
bot,"[1, 2, 3, 4]",int,How many would you like to trade: ,4
bot,"['brick', 'wood', 'sheep', 'wheat', 'ore']",resource,Which resource would you like to trade: ,wood
bot,"[1, 2, 3]",int,How many would you like to trade: ,2
bot,"['Y', 'N']",action,Green would you like to trade brick for wood [Y/N]: ,N
bot,"[1, 2, 3, 4]",int,"1=Build, 2=Trade, 3=Dev Cards(Play/Select), 4=End: ",1
bot,"[1, 2, 3, 4]",int,"1=Settlement, 2=City, 3=Road, 4=End: ",3
bot,"[1, 2, 3, 4]",int,"1=Settlement, 2=City, 3=Road, 4=End: ",4
bot,"[1, 2, 3, 4]",int,"1=Build, 2=Trade, 3=Dev Cards(Play/Select), 4=End: ",4
bot,"range(0, 18)",int,Choosen a Tile [0-18] to move the Robber to: ,1
bot,['Yellow'],player,Choose a player to steal from {'Yellow'}: ,Yellow
bot,"['sheep', 'wood', 'wheat', 'ore']",resource,"Which resource would you like to discard: brick, wood, sheep, wheat, ore: ",wood
bot,"['sheep', 'wood', 'wheat', 'ore']",resource,"Which resource would you like to discard: brick, wood, sheep, wheat, ore: ",ore
bot,"['sheep', 'wood', 'wheat', 'ore']",resource,"Which resource would you like to discard: brick, wood, sheep, wheat, ore: ",sheep
bot,"['wood', 'wheat', 'ore']",resource,"Which resource would you like to discard: brick, wood, sheep, wheat, ore: ",ore
bot,"['wood', 'wheat', 'ore']",resource,"Which resource would you like to discard: brick, wood, sheep, wheat, ore: ",wood
bot,"['wood', 'wheat', 'ore']",resource,"Which resource would you like to discard: brick, wood, sheep, wheat, ore: ",ore
bot,"['wood', 'wheat']",resource,"Which resource would you like to discard: brick, wood, sheep, wheat, ore: ",wood
bot,"['wood', 'wheat']",resource,"Which resource would you like to discard: brick, wood, sheep, wheat, ore: ",wood
bot,"['wood', 'wheat']",resource,"Which resource would you like to discard: brick, wood, sheep, wheat, ore: ",wheat
bot,"['sheep', 'wheat', 'ore']",resource,"Which resource would you like to discard: brick, wood, sheep, wheat, ore: ",ore
bot,"['sheep', 'wheat', 'ore']",resource,"Which resource would you like to discard: brick, wood, sheep, wheat, ore: ",wheat
bot,"['sheep', 'wheat', 'ore']",resource,"Which resource would you like to discard: brick, wood, sheep, wheat, ore: ",sheep
bot,"['sheep', 'wheat', 'ore']",resource,"Which resource would you like to discard: brick, wood, sheep, wheat, ore: ",sheep
bot,"['sheep', 'wheat', 'ore']",resource,"Which resource would you like to discard: brick, wood, sheep, wheat, ore: ",wheat
bot,"['sheep', 'wheat', 'ore']",resource,"Which resource would you like to discard: brick, wood, sheep, wheat, ore: ",sheep
bot,"['ore', 'sheep', 'wheat', 'wood', 'brick']",resource,"Which resource would you like to discard: brick, wood, sheep, wheat, ore: ",sheep
bot,"['ore', 'sheep', 'wheat', 'wood', 'brick']",resource,"Which resource would you like to discard: brick, wood, sheep, wheat, ore: ",wheat
bot,"['sheep', 'wood', 'ore', 'brick']",resource,"Which resource would you like to discard: brick, wood, sheep, wheat, ore: ",wood
bot,"['sheep', 'ore', 'brick']",resource,"Which resource would you like to discard: brick, wood, sheep, wheat, ore: ",ore
bot,"[1, 2, 3, 4]",int,"1=Build, 2=Trade, 3=Dev Cards(Play/Select), 4=End: ",3
bot,"[1, 2, 3]",int,"1=Collect, 2=Play, 3=End:",2
bot,"[1, 2, 3]",int,"1=Collect, 2=Play, 3=End:",1
bot,"[1, 2, 3]",int,"1=Collect, 2=Play, 3=End:",3
bot,"[1, 2, 3, 4]",int,"1=Build, 2=Trade, 3=Dev Cards(Play/Select), 4=End: ",3
bot,"[1, 2, 3]",int,"1=Collect, 2=Play, 3=End:",3
bot,"[1, 2, 3, 4]",int,"1=Build, 2=Trade, 3=Dev Cards(Play/Select), 4=End: ",3
bot,"[1, 2, 3]",int,"1=Collect, 2=Play, 3=End:",2
bot,"[1, 2, 3]",int,"1=Collect, 2=Play, 3=End:",1
bot,"[1, 2, 3]",int,"1=Collect, 2=Play, 3=End:",2
bot,"[1, 2, 3]",int,"1=Collect, 2=Play, 3=End:",3
bot,"[1, 2, 3, 4]",int,"1=Build, 2=Trade, 3=Dev Cards(Play/Select), 4=End: ",4
bot,"[1, 2, 3, 4]",int,"1=Build, 2=Trade, 3=Dev Cards(Play/Select), 4=End: ",4
bot,"range(0, 18)",int,Choosen a Tile [0-18] to move the Robber to: ,6
bot,"['wood', 'wheat']",resource,"Which resource would you like to discard: brick, wood, sheep, wheat, ore: ",wheat
bot,"['wood', 'wheat']",resource,"Which resource would you like to discard: brick, wood, sheep, wheat, ore: ",wood
bot,"['wood', 'wheat']",resource,"Which resource would you like to discard: brick, wood, sheep, wheat, ore: ",wood
bot,"['wood', 'wheat']",resource,"Which resource would you like to discard: brick, wood, sheep, wheat, ore: ",wood
bot,"['wood', 'ore', 'brick']",resource,"Which resource would you like to discard: brick, wood, sheep, wheat, ore: ",wood
bot,"['wood', 'ore', 'brick']",resource,"Which resource would you like to discard: brick, wood, sheep, wheat, ore: ",wood
bot,"['wood', 'ore', 'brick']",resource,"Which resource would you like to discard: brick, wood, sheep, wheat, ore: ",brick
bot,"['wood', 'ore']",resource,"Which resource would you like to discard: brick, wood, sheep, wheat, ore: ",wood
bot,"['sheep', 'wheat', 'ore']",resource,"Which resource would you like to discard: brick, wood, sheep, wheat, ore: ",ore
bot,"['sheep', 'wheat', 'ore']",resource,"Which resource would you like to discard: brick, wood, sheep, wheat, ore: ",ore
bot,"['sheep', 'wheat', 'ore']",resource,"Which resource would you like to discard: brick, wood, sheep, wheat, ore: ",ore
bot,"['sheep', 'wheat', 'ore']",resource,"Which resource would you like to discard: brick, wood, sheep, wheat, ore: ",sheep
bot,"['sheep', 'wheat', 'ore']",resource,"Which resource would you like to discard: brick, wood, sheep, wheat, ore: ",ore
bot,"[1, 2, 3, 4]",int,"1=Build, 2=Trade, 3=Dev Cards(Play/Select), 4=End: ",1
bot,"[1, 2, 3, 4]",int,"1=Settlement, 2=City, 3=Road, 4=End: ",2
bot,"[1, 2, 3, 4]",int,"1=Settlement, 2=City, 3=Road, 4=End: ",2
bot,"[1, 2, 3, 4]",int,"1=Settlement, 2=City, 3=Road, 4=End: ",4
bot,"[1, 2, 3, 4]",int,"1=Build, 2=Trade, 3=Dev Cards(Play/Select), 4=End: ",3
bot,"[1, 2, 3]",int,"1=Collect, 2=Play, 3=End:",2
bot,"[1, 2, 3]",int,"1=Collect, 2=Play, 3=End:",2
bot,"[1, 2, 3]",int,"1=Collect, 2=Play, 3=End:",1
bot,"[1, 2, 3]",int,"1=Collect, 2=Play, 3=End:",3
bot,"[1, 2, 3, 4]",int,"1=Build, 2=Trade, 3=Dev Cards(Play/Select), 4=End: ",4
bot,"[1, 2, 3, 4]",int,"1=Build, 2=Trade, 3=Dev Cards(Play/Select), 4=End: ",4
bot,"[1, 2, 3, 4]",int,"1=Build, 2=Trade, 3=Dev Cards(Play/Select), 4=End: ",4
bot,"range(0, 18)",int,Choosen a Tile [0-18] to move the Robber to: ,15
bot,['Green'],player,Choose a player to steal from {'Green'}: ,Green
bot,"['wood', 'wheat']",resource,"Which resource would you like to discard: brick, wood, sheep, wheat, ore: ",wheat
bot,"['wood', 'wheat']",resource,"Which resource would you like to discard: brick, wood, sheep, wheat, ore: ",wheat
bot,"['wood', 'wheat']",resource,"Which resource would you like to discard: brick, wood, sheep, wheat, ore: ",wheat
bot,"['wood', 'wheat']",resource,"Which resource would you like to discard: brick, wood, sheep, wheat, ore: ",wood
bot,"['sheep', 'wheat', 'ore']",resource,"Which resource would you like to discard: brick, wood, sheep, wheat, ore: ",ore
bot,"['sheep', 'wheat', 'ore']",resource,"Which resource would you like to discard: brick, wood, sheep, wheat, ore: ",sheep
bot,"['sheep', 'wheat', 'ore']",resource,"Which resource would you like to discard: brick, wood, sheep, wheat, ore: ",sheep
bot,"['sheep', 'wheat', 'ore']",resource,"Which resource would you like to discard: brick, wood, sheep, wheat, ore: ",ore
bot,"['sheep', 'wheat', 'ore']",resource,"Which resource would you like to discard: brick, wood, sheep, wheat, ore: ",sheep
bot,"[1, 2, 3, 4]",int,"1=Build, 2=Trade, 3=Dev Cards(Play/Select), 4=End: ",2
bot,"[1, 2, 3]",int,"Player Trade (1), Bank/Port Trade (2), Cancel (3): ",1
bot,"['brick', 'wood', 'sheep', 'wheat', 'ore']",resource,Which resource would you like to trade (give away): ,ore
bot,"[1, 2, 3, 4]",int,How many would you like to trade: ,3
bot,"['brick', 'wood', 'sheep', 'wheat', 'ore']",resource,Which resource would you like to trade: ,wood
bot,"[1, 2, 3]",int,How many would you like to trade: ,1
bot,"['Y', 'N']",action,Yellow would you like to trade ore for wood [Y/N]: ,Y
bot,"['Y', 'N']",action,Blue would you like to trade ore for wood [Y/N]: ,N
bot,"[1, 2, 3, 4]",int,"1=Build, 2=Trade, 3=Dev Cards(Play/Select), 4=End: ",1
bot,"[1, 2, 3, 4]",int,"1=Settlement, 2=City, 3=Road, 4=End: ",4
bot,"[1, 2, 3, 4]",int,"1=Build, 2=Trade, 3=Dev Cards(Play/Select), 4=End: ",1
bot,"[1, 2, 3, 4]",int,"1=Settlement, 2=City, 3=Road, 4=End: ",4
bot,"[1, 2, 3, 4]",int,"1=Build, 2=Trade, 3=Dev Cards(Play/Select), 4=End: ",1
bot,"[1, 2, 3, 4]",int,"1=Settlement, 2=City, 3=Road, 4=End: ",1
bot,"[1, 2, 3, 4]",int,"1=Settlement, 2=City, 3=Road, 4=End: ",3
bot,"[1, 2, 3, 4]",int,"1=Settlement, 2=City, 3=Road, 4=End: ",4
bot,"[1, 2, 3, 4]",int,"1=Build, 2=Trade, 3=Dev Cards(Play/Select), 4=End: ",2
bot,"[1, 2, 3]",int,"Player Trade (1), Bank/Port Trade (2), Cancel (3): ",1
bot,"['brick', 'wood', 'sheep', 'wheat', 'ore']",resource,Which resource would you like to trade (give away): ,brick
bot,"[1, 2, 3, 4]",int,How many would you like to trade: ,1
bot,"['brick', 'wood', 'sheep', 'wheat', 'ore']",resource,Which resource would you like to trade: ,brick
bot,"[1, 2, 3]",int,How many would you like to trade: ,2
bot,"['Y', 'N']",action,Green would you like to trade brick for brick [Y/N]: ,N
bot,"[1, 2, 3, 4]",int,"1=Build, 2=Trade, 3=Dev Cards(Play/Select), 4=End: ",2
bot,"[1, 2, 3]",int,"Player Trade (1), Bank/Port Trade (2), Cancel (3): ",2
bot,"['brick', 'wood', 'sheep', 'wheat', 'ore']",resource,Which resource would you like to trade (give away): ,wheat
bot,"['brick', 'wood', 'sheep', 'wheat', 'ore']",resource,Which resource would you like to receive: ,wood
bot,"[1, 2, 3]",int,"Player Trade (1), Bank/Port Trade (2), Cancel (3): ",1
bot,"['brick', 'wood', 'sheep', 'wheat', 'ore']",resource,Which resource would you like to trade (give away): ,wheat
bot,"[1, 2, 3, 4]",int,How many would you like to trade: ,3
bot,"['brick', 'wood', 'sheep', 'wheat', 'ore']",resource,Which resource would you like to trade: ,brick
bot,"[1, 2, 3]",int,How many would you like to trade: ,2
bot,"['Y', 'N']",action,Blue would you like to trade wheat for brick [Y/N]: ,Y
bot,"[1, 2, 3, 4]",int,"1=Build, 2=Trade, 3=Dev Cards(Play/Select), 4=End: ",2
bot,"[1, 2, 3]",int,"Player Trade (1), Bank/Port Trade (2), Cancel (3): ",1
bot,"['brick', 'wood', 'sheep', 'wheat', 'ore']",resource,Which resource would you like to trade (give away): ,wheat
bot,"[1, 2, 3, 4]",int,How many would you like to trade: ,4
bot,"['brick', 'wood', 'sheep', 'wheat', 'ore']",resource,Which resource would you like to trade: ,wheat
bot,"[1, 2, 3]",int,How many would you like to trade: ,3
bot,"[1, 2, 3, 4]",int,"1=Build, 2=Trade, 3=Dev Cards(Play/Select), 4=End: ",1
bot,"[1, 2, 3, 4]",int,"1=Settlement, 2=City, 3=Road, 4=End: ",3
bot,"[1, 2, 3, 4]",int,"1=Settlement, 2=City, 3=Road, 4=End: ",3
bot,"[1, 2, 3, 4]",int,"1=Settlement, 2=City, 3=Road, 4=End: ",2
bot,"[1, 2, 3, 4]",int,"1=Settlement, 2=City, 3=Road, 4=End: ",1
bot,"[1, 2, 3, 4]",int,"1=Settlement, 2=City, 3=Road, 4=End: ",4
bot,"[1, 2, 3, 4]",int,"1=Build, 2=Trade, 3=Dev Cards(Play/Select), 4=End: ",1
bot,"[1, 2, 3, 4]",int,"1=Settlement, 2=City, 3=Road, 4=End: ",3
bot,"[1, 2, 3, 4]",int,"1=Settlement, 2=City, 3=Road, 4=End: ",3
bot,"[1, 2, 3, 4]",int,"1=Settlement, 2=City, 3=Road, 4=End: ",3
bot,"[1, 2, 3, 4]",int,"1=Settlement, 2=City, 3=Road, 4=End: ",3
bot,"[1, 2, 3, 4]",int,"1=Settlement, 2=City, 3=Road, 4=End: ",4
bot,"[1, 2, 3, 4]",int,"1=Build, 2=Trade, 3=Dev Cards(Play/Select), 4=End: ",3
bot,"[1, 2, 3]",int,"1=Collect, 2=Play, 3=End:",3
bot,"[1, 2, 3, 4]",int,"1=Build, 2=Trade, 3=Dev Cards(Play/Select), 4=End: ",1
bot,"[1, 2, 3, 4]",int,"1=Settlement, 2=City, 3=Road, 4=End: ",1
bot,"[1, 2, 3, 4]",int,"1=Settlement, 2=City, 3=Road, 4=End: ",2
bot,"[1, 2, 3, 4]",int,"1=Settlement, 2=City, 3=Road, 4=End: ",4
bot,"[1, 2, 3, 4]",int,"1=Build, 2=Trade, 3=Dev Cards(Play/Select), 4=End: ",1
bot,"[1, 2, 3, 4]",int,"1=Settlement, 2=City, 3=Road, 4=End: ",4
bot,"[1, 2, 3, 4]",int,"1=Build, 2=Trade, 3=Dev Cards(Play/Select), 4=End: ",1
bot,"[1, 2, 3, 4]",int,"1=Settlement, 2=City, 3=Road, 4=End: ",3
bot,"[1, 2, 3, 4]",int,"1=Settlement, 2=City, 3=Road, 4=End: ",3
bot,"[1, 2, 3, 4]",int,"1=Settlement, 2=City, 3=Road, 4=End: ",2
bot,"[1, 2, 3, 4]",int,"1=Settlement, 2=City, 3=Road, 4=End: ",3
bot,"[1, 2, 3, 4]",int,"1=Settlement, 2=City, 3=Road, 4=End: ",3
bot,"[1, 2, 3, 4]",int,"1=Settlement, 2=City, 3=Road, 4=End: ",3
bot,"[1, 2, 3, 4]",int,"1=Settlement, 2=City, 3=Road, 4=End: ",2
bot,"[1, 2, 3, 4]",int,"1=Settlement, 2=City, 3=Road, 4=End: ",4
bot,"[1, 2, 3, 4]",int,"1=Build, 2=Trade, 3=Dev Cards(Play/Select), 4=End: ",2
bot,"[1, 2, 3]",int,"Player Trade (1), Bank/Port Trade (2), Cancel (3): ",3
bot,"[1, 2, 3, 4]",int,"1=Build, 2=Trade, 3=Dev Cards(Play/Select), 4=End: ",3
bot,"[1, 2, 3]",int,"1=Collect, 2=Play, 3=End:",3
bot,"[1, 2, 3, 4]",int,"1=Build, 2=Trade, 3=Dev Cards(Play/Select), 4=End: ",1
bot,"[1, 2, 3, 4]",int,"1=Settlement, 2=City, 3=Road, 4=End: ",3
bot,"[1, 2, 3, 4]",int,"1=Settlement, 2=City, 3=Road, 4=End: ",2
bot,"[1, 2, 3, 4]",int,"1=Settlement, 2=City, 3=Road, 4=End: ",4
bot,"[1, 2, 3, 4]",int,"1=Build, 2=Trade, 3=Dev Cards(Play/Select), 4=End: ",3
bot,"[1, 2, 3]",int,"1=Collect, 2=Play, 3=End:",2
bot,['knight'],card,"Which dev card would you like to play from - [RoadBuilding(color=None, played=True, player=None, name='road_building'), Knight(color=None, played=True, player=None, name='knight'), YearOfPlenty(color=None, played=True, player=None, name='year_of_plenty'), VictoryPoint(color=None, played=True, player=None, name='victory_point'), VictoryPoint(color=None, played=True, player=None, name='victory_point'), Knight(color=None, played=True, player=None, name='knight'), Knight(color=None, played=False, player=None, name='knight')]: ",knight
bot,"range(0, 18)",int,Choosen a Tile [0-18] to move the Robber to: ,0
bot,"[1, 2, 3, 4]",int,"1=Build, 2=Trade, 3=Dev Cards(Play/Select), 4=End: ",4
bot,"range(0, 18)",int,Choosen a Tile [0-18] to move the Robber to: ,3
bot,"['Green', 'Red']",player,"Choose a player to steal from {'Green', 'Red'}: ",Green
bot,"['wood', 'ore', 'brick']",resource,"Which resource would you like to discard: brick, wood, sheep, wheat, ore: ",brick
bot,"['wood', 'ore']",resource,"Which resource would you like to discard: brick, wood, sheep, wheat, ore: ",wood
bot,"['wood', 'ore']",resource,"Which resource would you like to discard: brick, wood, sheep, wheat, ore: ",ore
bot,"['wood', 'ore']",resource,"Which resource would you like to discard: brick, wood, sheep, wheat, ore: ",wood
bot,"[1, 2, 3, 4]",int,"1=Build, 2=Trade, 3=Dev Cards(Play/Select), 4=End: ",4
bot,"range(0, 18)",int,Choosen a Tile [0-18] to move the Robber to: ,7
bot,['Green'],player,Choose a player to steal from {'Green'}: ,Green
bot,"[1, 2, 3, 4]",int,"1=Build, 2=Trade, 3=Dev Cards(Play/Select), 4=End: ",1
bot,"[1, 2, 3, 4]",int,"1=Settlement, 2=City, 3=Road, 4=End: ",2
bot,"[1, 2, 3, 4]",int,"1=Settlement, 2=City, 3=Road, 4=End: ",2
bot,"[1, 2, 3, 4]",int,"1=Settlement, 2=City, 3=Road, 4=End: ",4
bot,"[1, 2, 3, 4]",int,"1=Build, 2=Trade, 3=Dev Cards(Play/Select), 4=End: ",2
bot,"[1, 2, 3]",int,"Player Trade (1), Bank/Port Trade (2), Cancel (3): ",1
bot,"['brick', 'wood', 'sheep', 'wheat', 'ore']",resource,Which resource would you like to trade (give away): ,ore
bot,"[1, 2, 3, 4]",int,How many would you like to trade: ,3
bot,"['brick', 'wood', 'sheep', 'wheat', 'ore']",resource,Which resource would you like to trade: ,wood
bot,"[1, 2, 3]",int,How many would you like to trade: ,3
bot,"[1, 2, 3, 4]",int,"1=Build, 2=Trade, 3=Dev Cards(Play/Select), 4=End: ",2
bot,"[1, 2, 3]",int,"Player Trade (1), Bank/Port Trade (2), Cancel (3): ",2
bot,"['brick', 'wood', 'sheep', 'wheat', 'ore']",resource,Which resource would you like to trade (give away): ,wheat
bot,"['brick', 'wood', 'sheep', 'wheat', 'ore']",resource,Which resource would you like to receive: ,wood
bot,"[1, 2, 3]",int,"Player Trade (1), Bank/Port Trade (2), Cancel (3): ",2
bot,"['brick', 'wood', 'sheep', 'wheat', 'ore']",resource,Which resource would you like to trade (give away): ,ore
bot,"['brick', 'wood', 'sheep', 'wheat', 'ore']",resource,Which resource would you like to receive: ,ore
bot,"[1, 2, 3]",int,"Player Trade (1), Bank/Port Trade (2), Cancel (3): ",3
bot,"[1, 2, 3, 4]",int,"1=Build, 2=Trade, 3=Dev Cards(Play/Select), 4=End: ",4
bot,"[1, 2, 3, 4]",int,"1=Build, 2=Trade, 3=Dev Cards(Play/Select), 4=End: ",4
bot,"[1, 2, 3, 4]",int,"1=Build, 2=Trade, 3=Dev Cards(Play/Select), 4=End: ",3
bot,"[1, 2, 3]",int,"1=Collect, 2=Play, 3=End:",1
bot,"[1, 2, 3]",int,"1=Collect, 2=Play, 3=End:",3
bot,"[1, 2, 3, 4]",int,"1=Build, 2=Trade, 3=Dev Cards(Play/Select), 4=End: ",1
bot,"[1, 2, 3, 4]",int,"1=Settlement, 2=City, 3=Road, 4=End: ",2
bot,"[1, 2, 3, 4]",int,"1=Settlement, 2=City, 3=Road, 4=End: ",2
bot,"[1, 2, 3, 4]",int,"1=Settlement, 2=City, 3=Road, 4=End: ",1
bot,"[1, 2, 3, 4]",int,"1=Settlement, 2=City, 3=Road, 4=End: ",3
bot,"[1, 2, 3, 4]",int,"1=Settlement, 2=City, 3=Road, 4=End: ",3
bot,"[1, 2, 3, 4]",int,"1=Settlement, 2=City, 3=Road, 4=End: ",2
bot,"[1, 2, 3, 4]",int,"1=Settlement, 2=City, 3=Road, 4=End: ",3
bot,"[1, 2, 3, 4]",int,"1=Settlement, 2=City, 3=Road, 4=End: ",2
bot,"[1, 2, 3, 4]",int,"1=Settlement, 2=City, 3=Road, 4=End: ",3
bot,"[1, 2, 3, 4]",int,"1=Settlement, 2=City, 3=Road, 4=End: ",1
bot,"[1, 2, 3, 4]",int,"1=Settlement, 2=City, 3=Road, 4=End: ",2
bot,"[1, 2, 3, 4]",int,"1=Settlement, 2=City, 3=Road, 4=End: ",2
bot,"[1, 2, 3, 4]",int,"1=Settlement, 2=City, 3=Road, 4=End: ",2
bot,"[1, 2, 3, 4]",int,"1=Settlement, 2=City, 3=Road, 4=End: ",2
bot,"[1, 2, 3, 4]",int,"1=Settlement, 2=City, 3=Road, 4=End: ",4
bot,"[1, 2, 3, 4]",int,"1=Build, 2=Trade, 3=Dev Cards(Play/Select), 4=End: ",3
bot,"[1, 2, 3]",int,"1=Collect, 2=Play, 3=End:",1
bot,"[1, 2, 3]",int,"1=Collect, 2=Play, 3=End:",1
bot,"[1, 2, 3]",int,"1=Collect, 2=Play, 3=End:",1
bot,"[1, 2, 3]",int,"1=Collect, 2=Play, 3=End:",3
bot,"[1, 2, 3, 4]",int,"1=Build, 2=Trade, 3=Dev Cards(Play/Select), 4=End: ",1
bot,"[1, 2, 3, 4]",int,"1=Settlement, 2=City, 3=Road, 4=End: ",1
bot,"[1, 2, 3, 4]",int,"1=Settlement, 2=City, 3=Road, 4=End: ",3
bot,"[1, 2, 3, 4]",int,"1=Settlement, 2=City, 3=Road, 4=End: ",3
bot,"[1, 2, 3, 4]",int,"1=Settlement, 2=City, 3=Road, 4=End: ",4
bot,"[1, 2, 3, 4]",int,"1=Build, 2=Trade, 3=Dev Cards(Play/Select), 4=End: ",2
bot,"[1, 2, 3]",int,"Player Trade (1), Bank/Port Trade (2), Cancel (3): ",2
bot,"['brick', 'wood', 'sheep', 'wheat', 'ore']",resource,Which resource would you like to trade (give away): ,ore
bot,"['brick', 'wood', 'sheep', 'wheat', 'ore']",resource,Which resource would you like to receive: ,sheep
bot,"[1, 2, 3]",int,"Player Trade (1), Bank/Port Trade (2), Cancel (3): ",2
bot,"['brick', 'wood', 'sheep', 'wheat', 'ore']",resource,Which resource would you like to trade (give away): ,wood
bot,"['brick', 'wood', 'sheep', 'wheat', 'ore']",resource,Which resource would you like to receive: ,wheat
bot,"[1, 2, 3]",int,"Player Trade (1), Bank/Port Trade (2), Cancel (3): ",2
bot,"['brick', 'wood', 'sheep', 'wheat', 'ore']",resource,Which resource would you like to trade (give away): ,ore
bot,"['brick', 'wood', 'sheep', 'wheat', 'ore']",resource,Which resource would you like to receive: ,wood
bot,"[1, 2, 3]",int,"Player Trade (1), Bank/Port Trade (2), Cancel (3): ",1
bot,"['brick', 'wood', 'sheep', 'wheat', 'ore']",resource,Which resource would you like to trade (give away): ,wood
bot,"[1, 2, 3, 4]",int,How many would you like to trade: ,4
bot,"['brick', 'wood', 'sheep', 'wheat', 'ore']",resource,Which resource would you like to trade: ,wood
bot,"[1, 2, 3]",int,How many would you like to trade: ,3
bot,"['Y', 'N']",action,Yellow would you like to trade wood for wood [Y/N]: ,N
bot,"[1, 2, 3, 4]",int,"1=Build, 2=Trade, 3=Dev Cards(Play/Select), 4=End: ",4
bot,"[1, 2, 3, 4]",int,"1=Build, 2=Trade, 3=Dev Cards(Play/Select), 4=End: ",3
bot,"[1, 2, 3]",int,"1=Collect, 2=Play, 3=End:",2
bot,"[1, 2, 3]",int,"1=Collect, 2=Play, 3=End:",2
bot,"[1, 2, 3]",int,"1=Collect, 2=Play, 3=End:",2
bot,"[1, 2, 3]",int,"1=Collect, 2=Play, 3=End:",1
bot,"[1, 2, 3]",int,"1=Collect, 2=Play, 3=End:",2
bot,"[1, 2, 3]",int,"1=Collect, 2=Play, 3=End:",2
bot,"[1, 2, 3]",int,"1=Collect, 2=Play, 3=End:",3
bot,"[1, 2, 3, 4]",int,"1=Build, 2=Trade, 3=Dev Cards(Play/Select), 4=End: ",2
bot,"[1, 2, 3]",int,"Player Trade (1), Bank/Port Trade (2), Cancel (3): ",2
bot,"['brick', 'wood', 'sheep', 'wheat', 'ore']",resource,Which resource would you like to trade (give away): ,ore
bot,"['brick', 'wood', 'sheep', 'wheat', 'ore']",resource,Which resource would you like to receive: ,brick
bot,"[1, 2, 3, 4]",int,"1=Build, 2=Trade, 3=Dev Cards(Play/Select), 4=End: ",3
bot,"[1, 2, 3]",int,"1=Collect, 2=Play, 3=End:",1
bot,"[1, 2, 3]",int,"1=Collect, 2=Play, 3=End:",3
bot,"[1, 2, 3, 4]",int,"1=Build, 2=Trade, 3=Dev Cards(Play/Select), 4=End: ",3
bot,"[1, 2, 3]",int,"1=Collect, 2=Play, 3=End:",3
bot,"[1, 2, 3, 4]",int,"1=Build, 2=Trade, 3=Dev Cards(Play/Select), 4=End: ",1
bot,"[1, 2, 3, 4]",int,"1=Settlement, 2=City, 3=Road, 4=End: ",2
bot,"[1, 2, 3, 4]",int,"1=Settlement, 2=City, 3=Road, 4=End: ",2
bot,"[1, 2, 3, 4]",int,"1=Settlement, 2=City, 3=Road, 4=End: ",1
bot,"[1, 2, 3, 4]",int,"1=Settlement, 2=City, 3=Road, 4=End: ",1
bot,"[1, 2, 3, 4]",int,"1=Settlement, 2=City, 3=Road, 4=End: ",4
bot,"[1, 2, 3, 4]",int,"1=Build, 2=Trade, 3=Dev Cards(Play/Select), 4=End: ",3
bot,"[1, 2, 3]",int,"1=Collect, 2=Play, 3=End:",1
bot,"[1, 2, 3]",int,"1=Collect, 2=Play, 3=End:",1
bot,"[1, 2, 3]",int,"1=Collect, 2=Play, 3=End:",2
bot,"[1, 2, 3]",int,"1=Collect, 2=Play, 3=End:",2
bot,"[1, 2, 3]",int,"1=Collect, 2=Play, 3=End:",2
bot,"[1, 2, 3]",int,"1=Collect, 2=Play, 3=End:",2
bot,"[1, 2, 3]",int,"1=Collect, 2=Play, 3=End:",2
bot,"[1, 2, 3]",int,"1=Collect, 2=Play, 3=End:",3
bot,"[1, 2, 3, 4]",int,"1=Build, 2=Trade, 3=Dev Cards(Play/Select), 4=End: ",1
bot,"[1, 2, 3, 4]",int,"1=Settlement, 2=City, 3=Road, 4=End: ",4
bot,"[1, 2, 3, 4]",int,"1=Build, 2=Trade, 3=Dev Cards(Play/Select), 4=End: ",1
bot,"[1, 2, 3, 4]",int,"1=Settlement, 2=City, 3=Road, 4=End: ",1
bot,"[1, 2, 3, 4]",int,"1=Settlement, 2=City, 3=Road, 4=End: ",3
bot,"[8, 15, 35, 35, 44, 43, 44, 50, 55, 63, 63]",int,Choose road location - [0-71]: ,63
bot,"[1, 2, 3, 4]",int,"1=Settlement, 2=City, 3=Road, 4=End: ",2
bot,"[1, 2, 3, 4]",int,"1=Settlement, 2=City, 3=Road, 4=End: ",4
bot,"[1, 2, 3, 4]",int,"1=Build, 2=Trade, 3=Dev Cards(Play/Select), 4=End: ",4
bot,"[1, 2, 3, 4]",int,"1=Build, 2=Trade, 3=Dev Cards(Play/Select), 4=End: ",4
bot,"[1, 2, 3, 4]",int,"1=Build, 2=Trade, 3=Dev Cards(Play/Select), 4=End: ",1
bot,"[1, 2, 3, 4]",int,"1=Settlement, 2=City, 3=Road, 4=End: ",3
bot,"[1, 2, 3, 4]",int,"1=Settlement, 2=City, 3=Road, 4=End: ",3
bot,"[1, 2, 3, 4]",int,"1=Settlement, 2=City, 3=Road, 4=End: ",1
bot,"[1, 2, 3, 4]",int,"1=Settlement, 2=City, 3=Road, 4=End: ",2
bot,"[1, 2, 3, 4]",int,"1=Settlement, 2=City, 3=Road, 4=End: ",1
bot,"[1, 2, 3, 4]",int,"1=Settlement, 2=City, 3=Road, 4=End: ",2
bot,"[1, 2, 3, 4]",int,"1=Settlement, 2=City, 3=Road, 4=End: ",1
bot,"[1, 2, 3, 4]",int,"1=Settlement, 2=City, 3=Road, 4=End: ",1
bot,"[1, 2, 3, 4]",int,"1=Settlement, 2=City, 3=Road, 4=End: ",4
bot,"[1, 2, 3, 4]",int,"1=Build, 2=Trade, 3=Dev Cards(Play/Select), 4=End: ",4
bot,"[1, 2, 3, 4]",int,"1=Build, 2=Trade, 3=Dev Cards(Play/Select), 4=End: ",3
bot,"[1, 2, 3]",int,"1=Collect, 2=Play, 3=End:",1
bot,"[1, 2, 3]",int,"1=Collect, 2=Play, 3=End:",2
bot,"['knight', 'knight']",card,"Which dev card would you like to play from - [RoadBuilding(color=None, played=True, player=None, name='road_building'), Knight(color=None, played=True, player=None, name='knight'), YearOfPlenty(color=None, played=True, player=None, name='year_of_plenty'), VictoryPoint(color=None, played=True, player=None, name='victory_point'), VictoryPoint(color=None, played=True, player=None, name='victory_point'), Knight(color=None, played=True, player=None, name='knight'), Knight(color=None, played=True, player=None, name='knight'), Knight(color=None, played=False, player=None, name='knight'), Knight(color=None, played=False, player=None, name='knight')]: ",knight
bot,"range(0, 18)",int,Choosen a Tile [0-18] to move the Robber to: ,17
bot,['Yellow'],player,Choose a player to steal from {'Yellow'}: ,Yellow
bot,"[1, 2, 3, 4]",int,"1=Build, 2=Trade, 3=Dev Cards(Play/Select), 4=End: ",3
bot,"[1, 2, 3]",int,"1=Collect, 2=Play, 3=End:",3
bot,"[1, 2, 3, 4]",int,"1=Build, 2=Trade, 3=Dev Cards(Play/Select), 4=End: ",2
bot,"[1, 2, 3]",int,"Player Trade (1), Bank/Port Trade (2), Cancel (3): ",1
bot,"['brick', 'wood', 'sheep', 'wheat', 'ore']",resource,Which resource would you like to trade (give away): ,brick
bot,"[1, 2, 3, 4]",int,How many would you like to trade: ,1
bot,"['brick', 'wood', 'sheep', 'wheat', 'ore']",resource,Which resource would you like to trade: ,sheep
bot,"[1, 2, 3]",int,How many would you like to trade: ,3
bot,"['Y', 'N']",action,Blue would you like to trade brick for sheep [Y/N]: ,Y
bot,"['Y', 'N']",action,Green would you like to trade brick for sheep [Y/N]: ,Y
bot,"[1, 2, 3, 4]",int,"1=Build, 2=Trade, 3=Dev Cards(Play/Select), 4=End: ",2
bot,"[1, 2, 3]",int,"Player Trade (1), Bank/Port Trade (2), Cancel (3): ",3
bot,"[1, 2, 3, 4]",int,"1=Build, 2=Trade, 3=Dev Cards(Play/Select), 4=End: ",2
bot,"[1, 2, 3]",int,"Player Trade (1), Bank/Port Trade (2), Cancel (3): ",2
bot,"['brick', 'wood', 'sheep', 'wheat', 'ore']",resource,Which resource would you like to trade (give away): ,ore
bot,"['brick', 'wood', 'sheep', 'wheat', 'ore']",resource,Which resource would you like to receive: ,ore
bot,"[1, 2, 3]",int,"Player Trade (1), Bank/Port Trade (2), Cancel (3): ",3
bot,"[1, 2, 3, 4]",int,"1=Build, 2=Trade, 3=Dev Cards(Play/Select), 4=End: ",1
bot,"[1, 2, 3, 4]",int,"1=Settlement, 2=City, 3=Road, 4=End: ",4
bot,"[1, 2, 3, 4]",int,"1=Build, 2=Trade, 3=Dev Cards(Play/Select), 4=End: ",3
bot,"[1, 2, 3]",int,"1=Collect, 2=Play, 3=End:",2
bot,['knight'],card,"Which dev card would you like to play from - [RoadBuilding(color=None, played=True, player=None, name='road_building'), Knight(color=None, played=True, player=None, name='knight'), YearOfPlenty(color=None, played=True, player=None, name='year_of_plenty'), VictoryPoint(color=None, played=True, player=None, name='victory_point'), VictoryPoint(color=None, played=True, player=None, name='victory_point'), Knight(color=None, played=True, player=None, name='knight'), Knight(color=None, played=True, player=None, name='knight'), Knight(color=None, played=True, player=None, name='knight'), Knight(color=None, played=False, player=None, name='knight')]: ",knight
bot,"range(0, 18)",int,Choosen a Tile [0-18] to move the Robber to: ,3
bot,['Green'],player,Choose a player to steal from {'Green'}: ,Green
bot,"[1, 2, 3, 4]",int,"1=Build, 2=Trade, 3=Dev Cards(Play/Select), 4=End: ",4
bot,"[1, 2, 3, 4]",int,"1=Build, 2=Trade, 3=Dev Cards(Play/Select), 4=End: ",4
bot,"[1, 2, 3, 4]",int,"1=Build, 2=Trade, 3=Dev Cards(Play/Select), 4=End: ",4
bot,"[1, 2, 3, 4]",int,"1=Build, 2=Trade, 3=Dev Cards(Play/Select), 4=End: ",3
bot,"[1, 2, 3]",int,"1=Collect, 2=Play, 3=End:",2
bot,"[1, 2, 3]",int,"1=Collect, 2=Play, 3=End:",2
bot,"[1, 2, 3]",int,"1=Collect, 2=Play, 3=End:",1
bot,"[1, 2, 3]",int,"1=Collect, 2=Play, 3=End:",1
bot,"[1, 2, 3]",int,"1=Collect, 2=Play, 3=End:",2
bot,"[1, 2, 3]",int,"1=Collect, 2=Play, 3=End:",3
bot,"[1, 2, 3, 4]",int,"1=Build, 2=Trade, 3=Dev Cards(Play/Select), 4=End: ",3
bot,"[1, 2, 3]",int,"1=Collect, 2=Play, 3=End:",3
bot,"[1, 2, 3, 4]",int,"1=Build, 2=Trade, 3=Dev Cards(Play/Select), 4=End: ",1
bot,"[1, 2, 3, 4]",int,"1=Settlement, 2=City, 3=Road, 4=End: ",4
bot,"[1, 2, 3, 4]",int,"1=Build, 2=Trade, 3=Dev Cards(Play/Select), 4=End: ",1
bot,"[1, 2, 3, 4]",int,"1=Settlement, 2=City, 3=Road, 4=End: ",3
bot,"[1, 2, 3, 4]",int,"1=Settlement, 2=City, 3=Road, 4=End: ",4
bot,"[1, 2, 3, 4]",int,"1=Build, 2=Trade, 3=Dev Cards(Play/Select), 4=End: ",1
bot,"[1, 2, 3, 4]",int,"1=Settlement, 2=City, 3=Road, 4=End: ",2
bot,"[1, 2, 3, 4]",int,"1=Settlement, 2=City, 3=Road, 4=End: ",2
bot,"[1, 2, 3, 4]",int,"1=Settlement, 2=City, 3=Road, 4=End: ",2
bot,"[1, 2, 3, 4]",int,"1=Settlement, 2=City, 3=Road, 4=End: ",4
bot,"[1, 2, 3, 4]",int,"1=Build, 2=Trade, 3=Dev Cards(Play/Select), 4=End: ",1
bot,"[1, 2, 3, 4]",int,"1=Settlement, 2=City, 3=Road, 4=End: ",3
bot,"[1, 2, 3, 4]",int,"1=Settlement, 2=City, 3=Road, 4=End: ",3
bot,"[1, 2, 3, 4]",int,"1=Settlement, 2=City, 3=Road, 4=End: ",2
bot,"[1, 2, 3, 4]",int,"1=Settlement, 2=City, 3=Road, 4=End: ",3
bot,"[1, 2, 3, 4]",int,"1=Settlement, 2=City, 3=Road, 4=End: ",3
bot,"[1, 2, 3, 4]",int,"1=Settlement, 2=City, 3=Road, 4=End: ",1
bot,"[1, 2, 3, 4]",int,"1=Settlement, 2=City, 3=Road, 4=End: ",4
bot,"[1, 2, 3, 4]",int,"1=Build, 2=Trade, 3=Dev Cards(Play/Select), 4=End: ",2
bot,"[1, 2, 3]",int,"Player Trade (1), Bank/Port Trade (2), Cancel (3): ",3
bot,"[1, 2, 3, 4]",int,"1=Build, 2=Trade, 3=Dev Cards(Play/Select), 4=End: ",4
bot,"[1, 2, 3, 4]",int,"1=Build, 2=Trade, 3=Dev Cards(Play/Select), 4=End: ",4
bot,"[1, 2, 3, 4]",int,"1=Build, 2=Trade, 3=Dev Cards(Play/Select), 4=End: ",1
bot,"[1, 2, 3, 4]",int,"1=Settlement, 2=City, 3=Road, 4=End: ",4
bot,"[1, 2, 3, 4]",int,"1=Build, 2=Trade, 3=Dev Cards(Play/Select), 4=End: ",4
bot,"[1, 2, 3, 4]",int,"1=Build, 2=Trade, 3=Dev Cards(Play/Select), 4=End: ",4
bot,"[1, 2, 3, 4]",int,"1=Build, 2=Trade, 3=Dev Cards(Play/Select), 4=End: ",2
bot,"[1, 2, 3]",int,"Player Trade (1), Bank/Port Trade (2), Cancel (3): ",1
bot,"['brick', 'wood', 'sheep', 'wheat', 'ore']",resource,Which resource would you like to trade (give away): ,wood
bot,"[1, 2, 3, 4]",int,How many would you like to trade: ,1
bot,"['brick', 'wood', 'sheep', 'wheat', 'ore']",resource,Which resource would you like to trade: ,ore
bot,"[1, 2, 3]",int,How many would you like to trade: ,3
bot,"['Y', 'N']",action,Red would you like to trade wood for ore [Y/N]: ,Y
bot,"['Y', 'N']",action,Yellow would you like to trade wood for ore [Y/N]: ,N
bot,"[1, 2, 3, 4]",int,"1=Build, 2=Trade, 3=Dev Cards(Play/Select), 4=End: ",4
bot,"[1, 2, 3, 4]",int,"1=Build, 2=Trade, 3=Dev Cards(Play/Select), 4=End: ",3
bot,"[1, 2, 3]",int,"1=Collect, 2=Play, 3=End:",1
bot,"[1, 2, 3]",int,"1=Collect, 2=Play, 3=End:",1
bot,"[1, 2, 3]",int,"1=Collect, 2=Play, 3=End:",1
bot,"[1, 2, 3]",int,"1=Collect, 2=Play, 3=End:",2
bot,"['victory_point', 'victory_point', 'road_building']",card,"Which dev card would you like to play from - [RoadBuilding(color=None, played=True, player=None, name='road_building'), Knight(color=None, played=True, player=None, name='knight'), YearOfPlenty(color=None, played=True, player=None, name='year_of_plenty'), VictoryPoint(color=None, played=True, player=None, name='victory_point'), VictoryPoint(color=None, played=True, player=None, name='victory_point'), Knight(color=None, played=True, player=None, name='knight'), Knight(color=None, played=True, player=None, name='knight'), Knight(color=None, played=True, player=None, name='knight'), Knight(color=None, played=True, player=None, name='knight'), VictoryPoint(color=None, played=False, player=None, name='victory_point'), VictoryPoint(color=None, played=False, player=None, name='victory_point'), RoadBuilding(color=None, played=False, player=None, name='road_building')]: ",victory_point
bot,"[1, 2, 3, 4]",int,"1=Build, 2=Trade, 3=Dev Cards(Play/Select), 4=End: ",4
bot,"[1, 2, 3, 4]",int,"1=Build, 2=Trade, 3=Dev Cards(Play/Select), 4=End: ",1
bot,"[1, 2, 3, 4]",int,"1=Settlement, 2=City, 3=Road, 4=End: ",4
bot,"[1, 2, 3, 4]",int,"1=Build, 2=Trade, 3=Dev Cards(Play/Select), 4=End: ",2
bot,"[1, 2, 3]",int,"Player Trade (1), Bank/Port Trade (2), Cancel (3): ",2
bot,"['brick', 'wood', 'sheep', 'wheat', 'ore']",resource,Which resource would you like to trade (give away): ,brick
bot,"['brick', 'wood', 'sheep', 'wheat', 'ore']",resource,Which resource would you like to receive: ,wood
bot,"[1, 2, 3]",int,"Player Trade (1), Bank/Port Trade (2), Cancel (3): ",2
bot,"['brick', 'wood', 'sheep', 'wheat', 'ore']",resource,Which resource would you like to trade (give away): ,sheep
bot,"['brick', 'wood', 'sheep', 'wheat', 'ore']",resource,Which resource would you like to receive: ,brick
bot,"[1, 2, 3]",int,"Player Trade (1), Bank/Port Trade (2), Cancel (3): ",1
bot,"['brick', 'wood', 'sheep', 'wheat', 'ore']",resource,Which resource would you like to trade (give away): ,brick
bot,"[1, 2, 3, 4]",int,How many would you like to trade: ,4
bot,"['brick', 'wood', 'sheep', 'wheat', 'ore']",resource,Which resource would you like to trade: ,wheat
bot,"[1, 2, 3]",int,How many would you like to trade: ,1
bot,"['Y', 'N']",action,Red would you like to trade brick for wheat [Y/N]: ,Y
bot,"[1, 2, 3, 4]",int,"1=Build, 2=Trade, 3=Dev Cards(Play/Select), 4=End: ",1
bot,"[1, 2, 3, 4]",int,"1=Settlement, 2=City, 3=Road, 4=End: ",3
bot,"[8, 15, 35, 35, 44, 43, 44, 50, 55, 67, 68]",int,Choose road location - [0-71]: ,15
bot,"[1, 2, 3, 4]",int,"1=Settlement, 2=City, 3=Road, 4=End: ",3
bot,"[8, 8, 16, 21, 35, 35, 44, 43, 44, 50, 55, 67, 68]",int,Choose road location - [0-71]: ,16
bot,"[1, 2, 3, 4]",int,"1=Settlement, 2=City, 3=Road, 4=End: ",4
bot,"[1, 2, 3, 4]",int,"1=Build, 2=Trade, 3=Dev Cards(Play/Select), 4=End: ",2
bot,"[1, 2, 3]",int,"Player Trade (1), Bank/Port Trade (2), Cancel (3): ",2
bot,"['brick', 'wood', 'sheep', 'wheat', 'ore']",resource,Which resource would you like to trade (give away): ,wheat
bot,"['brick', 'wood', 'sheep', 'wheat', 'ore']",resource,Which resource would you like to receive: ,sheep
bot,"[1, 2, 3]",int,"Player Trade (1), Bank/Port Trade (2), Cancel (3): ",2
bot,"['brick', 'wood', 'sheep', 'wheat', 'ore']",resource,Which resource would you like to trade (give away): ,ore
bot,"['brick', 'wood', 'sheep', 'wheat', 'ore']",resource,Which resource would you like to receive: ,ore
bot,"[1, 2, 3]",int,"Player Trade (1), Bank/Port Trade (2), Cancel (3): ",3
bot,"[1, 2, 3, 4]",int,"1=Build, 2=Trade, 3=Dev Cards(Play/Select), 4=End: ",4
bot,"[1, 2, 3, 4]",int,"1=Build, 2=Trade, 3=Dev Cards(Play/Select), 4=End: ",4
bot,"[1, 2, 3, 4]",int,"1=Build, 2=Trade, 3=Dev Cards(Play/Select), 4=End: ",4
bot,"[1, 2, 3, 4]",int,"1=Build, 2=Trade, 3=Dev Cards(Play/Select), 4=End: ",1
bot,"[1, 2, 3, 4]",int,"1=Settlement, 2=City, 3=Road, 4=End: ",2
bot,"[1, 2, 3, 4]",int,"1=Settlement, 2=City, 3=Road, 4=End: ",3
bot,"[1, 2, 3, 4]",int,"1=Settlement, 2=City, 3=Road, 4=End: ",2
bot,"[1, 2, 3, 4]",int,"1=Settlement, 2=City, 3=Road, 4=End: ",4
bot,"[1, 2, 3, 4]",int,"1=Build, 2=Trade, 3=Dev Cards(Play/Select), 4=End: ",3
bot,"[1, 2, 3]",int,"1=Collect, 2=Play, 3=End:",3
bot,"[1, 2, 3, 4]",int,"1=Build, 2=Trade, 3=Dev Cards(Play/Select), 4=End: ",3
bot,"[1, 2, 3]",int,"1=Collect, 2=Play, 3=End:",2
bot,"['victory_point', 'road_building']",card,"Which dev card would you like to play from - [RoadBuilding(color=None, played=True, player=None, name='road_building'), Knight(color=None, played=True, player=None, name='knight'), YearOfPlenty(color=None, played=True, player=None, name='year_of_plenty'), VictoryPoint(color=None, played=True, player=None, name='victory_point'), VictoryPoint(color=None, played=True, player=None, name='victory_point'), Knight(color=None, played=True, player=None, name='knight'), Knight(color=None, played=True, player=None, name='knight'), Knight(color=None, played=True, player=None, name='knight'), Knight(color=None, played=True, player=None, name='knight'), VictoryPoint(color=None, played=True, player=None, name='victory_point'), VictoryPoint(color=None, played=False, player=None, name='victory_point'), RoadBuilding(color=None, played=False, player=None, name='road_building')]: ",road_building
bot,"[1, 2, 6, 10, 52, 52, 61, 65, 69, 70]",int,Choose road location - [0-71]: ,65
bot,"[1, 2, 6, 10, 52, 52, 61, 69, 70, 61, 71]",int,Choose road location - [0-71]: ,10
bot,"[1, 2, 3, 4]",int,"1=Build, 2=Trade, 3=Dev Cards(Play/Select), 4=End: ",4
bot,"[1, 2, 3, 4]",int,"1=Build, 2=Trade, 3=Dev Cards(Play/Select), 4=End: ",2
bot,"[1, 2, 3]",int,"Player Trade (1), Bank/Port Trade (2), Cancel (3): ",3
bot,"[1, 2, 3, 4]",int,"1=Build, 2=Trade, 3=Dev Cards(Play/Select), 4=End: ",1
bot,"[1, 2, 3, 4]",int,"1=Settlement, 2=City, 3=Road, 4=End: ",2
bot,"[1, 2, 3, 4]",int,"1=Settlement, 2=City, 3=Road, 4=End: ",2
bot,"[1, 2, 3, 4]",int,"1=Settlement, 2=City, 3=Road, 4=End: ",2
bot,"[1, 2, 3, 4]",int,"1=Settlement, 2=City, 3=Road, 4=End: ",2
bot,"[1, 2, 3, 4]",int,"1=Settlement, 2=City, 3=Road, 4=End: ",3
bot,"[1, 2, 3, 4]",int,"1=Settlement, 2=City, 3=Road, 4=End: ",1
bot,"[1, 2, 3, 4]",int,"1=Settlement, 2=City, 3=Road, 4=End: ",2
bot,"[1, 2, 3, 4]",int,"1=Settlement, 2=City, 3=Road, 4=End: ",2
bot,"[1, 2, 3, 4]",int,"1=Settlement, 2=City, 3=Road, 4=End: ",2
bot,"[1, 2, 3, 4]",int,"1=Settlement, 2=City, 3=Road, 4=End: ",1
bot,"[1, 2, 3, 4]",int,"1=Settlement, 2=City, 3=Road, 4=End: ",3
bot,"[1, 2, 3, 4]",int,"1=Settlement, 2=City, 3=Road, 4=End: ",2
bot,"[1, 2, 3, 4]",int,"1=Settlement, 2=City, 3=Road, 4=End: ",3
bot,"[1, 2, 3, 4]",int,"1=Settlement, 2=City, 3=Road, 4=End: ",2
bot,"[1, 2, 3, 4]",int,"1=Settlement, 2=City, 3=Road, 4=End: ",4
bot,"[1, 2, 3, 4]",int,"1=Build, 2=Trade, 3=Dev Cards(Play/Select), 4=End: ",1
bot,"[1, 2, 3, 4]",int,"1=Settlement, 2=City, 3=Road, 4=End: ",3
bot,"[1, 2, 3, 4]",int,"1=Settlement, 2=City, 3=Road, 4=End: ",1
bot,"[1, 2, 3, 4]",int,"1=Settlement, 2=City, 3=Road, 4=End: ",3
bot,"[1, 2, 3, 4]",int,"1=Settlement, 2=City, 3=Road, 4=End: ",4
bot,"[1, 2, 3, 4]",int,"1=Build, 2=Trade, 3=Dev Cards(Play/Select), 4=End: ",4
bot,"[1, 2, 3, 4]",int,"1=Build, 2=Trade, 3=Dev Cards(Play/Select), 4=End: ",2
bot,"[1, 2, 3]",int,"Player Trade (1), Bank/Port Trade (2), Cancel (3): ",2
bot,"['brick', 'wood', 'sheep', 'wheat', 'ore']",resource,Which resource would you like to trade (give away): ,brick
bot,"['brick', 'wood', 'sheep', 'wheat', 'ore']",resource,Which resource would you like to receive: ,wood
bot,"[1, 2, 3]",int,"Player Trade (1), Bank/Port Trade (2), Cancel (3): ",2
bot,"['brick', 'wood', 'sheep', 'wheat', 'ore']",resource,Which resource would you like to trade (give away): ,wood
bot,"['brick', 'wood', 'sheep', 'wheat', 'ore']",resource,Which resource would you like to receive: ,wood
bot,"[1, 2, 3]",int,"Player Trade (1), Bank/Port Trade (2), Cancel (3): ",2
bot,"['brick', 'wood', 'sheep', 'wheat', 'ore']",resource,Which resource would you like to trade (give away): ,brick
bot,"['brick', 'wood', 'sheep', 'wheat', 'ore']",resource,Which resource would you like to receive: ,wheat
bot,"[1, 2, 3]",int,"Player Trade (1), Bank/Port Trade (2), Cancel (3): ",3
bot,"[1, 2, 3, 4]",int,"1=Build, 2=Trade, 3=Dev Cards(Play/Select), 4=End: ",4
bot,"[1, 2, 3, 4]",int,"1=Build, 2=Trade, 3=Dev Cards(Play/Select), 4=End: ",4
bot,"range(0, 18)",int,Choosen a Tile [0-18] to move the Robber to: ,17
bot,['Yellow'],player,Choose a player to steal from {'Yellow'}: ,Yellow
bot,"['ore', 'sheep', 'wheat', 'wood', 'brick']",resource,"Which resource would you like to discard: brick, wood, sheep, wheat, ore: ",brick
bot,"['ore', 'sheep', 'wheat', 'wood', 'brick']",resource,"Which resource would you like to discard: brick, wood, sheep, wheat, ore: ",sheep
bot,"['ore', 'sheep', 'wheat', 'wood', 'brick']",resource,"Which resource would you like to discard: brick, wood, sheep, wheat, ore: ",ore
bot,"['ore', 'sheep', 'wheat', 'wood', 'brick']",resource,"Which resource would you like to discard: brick, wood, sheep, wheat, ore: ",ore
bot,"['ore', 'sheep', 'wheat', 'wood', 'brick']",resource,"Which resource would you like to discard: brick, wood, sheep, wheat, ore: ",brick
bot,"['sheep', 'wood', 'wheat', 'ore']",resource,"Which resource would you like to discard: brick, wood, sheep, wheat, ore: ",ore
bot,"['sheep', 'wood', 'wheat', 'ore']",resource,"Which resource would you like to discard: brick, wood, sheep, wheat, ore: ",wood
bot,"['sheep', 'wood', 'wheat', 'ore']",resource,"Which resource would you like to discard: brick, wood, sheep, wheat, ore: ",wood
bot,"['sheep', 'wood', 'wheat', 'ore']",resource,"Which resource would you like to discard: brick, wood, sheep, wheat, ore: ",sheep
bot,"['sheep', 'wheat', 'ore']",resource,"Which resource would you like to discard: brick, wood, sheep, wheat, ore: ",ore
bot,"['sheep', 'wheat', 'ore']",resource,"Which resource would you like to discard: brick, wood, sheep, wheat, ore: ",ore
bot,"['sheep', 'wheat', 'ore']",resource,"Which resource would you like to discard: brick, wood, sheep, wheat, ore: ",ore
bot,"['sheep', 'wheat', 'ore']",resource,"Which resource would you like to discard: brick, wood, sheep, wheat, ore: ",sheep
bot,"['sheep', 'wheat', 'ore']",resource,"Which resource would you like to discard: brick, wood, sheep, wheat, ore: ",wheat
bot,"['sheep', 'wheat', 'ore']",resource,"Which resource would you like to discard: brick, wood, sheep, wheat, ore: ",sheep
bot,"['sheep', 'wheat', 'ore']",resource,"Which resource would you like to discard: brick, wood, sheep, wheat, ore: ",ore
bot,"['sheep', 'wheat', 'ore']",resource,"Which resource would you like to discard: brick, wood, sheep, wheat, ore: ",wheat
bot,"['sheep', 'wheat', 'ore']",resource,"Which resource would you like to discard: brick, wood, sheep, wheat, ore: ",ore
bot,"['sheep', 'wheat', 'ore']",resource,"Which resource would you like to discard: brick, wood, sheep, wheat, ore: ",ore
bot,"['sheep', 'wheat', 'ore']",resource,"Which resource would you like to discard: brick, wood, sheep, wheat, ore: ",wheat
bot,"['sheep', 'wheat', 'ore']",resource,"Which resource would you like to discard: brick, wood, sheep, wheat, ore: ",sheep
bot,"['sheep', 'wheat', 'ore']",resource,"Which resource would you like to discard: brick, wood, sheep, wheat, ore: ",ore
bot,"['sheep', 'wheat', 'ore']",resource,"Which resource would you like to discard: brick, wood, sheep, wheat, ore: ",wheat
bot,"['sheep', 'wheat', 'ore']",resource,"Which resource would you like to discard: brick, wood, sheep, wheat, ore: ",ore
bot,"['sheep', 'wheat', 'ore']",resource,"Which resource would you like to discard: brick, wood, sheep, wheat, ore: ",ore
bot,"['sheep', 'wood', 'wheat']",resource,"Which resource would you like to discard: brick, wood, sheep, wheat, ore: ",wood
bot,"['sheep', 'wood', 'wheat']",resource,"Which resource would you like to discard: brick, wood, sheep, wheat, ore: ",wood
bot,"['sheep', 'wood', 'wheat']",resource,"Which resource would you like to discard: brick, wood, sheep, wheat, ore: ",wheat
bot,"['sheep', 'wood', 'wheat']",resource,"Which resource would you like to discard: brick, wood, sheep, wheat, ore: ",sheep
bot,"['sheep', 'wood', 'wheat']",resource,"Which resource would you like to discard: brick, wood, sheep, wheat, ore: ",wood
bot,"[1, 2, 3, 4]",int,"1=Build, 2=Trade, 3=Dev Cards(Play/Select), 4=End: ",1
bot,"[1, 2, 3, 4]",int,"1=Settlement, 2=City, 3=Road, 4=End: ",4
bot,"[1, 2, 3, 4]",int,"1=Build, 2=Trade, 3=Dev Cards(Play/Select), 4=End: ",1
bot,"[1, 2, 3, 4]",int,"1=Settlement, 2=City, 3=Road, 4=End: ",2
bot,"[1, 2, 3, 4]",int,"1=Settlement, 2=City, 3=Road, 4=End: ",2
bot,"[1, 2, 3, 4]",int,"1=Settlement, 2=City, 3=Road, 4=End: ",4
bot,"[1, 2, 3, 4]",int,"1=Build, 2=Trade, 3=Dev Cards(Play/Select), 4=End: ",3
bot,"[1, 2, 3]",int,"1=Collect, 2=Play, 3=End:",3
bot,"[1, 2, 3, 4]",int,"1=Build, 2=Trade, 3=Dev Cards(Play/Select), 4=End: ",1
bot,"[1, 2, 3, 4]",int,"1=Settlement, 2=City, 3=Road, 4=End: ",2
bot,"[1, 2, 3, 4]",int,"1=Settlement, 2=City, 3=Road, 4=End: ",3
bot,"[1, 2, 3, 4]",int,"1=Settlement, 2=City, 3=Road, 4=End: ",2
bot,"[1, 2, 3, 4]",int,"1=Settlement, 2=City, 3=Road, 4=End: ",1
bot,"[1, 2, 3, 4]",int,"1=Settlement, 2=City, 3=Road, 4=End: ",4
bot,"[1, 2, 3, 4]",int,"1=Build, 2=Trade, 3=Dev Cards(Play/Select), 4=End: ",4
bot,"range(0, 18)",int,Choosen a Tile [0-18] to move the Robber to: ,10
bot,"['Green', 'Blue']",player,"Choose a player to steal from {'Green', 'Blue'}: ",Green
bot,"['sheep', 'wood', 'wheat', 'ore']",resource,"Which resource would you like to discard: brick, wood, sheep, wheat, ore: ",wheat
bot,"['sheep', 'wood', 'wheat', 'ore']",resource,"Which resource would you like to discard: brick, wood, sheep, wheat, ore: ",sheep
bot,"['wood', 'wheat', 'ore']",resource,"Which resource would you like to discard: brick, wood, sheep, wheat, ore: ",wheat
bot,"['wood', 'wheat', 'ore']",resource,"Which resource would you like to discard: brick, wood, sheep, wheat, ore: ",wheat
bot,"['sheep', 'wheat', 'ore']",resource,"Which resource would you like to discard: brick, wood, sheep, wheat, ore: ",ore
bot,"['sheep', 'wheat', 'ore']",resource,"Which resource would you like to discard: brick, wood, sheep, wheat, ore: ",wheat
bot,"['sheep', 'wheat', 'ore']",resource,"Which resource would you like to discard: brick, wood, sheep, wheat, ore: ",wheat
bot,"['sheep', 'wheat', 'ore']",resource,"Which resource would you like to discard: brick, wood, sheep, wheat, ore: ",ore
bot,"['sheep', 'wheat', 'ore']",resource,"Which resource would you like to discard: brick, wood, sheep, wheat, ore: ",sheep
bot,"['sheep', 'wheat', 'ore']",resource,"Which resource would you like to discard: brick, wood, sheep, wheat, ore: ",ore
bot,"['sheep', 'wheat']",resource,"Which resource would you like to discard: brick, wood, sheep, wheat, ore: ",wheat
bot,"['sheep', 'wheat']",resource,"Which resource would you like to discard: brick, wood, sheep, wheat, ore: ",sheep
bot,"[1, 2, 3, 4]",int,"1=Build, 2=Trade, 3=Dev Cards(Play/Select), 4=End: ",3
bot,"[1, 2, 3]",int,"1=Collect, 2=Play, 3=End:",3
bot,"[1, 2, 3, 4]",int,"1=Build, 2=Trade, 3=Dev Cards(Play/Select), 4=End: ",2
bot,"[1, 2, 3]",int,"Player Trade (1), Bank/Port Trade (2), Cancel (3): ",3
bot,"[1, 2, 3, 4]",int,"1=Build, 2=Trade, 3=Dev Cards(Play/Select), 4=End: ",2
bot,"[1, 2, 3]",int,"Player Trade (1), Bank/Port Trade (2), Cancel (3): ",2
bot,"['brick', 'wood', 'sheep', 'wheat', 'ore']",resource,Which resource would you like to trade (give away): ,sheep
bot,"['brick', 'wood', 'sheep', 'wheat', 'ore']",resource,Which resource would you like to receive: ,brick
bot,"[1, 2, 3]",int,"Player Trade (1), Bank/Port Trade (2), Cancel (3): ",1
bot,"['brick', 'wood', 'sheep', 'wheat', 'ore']",resource,Which resource would you like to trade (give away): ,ore
bot,"[1, 2, 3, 4]",int,How many would you like to trade: ,1
bot,"['brick', 'wood', 'sheep', 'wheat', 'ore']",resource,Which resource would you like to trade: ,sheep
bot,"[1, 2, 3]",int,How many would you like to trade: ,3
bot,"[1, 2, 3, 4]",int,"1=Build, 2=Trade, 3=Dev Cards(Play/Select), 4=End: ",1
bot,"[1, 2, 3, 4]",int,"1=Settlement, 2=City, 3=Road, 4=End: ",3
bot,"[1, 2, 3, 4]",int,"1=Settlement, 2=City, 3=Road, 4=End: ",3
bot,"[1, 2, 3, 4]",int,"1=Settlement, 2=City, 3=Road, 4=End: ",1
bot,"[1, 2, 3, 4]",int,"1=Settlement, 2=City, 3=Road, 4=End: ",3
bot,"[1, 2, 3, 4]",int,"1=Settlement, 2=City, 3=Road, 4=End: ",1
bot,"[1, 2, 3, 4]",int,"1=Settlement, 2=City, 3=Road, 4=End: ",3
bot,"[1, 2, 3, 4]",int,"1=Settlement, 2=City, 3=Road, 4=End: ",4
bot,"[1, 2, 3, 4]",int,"1=Build, 2=Trade, 3=Dev Cards(Play/Select), 4=End: ",2
bot,"[1, 2, 3]",int,"Player Trade (1), Bank/Port Trade (2), Cancel (3): ",1
bot,"['brick', 'wood', 'sheep', 'wheat', 'ore']",resource,Which resource would you like to trade (give away): ,ore
bot,"[1, 2, 3, 4]",int,How many would you like to trade: ,2
bot,"['brick', 'wood', 'sheep', 'wheat', 'ore']",resource,Which resource would you like to trade: ,wood
bot,"[1, 2, 3]",int,How many would you like to trade: ,3
bot,"[1, 2, 3, 4]",int,"1=Build, 2=Trade, 3=Dev Cards(Play/Select), 4=End: ",2
bot,"[1, 2, 3]",int,"Player Trade (1), Bank/Port Trade (2), Cancel (3): ",1
bot,"['brick', 'wood', 'sheep', 'wheat', 'ore']",resource,Which resource would you like to trade (give away): ,ore
bot,"[1, 2, 3, 4]",int,How many would you like to trade: ,1
bot,"['brick', 'wood', 'sheep', 'wheat', 'ore']",resource,Which resource would you like to trade: ,ore
bot,"[1, 2, 3]",int,How many would you like to trade: ,1
bot,"['Y', 'N']",action,Red would you like to trade ore for ore [Y/N]: ,Y
bot,"[1, 2, 3, 4]",int,"1=Build, 2=Trade, 3=Dev Cards(Play/Select), 4=End: ",2
bot,"[1, 2, 3]",int,"Player Trade (1), Bank/Port Trade (2), Cancel (3): ",2
bot,"['brick', 'wood', 'sheep', 'wheat', 'ore']",resource,Which resource would you like to trade (give away): ,ore
bot,"['brick', 'wood', 'sheep', 'wheat', 'ore']",resource,Which resource would you like to receive: ,brick
bot,"[1, 2, 3, 4]",int,"1=Build, 2=Trade, 3=Dev Cards(Play/Select), 4=End: ",3
bot,"[1, 2, 3]",int,"1=Collect, 2=Play, 3=End:",2
bot,"[1, 2, 3]",int,"1=Collect, 2=Play, 3=End:",2
bot,"[1, 2, 3]",int,"1=Collect, 2=Play, 3=End:",2
bot,"[1, 2, 3]",int,"1=Collect, 2=Play, 3=End:",2
bot,"[1, 2, 3]",int,"1=Collect, 2=Play, 3=End:",2
bot,"[1, 2, 3]",int,"1=Collect, 2=Play, 3=End:",2
bot,"[1, 2, 3]",int,"1=Collect, 2=Play, 3=End:",1
bot,"[1, 2, 3]",int,"1=Collect, 2=Play, 3=End:",2
bot,"[1, 2, 3]",int,"1=Collect, 2=Play, 3=End:",2
bot,"[1, 2, 3]",int,"1=Collect, 2=Play, 3=End:",2
bot,"[1, 2, 3]",int,"1=Collect, 2=Play, 3=End:",3
bot,"[1, 2, 3, 4]",int,"1=Build, 2=Trade, 3=Dev Cards(Play/Select), 4=End: ",1
bot,"[1, 2, 3, 4]",int,"1=Settlement, 2=City, 3=Road, 4=End: ",4
bot,"[1, 2, 3, 4]",int,"1=Build, 2=Trade, 3=Dev Cards(Play/Select), 4=End: ",2
bot,"[1, 2, 3]",int,"Player Trade (1), Bank/Port Trade (2), Cancel (3): ",1
bot,"['brick', 'wood', 'sheep', 'wheat', 'ore']",resource,Which resource would you like to trade (give away): ,brick
bot,"[1, 2, 3, 4]",int,How many would you like to trade: ,2
bot,"['brick', 'wood', 'sheep', 'wheat', 'ore']",resource,Which resource would you like to trade: ,wood
bot,"[1, 2, 3]",int,How many would you like to trade: ,2
bot,"[1, 2, 3, 4]",int,"1=Build, 2=Trade, 3=Dev Cards(Play/Select), 4=End: ",4
bot,"range(0, 18)",int,Choosen a Tile [0-18] to move the Robber to: ,17
bot,"['Red', 'Yellow']",player,"Choose a player to steal from {'Red', 'Yellow'}: ",Yellow
bot,"['sheep', 'wheat']",resource,"Which resource would you like to discard: brick, wood, sheep, wheat, ore: ",wheat
bot,"['sheep', 'wheat']",resource,"Which resource would you like to discard: brick, wood, sheep, wheat, ore: ",wheat
bot,"['sheep', 'wheat']",resource,"Which resource would you like to discard: brick, wood, sheep, wheat, ore: ",wheat
bot,"['sheep', 'wheat']",resource,"Which resource would you like to discard: brick, wood, sheep, wheat, ore: ",wheat
bot,"[1, 2, 3, 4]",int,"1=Build, 2=Trade, 3=Dev Cards(Play/Select), 4=End: ",4
bot,"range(0, 18)",int,Choosen a Tile [0-18] to move the Robber to: ,3
bot,['Red'],player,Choose a player to steal from {'Red'}: ,Red
bot,"[1, 2, 3, 4]",int,"1=Build, 2=Trade, 3=Dev Cards(Play/Select), 4=End: ",4
bot,"[1, 2, 3, 4]",int,"1=Build, 2=Trade, 3=Dev Cards(Play/Select), 4=End: ",1
bot,"[1, 2, 3, 4]",int,"1=Settlement, 2=City, 3=Road, 4=End: ",3
bot,"[1, 2, 3, 4]",int,"1=Settlement, 2=City, 3=Road, 4=End: ",4
bot,"[1, 2, 3, 4]",int,"1=Build, 2=Trade, 3=Dev Cards(Play/Select), 4=End: ",3
bot,"[1, 2, 3]",int,"1=Collect, 2=Play, 3=End:",1
bot,"[1, 2, 3]",int,"1=Collect, 2=Play, 3=End:",2
bot,['victory_point'],card,"Which dev card would you like to play from - [RoadBuilding(color=None, played=True, player=None, name='road_building'), Knight(color=None, played=True, player=None, name='knight'), YearOfPlenty(color=None, played=True, player=None, name='year_of_plenty'), VictoryPoint(color=None, played=True, player=None, name='victory_point'), VictoryPoint(color=None, played=True, player=None, name='victory_point'), Knight(color=None, played=True, player=None, name='knight'), Knight(color=None, played=True, player=None, name='knight'), Knight(color=None, played=True, player=None, name='knight'), Knight(color=None, played=True, player=None, name='knight'), VictoryPoint(color=None, played=True, player=None, name='victory_point'), VictoryPoint(color=None, played=False, player=None, name='victory_point'), RoadBuilding(color=None, played=True, player=None, name='road_building')]: ",victory_point
bot,"[1, 2, 3, 4]",int,"1=Build, 2=Trade, 3=Dev Cards(Play/Select), 4=End: ",2
bot,"[1, 2, 3]",int,"Player Trade (1), Bank/Port Trade (2), Cancel (3): ",1
bot,"['brick', 'wood', 'sheep', 'wheat', 'ore']",resource,Which resource would you like to trade (give away): ,wood
bot,"[1, 2, 3, 4]",int,How many would you like to trade: ,4
bot,"['brick', 'wood', 'sheep', 'wheat', 'ore']",resource,Which resource would you like to trade: ,wheat
bot,"[1, 2, 3]",int,How many would you like to trade: ,1
bot,"['Y', 'N']",action,Yellow would you like to trade wood for wheat [Y/N]: ,Y
bot,"[1, 2, 3, 4]",int,"1=Build, 2=Trade, 3=Dev Cards(Play/Select), 4=End: ",1
bot,"[1, 2, 3, 4]",int,"1=Settlement, 2=City, 3=Road, 4=End: ",2
bot,"[1, 2, 3, 4]",int,"1=Settlement, 2=City, 3=Road, 4=End: ",3
bot,"[1, 2, 3, 4]",int,"1=Settlement, 2=City, 3=Road, 4=End: ",4
bot,"[1, 2, 3, 4]",int,"1=Build, 2=Trade, 3=Dev Cards(Play/Select), 4=End: ",2
bot,"[1, 2, 3]",int,"Player Trade (1), Bank/Port Trade (2), Cancel (3): ",1
bot,"['brick', 'wood', 'sheep', 'wheat', 'ore']",resource,Which resource would you like to trade (give away): ,ore
bot,"[1, 2, 3, 4]",int,How many would you like to trade: ,1
bot,"['brick', 'wood', 'sheep', 'wheat', 'ore']",resource,Which resource would you like to trade: ,ore
bot,"[1, 2, 3]",int,How many would you like to trade: ,2
bot,"[1, 2, 3, 4]",int,"1=Build, 2=Trade, 3=Dev Cards(Play/Select), 4=End: ",3
bot,"[1, 2, 3]",int,"1=Collect, 2=Play, 3=End:",1
bot,"[1, 2, 3]",int,"1=Collect, 2=Play, 3=End:",3
bot,"[1, 2, 3, 4]",int,"1=Build, 2=Trade, 3=Dev Cards(Play/Select), 4=End: ",1
bot,"[1, 2, 3, 4]",int,"1=Settlement, 2=City, 3=Road, 4=End: ",4
bot,"[1, 2, 3, 4]",int,"1=Build, 2=Trade, 3=Dev Cards(Play/Select), 4=End: ",3
bot,"[1, 2, 3]",int,"1=Collect, 2=Play, 3=End:",2
bot,"[1, 2, 3]",int,"1=Collect, 2=Play, 3=End:",3
bot,"[1, 2, 3, 4]",int,"1=Build, 2=Trade, 3=Dev Cards(Play/Select), 4=End: ",3
bot,"[1, 2, 3]",int,"1=Collect, 2=Play, 3=End:",3
bot,"[1, 2, 3, 4]",int,"1=Build, 2=Trade, 3=Dev Cards(Play/Select), 4=End: ",4
bot,"[1, 2, 3, 4]",int,"1=Build, 2=Trade, 3=Dev Cards(Play/Select), 4=End: ",4
bot,"[1, 2, 3, 4]",int,"1=Build, 2=Trade, 3=Dev Cards(Play/Select), 4=End: ",3
bot,"[1, 2, 3]",int,"1=Collect, 2=Play, 3=End:",2
bot,"['knight', 'knight']",card,"Which dev card would you like to play from - [Knight(color=None, played=True, player=None, name='knight'), Knight(color=None, played=True, player=None, name='knight'), Knight(color=None, played=True, player=None, name='knight'), Knight(color=None, played=True, player=None, name='knight'), Knight(color=None, played=False, player=None, name='knight'), YearOfPlenty(color=None, played=True, player=None, name='year_of_plenty'), Knight(color=None, played=False, player=None, name='knight')]: ",knight
bot,"range(0, 18)",int,Choosen a Tile [0-18] to move the Robber to: ,11
bot,"[1, 2, 3, 4]",int,"1=Build, 2=Trade, 3=Dev Cards(Play/Select), 4=End: ",1
bot,"[1, 2, 3, 4]",int,"1=Settlement, 2=City, 3=Road, 4=End: ",1
bot,"[1, 2, 3, 4]",int,"1=Settlement, 2=City, 3=Road, 4=End: ",2
bot,"[1, 2, 3, 4]",int,"1=Settlement, 2=City, 3=Road, 4=End: ",4
bot,"[1, 2, 3, 4]",int,"1=Build, 2=Trade, 3=Dev Cards(Play/Select), 4=End: ",4
bot,"[1, 2, 3, 4]",int,"1=Build, 2=Trade, 3=Dev Cards(Play/Select), 4=End: ",3
bot,"[1, 2, 3]",int,"1=Collect, 2=Play, 3=End:",2
bot,"[1, 2, 3]",int,"1=Collect, 2=Play, 3=End:",3
bot,"[1, 2, 3, 4]",int,"1=Build, 2=Trade, 3=Dev Cards(Play/Select), 4=End: ",3
bot,"[1, 2, 3]",int,"1=Collect, 2=Play, 3=End:",3
bot,"[1, 2, 3, 4]",int,"1=Build, 2=Trade, 3=Dev Cards(Play/Select), 4=End: ",1
bot,"[1, 2, 3, 4]",int,"1=Settlement, 2=City, 3=Road, 4=End: ",3
bot,"[24, 34, 31, 47, 44, 52, 47, 52]",int,Choose road location - [0-71]: ,24
bot,"[1, 2, 3, 4]",int,"1=Settlement, 2=City, 3=Road, 4=End: ",3
bot,"[1, 2, 3, 4]",int,"1=Settlement, 2=City, 3=Road, 4=End: ",1
bot,"[1, 2, 3, 4]",int,"1=Settlement, 2=City, 3=Road, 4=End: ",4
bot,"[1, 2, 3, 4]",int,"1=Build, 2=Trade, 3=Dev Cards(Play/Select), 4=End: ",3
bot,"[1, 2, 3]",int,"1=Collect, 2=Play, 3=End:",2
bot,"[1, 2, 3]",int,"1=Collect, 2=Play, 3=End:",1
bot,"[1, 2, 3]",int,"1=Collect, 2=Play, 3=End:",3
bot,"[1, 2, 3, 4]",int,"1=Build, 2=Trade, 3=Dev Cards(Play/Select), 4=End: ",3
bot,"[1, 2, 3]",int,"1=Collect, 2=Play, 3=End:",2
bot,"[1, 2, 3]",int,"1=Collect, 2=Play, 3=End:",3
bot,"[1, 2, 3, 4]",int,"1=Build, 2=Trade, 3=Dev Cards(Play/Select), 4=End: ",4
bot,"[1, 2, 3, 4]",int,"1=Build, 2=Trade, 3=Dev Cards(Play/Select), 4=End: ",3
bot,"[1, 2, 3]",int,"1=Collect, 2=Play, 3=End:",1
bot,"[1, 2, 3]",int,"1=Collect, 2=Play, 3=End:",2
bot,"[1, 2, 3]",int,"1=Collect, 2=Play, 3=End:",1
bot,"[1, 2, 3]",int,"1=Collect, 2=Play, 3=End:",3
bot,"[1, 2, 3, 4]",int,"1=Build, 2=Trade, 3=Dev Cards(Play/Select), 4=End: ",3
bot,"[1, 2, 3]",int,"1=Collect, 2=Play, 3=End:",1
bot,"[1, 2, 3]",int,"1=Collect, 2=Play, 3=End:",1
bot,"[1, 2, 3]",int,"1=Collect, 2=Play, 3=End:",2
bot,"[1, 2, 3]",int,"1=Collect, 2=Play, 3=End:",2
bot,"[1, 2, 3]",int,"1=Collect, 2=Play, 3=End:",2
bot,"[1, 2, 3]",int,"1=Collect, 2=Play, 3=End:",1
bot,"[1, 2, 3]",int,"1=Collect, 2=Play, 3=End:",2
bot,"[1, 2, 3]",int,"1=Collect, 2=Play, 3=End:",1
bot,"[1, 2, 3]",int,"1=Collect, 2=Play, 3=End:",3
bot,"[1, 2, 3, 4]",int,"1=Build, 2=Trade, 3=Dev Cards(Play/Select), 4=End: ",4
bot,"[1, 2, 3, 4]",int,"1=Build, 2=Trade, 3=Dev Cards(Play/Select), 4=End: ",3
bot,"[1, 2, 3]",int,"1=Collect, 2=Play, 3=End:",2
bot,"[1, 2, 3]",int,"1=Collect, 2=Play, 3=End:",3
bot,"[1, 2, 3, 4]",int,"1=Build, 2=Trade, 3=Dev Cards(Play/Select), 4=End: ",2
bot,"[1, 2, 3]",int,"Player Trade (1), Bank/Port Trade (2), Cancel (3): ",2
bot,"['brick', 'wood', 'sheep', 'wheat', 'ore']",resource,Which resource would you like to trade (give away): ,sheep
bot,"['brick', 'wood', 'sheep', 'wheat', 'ore']",resource,Which resource would you like to receive: ,sheep
bot,"[1, 2, 3]",int,"Player Trade (1), Bank/Port Trade (2), Cancel (3): ",1
bot,"['brick', 'wood', 'sheep', 'wheat', 'ore']",resource,Which resource would you like to trade (give away): ,wood
bot,"[1, 2, 3, 4]",int,How many would you like to trade: ,1
bot,"['brick', 'wood', 'sheep', 'wheat', 'ore']",resource,Which resource would you like to trade: ,wheat
bot,"[1, 2, 3]",int,How many would you like to trade: ,2
bot,"['Y', 'N']",action,Red would you like to trade wood for wheat [Y/N]: ,N
bot,"[1, 2, 3, 4]",int,"1=Build, 2=Trade, 3=Dev Cards(Play/Select), 4=End: ",3
bot,"[1, 2, 3]",int,"1=Collect, 2=Play, 3=End:",1
bot,"[1, 2, 3]",int,"1=Collect, 2=Play, 3=End:",3
bot,"[1, 2, 3, 4]",int,"1=Build, 2=Trade, 3=Dev Cards(Play/Select), 4=End: ",2
bot,"[1, 2, 3]",int,"Player Trade (1), Bank/Port Trade (2), Cancel (3): ",3
bot,"[1, 2, 3, 4]",int,"1=Build, 2=Trade, 3=Dev Cards(Play/Select), 4=End: ",4
bot,"[1, 2, 3, 4]",int,"1=Build, 2=Trade, 3=Dev Cards(Play/Select), 4=End: ",2
bot,"[1, 2, 3]",int,"Player Trade (1), Bank/Port Trade (2), Cancel (3): ",2
bot,"['brick', 'wood', 'sheep', 'wheat', 'ore']",resource,Which resource would you like to trade (give away): ,wheat
bot,"['brick', 'wood', 'sheep', 'wheat', 'ore']",resource,Which resource would you like to receive: ,wood
bot,"[1, 2, 3, 4]",int,"1=Build, 2=Trade, 3=Dev Cards(Play/Select), 4=End: ",2
bot,"[1, 2, 3]",int,"Player Trade (1), Bank/Port Trade (2), Cancel (3): ",1
bot,"['brick', 'wood', 'sheep', 'wheat', 'ore']",resource,Which resource would you like to trade (give away): ,wheat
bot,"[1, 2, 3, 4]",int,How many would you like to trade: ,3
bot,"['brick', 'wood', 'sheep', 'wheat', 'ore']",resource,Which resource would you like to trade: ,ore
bot,"[1, 2, 3]",int,How many would you like to trade: ,1
bot,"['Y', 'N']",action,Green would you like to trade wheat for ore [Y/N]: ,N
bot,"[1, 2, 3, 4]",int,"1=Build, 2=Trade, 3=Dev Cards(Play/Select), 4=End: ",3
bot,"[1, 2, 3]",int,"1=Collect, 2=Play, 3=End:",3
bot,"[1, 2, 3, 4]",int,"1=Build, 2=Trade, 3=Dev Cards(Play/Select), 4=End: ",1
bot,"[1, 2, 3, 4]",int,"1=Settlement, 2=City, 3=Road, 4=End: ",4
bot,"[1, 2, 3, 4]",int,"1=Build, 2=Trade, 3=Dev Cards(Play/Select), 4=End: ",1
bot,"[1, 2, 3, 4]",int,"1=Settlement, 2=City, 3=Road, 4=End: ",3
bot,"[21, 21, 31, 35, 41, 43, 50]",int,Choose road location - [0-71]: ,43
bot,"[1, 2, 3, 4]",int,"1=Settlement, 2=City, 3=Road, 4=End: ",1
bot,"[1, 2, 3, 4]",int,"1=Settlement, 2=City, 3=Road, 4=End: ",1
bot,"[1, 2, 3, 4]",int,"1=Settlement, 2=City, 3=Road, 4=End: ",1
bot,"[1, 2, 3, 4]",int,"1=Settlement, 2=City, 3=Road, 4=End: ",1
bot,"[1, 2, 3, 4]",int,"1=Settlement, 2=City, 3=Road, 4=End: ",2
bot,"[1, 2, 3, 4]",int,"1=Settlement, 2=City, 3=Road, 4=End: ",1
bot,"[1, 2, 3, 4]",int,"1=Settlement, 2=City, 3=Road, 4=End: ",3
bot,"[1, 2, 3, 4]",int,"1=Settlement, 2=City, 3=Road, 4=End: ",3
bot,"[1, 2, 3, 4]",int,"1=Settlement, 2=City, 3=Road, 4=End: ",1
bot,"[1, 2, 3, 4]",int,"1=Settlement, 2=City, 3=Road, 4=End: ",4
bot,"[1, 2, 3, 4]",int,"1=Build, 2=Trade, 3=Dev Cards(Play/Select), 4=End: ",1
bot,"[1, 2, 3, 4]",int,"1=Settlement, 2=City, 3=Road, 4=End: ",4
bot,"[1, 2, 3, 4]",int,"1=Build, 2=Trade, 3=Dev Cards(Play/Select), 4=End: ",2
bot,"[1, 2, 3]",int,"Player Trade (1), Bank/Port Trade (2), Cancel (3): ",1
bot,"['brick', 'wood', 'sheep', 'wheat', 'ore']",resource,Which resource would you like to trade (give away): ,wheat
bot,"[1, 2, 3, 4]",int,How many would you like to trade: ,4
bot,"['brick', 'wood', 'sheep', 'wheat', 'ore']",resource,Which resource would you like to trade: ,ore
bot,"[1, 2, 3]",int,How many would you like to trade: ,3
bot,"['Y', 'N']",action,Green would you like to trade wheat for ore [Y/N]: ,N
bot,"[1, 2, 3, 4]",int,"1=Build, 2=Trade, 3=Dev Cards(Play/Select), 4=End: ",2
bot,"[1, 2, 3]",int,"Player Trade (1), Bank/Port Trade (2), Cancel (3): ",2
bot,"['brick', 'wood', 'sheep', 'wheat', 'ore']",resource,Which resource would you like to trade (give away): ,wood
bot,"['brick', 'wood', 'sheep', 'wheat', 'ore']",resource,Which resource would you like to receive: ,brick
bot,"[1, 2, 3]",int,"Player Trade (1), Bank/Port Trade (2), Cancel (3): ",2
bot,"['brick', 'wood', 'sheep', 'wheat', 'ore']",resource,Which resource would you like to trade (give away): ,ore
bot,"['brick', 'wood', 'sheep', 'wheat', 'ore']",resource,Which resource would you like to receive: ,wheat
bot,"[1, 2, 3]",int,"Player Trade (1), Bank/Port Trade (2), Cancel (3): ",1
bot,"['brick', 'wood', 'sheep', 'wheat', 'ore']",resource,Which resource would you like to trade (give away): ,ore
bot,"[1, 2, 3, 4]",int,How many would you like to trade: ,4
bot,"['brick', 'wood', 'sheep', 'wheat', 'ore']",resource,Which resource would you like to trade: ,wood
bot,"[1, 2, 3]",int,How many would you like to trade: ,1
bot,"['Y', 'N']",action,Red would you like to trade ore for wood [Y/N]: ,N
bot,"['Y', 'N']",action,Yellow would you like to trade ore for wood [Y/N]: ,N
bot,"[1, 2, 3, 4]",int,"1=Build, 2=Trade, 3=Dev Cards(Play/Select), 4=End: ",4
bot,"[1, 2, 3, 4]",int,"1=Build, 2=Trade, 3=Dev Cards(Play/Select), 4=End: ",2
bot,"[1, 2, 3]",int,"Player Trade (1), Bank/Port Trade (2), Cancel (3): ",1
bot,"['brick', 'wood', 'sheep', 'wheat', 'ore']",resource,Which resource would you like to trade (give away): ,wood
bot,"[1, 2, 3, 4]",int,How many would you like to trade: ,1
bot,"['brick', 'wood', 'sheep', 'wheat', 'ore']",resource,Which resource would you like to trade: ,wood
bot,"[1, 2, 3]",int,How many would you like to trade: ,1
bot,"['Y', 'N']",action,Red would you like to trade wood for wood [Y/N]: ,Y
bot,"['Y', 'N']",action,Yellow would you like to trade wood for wood [Y/N]: ,Y
bot,"[1, 2, 3, 4]",int,"1=Build, 2=Trade, 3=Dev Cards(Play/Select), 4=End: ",2
bot,"[1, 2, 3]",int,"Player Trade (1), Bank/Port Trade (2), Cancel (3): ",3
bot,"[1, 2, 3, 4]",int,"1=Build, 2=Trade, 3=Dev Cards(Play/Select), 4=End: ",1
bot,"[1, 2, 3, 4]",int,"1=Settlement, 2=City, 3=Road, 4=End: ",3
bot,"[1, 2, 3, 4]",int,"1=Settlement, 2=City, 3=Road, 4=End: ",4
bot,"[1, 2, 3, 4]",int,"1=Build, 2=Trade, 3=Dev Cards(Play/Select), 4=End: ",1
bot,"[1, 2, 3, 4]",int,"1=Settlement, 2=City, 3=Road, 4=End: ",2
bot,"[1, 2, 3, 4]",int,"1=Settlement, 2=City, 3=Road, 4=End: ",2
bot,"[1, 2, 3, 4]",int,"1=Settlement, 2=City, 3=Road, 4=End: ",2
bot,"[1, 2, 3, 4]",int,"1=Settlement, 2=City, 3=Road, 4=End: ",3
bot,"[1, 2, 3, 4]",int,"1=Settlement, 2=City, 3=Road, 4=End: ",3
bot,"[1, 2, 3, 4]",int,"1=Settlement, 2=City, 3=Road, 4=End: ",3
bot,"[1, 2, 3, 4]",int,"1=Settlement, 2=City, 3=Road, 4=End: ",2
bot,"[1, 2, 3, 4]",int,"1=Settlement, 2=City, 3=Road, 4=End: ",3
bot,"[1, 2, 3, 4]",int,"1=Settlement, 2=City, 3=Road, 4=End: ",1
bot,"[1, 2, 3, 4]",int,"1=Settlement, 2=City, 3=Road, 4=End: ",1
bot,"[1, 2, 3, 4]",int,"1=Settlement, 2=City, 3=Road, 4=End: ",2
bot,"[1, 2, 3, 4]",int,"1=Settlement, 2=City, 3=Road, 4=End: ",4
bot,"[1, 2, 3, 4]",int,"1=Build, 2=Trade, 3=Dev Cards(Play/Select), 4=End: ",4
bot,"[1, 2, 3, 4]",int,"1=Build, 2=Trade, 3=Dev Cards(Play/Select), 4=End: ",4
bot,"[1, 2, 3, 4]",int,"1=Build, 2=Trade, 3=Dev Cards(Play/Select), 4=End: ",1
bot,"[1, 2, 3, 4]",int,"1=Settlement, 2=City, 3=Road, 4=End: ",4
bot,"[1, 2, 3, 4]",int,"1=Build, 2=Trade, 3=Dev Cards(Play/Select), 4=End: ",2
bot,"[1, 2, 3]",int,"Player Trade (1), Bank/Port Trade (2), Cancel (3): ",3
bot,"[1, 2, 3, 4]",int,"1=Build, 2=Trade, 3=Dev Cards(Play/Select), 4=End: ",1
bot,"[1, 2, 3, 4]",int,"1=Settlement, 2=City, 3=Road, 4=End: ",1
bot,"[1, 2, 3, 4]",int,"1=Settlement, 2=City, 3=Road, 4=End: ",2
bot,"[1, 2, 3, 4]",int,"1=Settlement, 2=City, 3=Road, 4=End: ",4
bot,"[1, 2, 3, 4]",int,"1=Build, 2=Trade, 3=Dev Cards(Play/Select), 4=End: ",1
bot,"[1, 2, 3, 4]",int,"1=Settlement, 2=City, 3=Road, 4=End: ",3
bot,"[8, 8, 21, 9, 17, 21, 35, 35, 44, 44, 50, 55, 67, 68]",int,Choose road location - [0-71]: ,17
bot,"[1, 2, 3, 4]",int,"1=Settlement, 2=City, 3=Road, 4=End: ",1
bot,"[1, 2, 3, 4]",int,"1=Settlement, 2=City, 3=Road, 4=End: ",4
bot,"[1, 2, 3, 4]",int,"1=Build, 2=Trade, 3=Dev Cards(Play/Select), 4=End: ",2
bot,"[1, 2, 3]",int,"Player Trade (1), Bank/Port Trade (2), Cancel (3): ",1
bot,"['brick', 'wood', 'sheep', 'wheat', 'ore']",resource,Which resource would you like to trade (give away): ,wood
bot,"[1, 2, 3, 4]",int,How many would you like to trade: ,4
bot,"['brick', 'wood', 'sheep', 'wheat', 'ore']",resource,Which resource would you like to trade: ,sheep
bot,"[1, 2, 3]",int,How many would you like to trade: ,1
bot,"['Y', 'N']",action,Red would you like to trade wood for sheep [Y/N]: ,N
bot,"[1, 2, 3, 4]",int,"1=Build, 2=Trade, 3=Dev Cards(Play/Select), 4=End: ",4
bot,"[1, 2, 3, 4]",int,"1=Build, 2=Trade, 3=Dev Cards(Play/Select), 4=End: ",4
bot,"[1, 2, 3, 4]",int,"1=Build, 2=Trade, 3=Dev Cards(Play/Select), 4=End: ",1
bot,"[1, 2, 3, 4]",int,"1=Settlement, 2=City, 3=Road, 4=End: ",4
bot,"[1, 2, 3, 4]",int,"1=Build, 2=Trade, 3=Dev Cards(Play/Select), 4=End: ",1
bot,"[1, 2, 3, 4]",int,"1=Settlement, 2=City, 3=Road, 4=End: ",4
bot,"[1, 2, 3, 4]",int,"1=Build, 2=Trade, 3=Dev Cards(Play/Select), 4=End: ",4
bot,"range(0, 18)",int,Choosen a Tile [0-18] to move the Robber to: ,17
bot,['Yellow'],player,Choose a player to steal from {'Yellow'}: ,Yellow
bot,"['sheep', 'wood', 'ore']",resource,"Which resource would you like to discard: brick, wood, sheep, wheat, ore: ",sheep
bot,"['sheep', 'wood', 'ore']",resource,"Which resource would you like to discard: brick, wood, sheep, wheat, ore: ",wood
bot,"['sheep', 'wood', 'ore']",resource,"Which resource would you like to discard: brick, wood, sheep, wheat, ore: ",ore
bot,"['sheep', 'wood', 'ore']",resource,"Which resource would you like to discard: brick, wood, sheep, wheat, ore: ",sheep
bot,"['sheep', 'wood', 'ore']",resource,"Which resource would you like to discard: brick, wood, sheep, wheat, ore: ",ore
bot,"['sheep', 'wood', 'ore']",resource,"Which resource would you like to discard: brick, wood, sheep, wheat, ore: ",wood
bot,"['sheep', 'wood', 'ore']",resource,"Which resource would you like to discard: brick, wood, sheep, wheat, ore: ",wood
bot,"['sheep', 'wood', 'ore']",resource,"Which resource would you like to discard: brick, wood, sheep, wheat, ore: ",sheep
bot,"['sheep', 'wood', 'ore']",resource,"Which resource would you like to discard: brick, wood, sheep, wheat, ore: ",ore
bot,"['sheep', 'wood', 'ore']",resource,"Which resource would you like to discard: brick, wood, sheep, wheat, ore: ",wood
bot,"['sheep', 'wheat', 'ore', 'brick']",resource,"Which resource would you like to discard: brick, wood, sheep, wheat, ore: ",sheep
bot,"['sheep', 'wheat', 'ore', 'brick']",resource,"Which resource would you like to discard: brick, wood, sheep, wheat, ore: ",brick
bot,"['sheep', 'wheat', 'ore']",resource,"Which resource would you like to discard: brick, wood, sheep, wheat, ore: ",sheep
bot,"['sheep', 'wheat', 'ore']",resource,"Which resource would you like to discard: brick, wood, sheep, wheat, ore: ",ore
bot,"['sheep', 'wheat', 'ore']",resource,"Which resource would you like to discard: brick, wood, sheep, wheat, ore: ",sheep
bot,"['sheep', 'wheat', 'ore']",resource,"Which resource would you like to discard: brick, wood, sheep, wheat, ore: ",wheat
bot,"['sheep', 'wheat', 'ore']",resource,"Which resource would you like to discard: brick, wood, sheep, wheat, ore: ",sheep
bot,"['sheep', 'wood', 'wheat', 'brick']",resource,"Which resource would you like to discard: brick, wood, sheep, wheat, ore: ",sheep
bot,"['wood', 'wheat', 'brick']",resource,"Which resource would you like to discard: brick, wood, sheep, wheat, ore: ",brick
bot,"['wood', 'wheat']",resource,"Which resource would you like to discard: brick, wood, sheep, wheat, ore: ",wheat
bot,"['wood', 'wheat']",resource,"Which resource would you like to discard: brick, wood, sheep, wheat, ore: ",wood
bot,['wheat'],resource,"Which resource would you like to discard: brick, wood, sheep, wheat, ore: ",wheat
bot,"[1, 2, 3, 4]",int,"1=Build, 2=Trade, 3=Dev Cards(Play/Select), 4=End: ",2
bot,"[1, 2, 3]",int,"Player Trade (1), Bank/Port Trade (2), Cancel (3): ",2
bot,"['brick', 'wood', 'sheep', 'wheat', 'ore']",resource,Which resource would you like to trade (give away): ,brick
bot,"['brick', 'wood', 'sheep', 'wheat', 'ore']",resource,Which resource would you like to receive: ,wood
bot,"[1, 2, 3]",int,"Player Trade (1), Bank/Port Trade (2), Cancel (3): ",1
bot,"['brick', 'wood', 'sheep', 'wheat', 'ore']",resource,Which resource would you like to trade (give away): ,wheat
bot,"[1, 2, 3, 4]",int,How many would you like to trade: ,2
bot,"['brick', 'wood', 'sheep', 'wheat', 'ore']",resource,Which resource would you like to trade: ,sheep
bot,"[1, 2, 3]",int,How many would you like to trade: ,2
bot,"['Y', 'N']",action,Blue would you like to trade wheat for sheep [Y/N]: ,N
bot,"['Y', 'N']",action,Green would you like to trade wheat for sheep [Y/N]: ,N
bot,"[1, 2, 3, 4]",int,"1=Build, 2=Trade, 3=Dev Cards(Play/Select), 4=End: ",3
bot,"[1, 2, 3]",int,"1=Collect, 2=Play, 3=End:",3
bot,"[1, 2, 3, 4]",int,"1=Build, 2=Trade, 3=Dev Cards(Play/Select), 4=End: ",3
bot,"[1, 2, 3]",int,"1=Collect, 2=Play, 3=End:",1
bot,"[1, 2, 3]",int,"1=Collect, 2=Play, 3=End:",3
bot,"[1, 2, 3, 4]",int,"1=Build, 2=Trade, 3=Dev Cards(Play/Select), 4=End: ",3
bot,"[1, 2, 3]",int,"1=Collect, 2=Play, 3=End:",3
bot,"[1, 2, 3, 4]",int,"1=Build, 2=Trade, 3=Dev Cards(Play/Select), 4=End: ",3
bot,"[1, 2, 3]",int,"1=Collect, 2=Play, 3=End:",3
bot,"[1, 2, 3, 4]",int,"1=Build, 2=Trade, 3=Dev Cards(Play/Select), 4=End: ",1
bot,"[1, 2, 3, 4]",int,"1=Settlement, 2=City, 3=Road, 4=End: ",2
bot,"[1, 2, 3, 4]",int,"1=Settlement, 2=City, 3=Road, 4=End: ",4
bot,"[1, 2, 3, 4]",int,"1=Build, 2=Trade, 3=Dev Cards(Play/Select), 4=End: ",1
bot,"[1, 2, 3, 4]",int,"1=Settlement, 2=City, 3=Road, 4=End: ",2
bot,"[1, 2, 3, 4]",int,"1=Settlement, 2=City, 3=Road, 4=End: ",4
bot,"[1, 2, 3, 4]",int,"1=Build, 2=Trade, 3=Dev Cards(Play/Select), 4=End: ",1
bot,"[1, 2, 3, 4]",int,"1=Settlement, 2=City, 3=Road, 4=End: ",4
bot,"[1, 2, 3, 4]",int,"1=Build, 2=Trade, 3=Dev Cards(Play/Select), 4=End: ",2
bot,"[1, 2, 3]",int,"Player Trade (1), Bank/Port Trade (2), Cancel (3): ",2
bot,"['brick', 'wood', 'sheep', 'wheat', 'ore']",resource,Which resource would you like to trade (give away): ,wood
bot,"['brick', 'wood', 'sheep', 'wheat', 'ore']",resource,Which resource would you like to receive: ,sheep
bot,"[1, 2, 3, 4]",int,"1=Build, 2=Trade, 3=Dev Cards(Play/Select), 4=End: ",4
bot,"[1, 2, 3, 4]",int,"1=Build, 2=Trade, 3=Dev Cards(Play/Select), 4=End: ",1
bot,"[1, 2, 3, 4]",int,"1=Settlement, 2=City, 3=Road, 4=End: ",2
bot,"[1, 2, 3, 4]",int,"1=Settlement, 2=City, 3=Road, 4=End: ",2
bot,"[1, 2, 3, 4]",int,"1=Settlement, 2=City, 3=Road, 4=End: ",4
bot,"[1, 2, 3, 4]",int,"1=Build, 2=Trade, 3=Dev Cards(Play/Select), 4=End: ",4
bot,"[1, 2, 3, 4]",int,"1=Build, 2=Trade, 3=Dev Cards(Play/Select), 4=End: ",1
bot,"[1, 2, 3, 4]",int,"1=Settlement, 2=City, 3=Road, 4=End: ",2
bot,"[1, 2, 3, 4]",int,"1=Settlement, 2=City, 3=Road, 4=End: ",4
bot,"[1, 2, 3, 4]",int,"1=Build, 2=Trade, 3=Dev Cards(Play/Select), 4=End: ",2
bot,"[1, 2, 3]",int,"Player Trade (1), Bank/Port Trade (2), Cancel (3): ",2
bot,"['brick', 'wood', 'sheep', 'wheat', 'ore']",resource,Which resource would you like to trade (give away): ,sheep
bot,"['brick', 'wood', 'sheep', 'wheat', 'ore']",resource,Which resource would you like to receive: ,wheat
bot,"[1, 2, 3]",int,"Player Trade (1), Bank/Port Trade (2), Cancel (3): ",1
bot,"['brick', 'wood', 'sheep', 'wheat', 'ore']",resource,Which resource would you like to trade (give away): ,sheep
bot,"[1, 2, 3, 4]",int,How many would you like to trade: ,2
bot,"['brick', 'wood', 'sheep', 'wheat', 'ore']",resource,Which resource would you like to trade: ,wood
bot,"[1, 2, 3]",int,How many would you like to trade: ,1
bot,"['Y', 'N']",action,Red would you like to trade sheep for wood [Y/N]: ,Y
bot,"[1, 2, 3, 4]",int,"1=Build, 2=Trade, 3=Dev Cards(Play/Select), 4=End: ",1
bot,"[1, 2, 3, 4]",int,"1=Settlement, 2=City, 3=Road, 4=End: ",2
bot,"[1, 2, 3, 4]",int,"1=Settlement, 2=City, 3=Road, 4=End: ",2
bot,"[1, 2, 3, 4]",int,"1=Settlement, 2=City, 3=Road, 4=End: ",1
bot,"[1, 2, 3, 4]",int,"1=Settlement, 2=City, 3=Road, 4=End: ",1
bot,"[1, 2, 3, 4]",int,"1=Settlement, 2=City, 3=Road, 4=End: ",3
bot,"[1, 2, 3, 4]",int,"1=Settlement, 2=City, 3=Road, 4=End: ",2
bot,"[1, 2, 3, 4]",int,"1=Settlement, 2=City, 3=Road, 4=End: ",3
bot,"[1, 2, 3, 4]",int,"1=Settlement, 2=City, 3=Road, 4=End: ",4
bot,"[1, 2, 3, 4]",int,"1=Build, 2=Trade, 3=Dev Cards(Play/Select), 4=End: ",4
bot,"[1, 2, 3, 4]",int,"1=Build, 2=Trade, 3=Dev Cards(Play/Select), 4=End: ",1
bot,"[1, 2, 3, 4]",int,"1=Settlement, 2=City, 3=Road, 4=End: ",3
bot,"[1, 2, 3, 4]",int,"1=Settlement, 2=City, 3=Road, 4=End: ",2
bot,"[1, 2, 3, 4]",int,"1=Settlement, 2=City, 3=Road, 4=End: ",2
bot,"[1, 2, 3, 4]",int,"1=Settlement, 2=City, 3=Road, 4=End: ",4
bot,"[1, 2, 3, 4]",int,"1=Build, 2=Trade, 3=Dev Cards(Play/Select), 4=End: ",2
bot,"[1, 2, 3]",int,"Player Trade (1), Bank/Port Trade (2), Cancel (3): ",1
bot,"['brick', 'wood', 'sheep', 'wheat', 'ore']",resource,Which resource would you like to trade (give away): ,ore
bot,"[1, 2, 3, 4]",int,How many would you like to trade: ,3
bot,"['brick', 'wood', 'sheep', 'wheat', 'ore']",resource,Which resource would you like to trade: ,wheat
bot,"[1, 2, 3]",int,How many would you like to trade: ,2
bot,"['Y', 'N']",action,Red would you like to trade ore for wheat [Y/N]: ,N
bot,"['Y', 'N']",action,Blue would you like to trade ore for wheat [Y/N]: ,Y
bot,"[1, 2, 3, 4]",int,"1=Build, 2=Trade, 3=Dev Cards(Play/Select), 4=End: ",1
bot,"[1, 2, 3, 4]",int,"1=Settlement, 2=City, 3=Road, 4=End: ",3
bot,"[1, 2, 3, 4]",int,"1=Settlement, 2=City, 3=Road, 4=End: ",2
bot,"[1, 2, 3, 4]",int,"1=Settlement, 2=City, 3=Road, 4=End: ",1
bot,"[1, 2, 3, 4]",int,"1=Settlement, 2=City, 3=Road, 4=End: ",4
bot,"[1, 2, 3, 4]",int,"1=Build, 2=Trade, 3=Dev Cards(Play/Select), 4=End: ",3
bot,"[1, 2, 3]",int,"1=Collect, 2=Play, 3=End:",3
bot,"[1, 2, 3, 4]",int,"1=Build, 2=Trade, 3=Dev Cards(Play/Select), 4=End: ",1
bot,"[1, 2, 3, 4]",int,"1=Settlement, 2=City, 3=Road, 4=End: ",2
bot,"[1, 2, 3, 4]",int,"1=Settlement, 2=City, 3=Road, 4=End: ",3
bot,"[1, 2, 3, 4]",int,"1=Settlement, 2=City, 3=Road, 4=End: ",3
bot,"[1, 2, 3, 4]",int,"1=Settlement, 2=City, 3=Road, 4=End: ",1
bot,"[1, 2, 3, 4]",int,"1=Settlement, 2=City, 3=Road, 4=End: ",1
bot,"[1, 2, 3, 4]",int,"1=Settlement, 2=City, 3=Road, 4=End: ",1
bot,"[1, 2, 3, 4]",int,"1=Settlement, 2=City, 3=Road, 4=End: ",1
bot,"[1, 2, 3, 4]",int,"1=Settlement, 2=City, 3=Road, 4=End: ",4
bot,"[1, 2, 3, 4]",int,"1=Build, 2=Trade, 3=Dev Cards(Play/Select), 4=End: ",2
bot,"[1, 2, 3]",int,"Player Trade (1), Bank/Port Trade (2), Cancel (3): ",3
bot,"[1, 2, 3, 4]",int,"1=Build, 2=Trade, 3=Dev Cards(Play/Select), 4=End: ",2
bot,"[1, 2, 3]",int,"Player Trade (1), Bank/Port Trade (2), Cancel (3): ",3
bot,"[1, 2, 3, 4]",int,"1=Build, 2=Trade, 3=Dev Cards(Play/Select), 4=End: ",2
bot,"[1, 2, 3]",int,"Player Trade (1), Bank/Port Trade (2), Cancel (3): ",3
bot,"[1, 2, 3, 4]",int,"1=Build, 2=Trade, 3=Dev Cards(Play/Select), 4=End: ",2
bot,"[1, 2, 3]",int,"Player Trade (1), Bank/Port Trade (2), Cancel (3): ",2
bot,"['brick', 'wood', 'sheep', 'wheat', 'ore']",resource,Which resource would you like to trade (give away): ,brick
bot,"['brick', 'wood', 'sheep', 'wheat', 'ore']",resource,Which resource would you like to receive: ,wheat
bot,"[1, 2, 3]",int,"Player Trade (1), Bank/Port Trade (2), Cancel (3): ",2
bot,"['brick', 'wood', 'sheep', 'wheat', 'ore']",resource,Which resource would you like to trade (give away): ,wood
bot,"['brick', 'wood', 'sheep', 'wheat', 'ore']",resource,Which resource would you like to receive: ,brick
bot,"[1, 2, 3]",int,"Player Trade (1), Bank/Port Trade (2), Cancel (3): ",1
bot,"['brick', 'wood', 'sheep', 'wheat', 'ore']",resource,Which resource would you like to trade (give away): ,brick
bot,"[1, 2, 3, 4]",int,How many would you like to trade: ,1
bot,"['brick', 'wood', 'sheep', 'wheat', 'ore']",resource,Which resource would you like to trade: ,wheat
bot,"[1, 2, 3]",int,How many would you like to trade: ,2
bot,"['Y', 'N']",action,Yellow would you like to trade brick for wheat [Y/N]: ,Y
bot,"['Y', 'N']",action,Blue would you like to trade brick for wheat [Y/N]: ,Y
bot,"[1, 2, 3, 4]",int,"1=Build, 2=Trade, 3=Dev Cards(Play/Select), 4=End: ",1
bot,"[1, 2, 3, 4]",int,"1=Settlement, 2=City, 3=Road, 4=End: ",3
bot,"[1, 2, 3, 4]",int,"1=Settlement, 2=City, 3=Road, 4=End: ",1
bot,"[1, 2, 3, 4]",int,"1=Settlement, 2=City, 3=Road, 4=End: ",4
bot,"[1, 2, 3, 4]",int,"1=Build, 2=Trade, 3=Dev Cards(Play/Select), 4=End: ",1
bot,"[1, 2, 3, 4]",int,"1=Settlement, 2=City, 3=Road, 4=End: ",4
bot,"[1, 2, 3, 4]",int,"1=Build, 2=Trade, 3=Dev Cards(Play/Select), 4=End: ",4
bot,"[1, 2, 3, 4]",int,"1=Build, 2=Trade, 3=Dev Cards(Play/Select), 4=End: ",1
bot,"[1, 2, 3, 4]",int,"1=Settlement, 2=City, 3=Road, 4=End: ",4
bot,"[1, 2, 3, 4]",int,"1=Build, 2=Trade, 3=Dev Cards(Play/Select), 4=End: ",1
bot,"[1, 2, 3, 4]",int,"1=Settlement, 2=City, 3=Road, 4=End: ",3
bot,"[1, 2, 3, 4]",int,"1=Settlement, 2=City, 3=Road, 4=End: ",3
bot,"[1, 2, 3, 4]",int,"1=Settlement, 2=City, 3=Road, 4=End: ",4
bot,"[1, 2, 3, 4]",int,"1=Build, 2=Trade, 3=Dev Cards(Play/Select), 4=End: ",1
bot,"[1, 2, 3, 4]",int,"1=Settlement, 2=City, 3=Road, 4=End: ",4
bot,"[1, 2, 3, 4]",int,"1=Build, 2=Trade, 3=Dev Cards(Play/Select), 4=End: ",1
bot,"[1, 2, 3, 4]",int,"1=Settlement, 2=City, 3=Road, 4=End: ",1
bot,"[1, 2, 3, 4]",int,"1=Settlement, 2=City, 3=Road, 4=End: ",1
bot,"[1, 2, 3, 4]",int,"1=Settlement, 2=City, 3=Road, 4=End: ",2
bot,"[1, 2, 3, 4]",int,"1=Settlement, 2=City, 3=Road, 4=End: ",4
bot,"[1, 2, 3, 4]",int,"1=Build, 2=Trade, 3=Dev Cards(Play/Select), 4=End: ",1
bot,"[1, 2, 3, 4]",int,"1=Settlement, 2=City, 3=Road, 4=End: ",2
bot,"[1, 2, 3, 4]",int,"1=Settlement, 2=City, 3=Road, 4=End: ",1
bot,"[1, 2, 3, 4]",int,"1=Settlement, 2=City, 3=Road, 4=End: ",4
bot,"[1, 2, 3, 4]",int,"1=Build, 2=Trade, 3=Dev Cards(Play/Select), 4=End: ",1
bot,"[1, 2, 3, 4]",int,"1=Settlement, 2=City, 3=Road, 4=End: ",1
bot,"[1, 2, 3, 4]",int,"1=Settlement, 2=City, 3=Road, 4=End: ",4
bot,"[1, 2, 3, 4]",int,"1=Build, 2=Trade, 3=Dev Cards(Play/Select), 4=End: ",2
bot,"[1, 2, 3]",int,"Player Trade (1), Bank/Port Trade (2), Cancel (3): ",1
bot,"['brick', 'wood', 'sheep', 'wheat', 'ore']",resource,Which resource would you like to trade (give away): ,sheep
bot,"[1, 2, 3, 4]",int,How many would you like to trade: ,1
bot,"['brick', 'wood', 'sheep', 'wheat', 'ore']",resource,Which resource would you like to trade: ,sheep
bot,"[1, 2, 3]",int,How many would you like to trade: ,2
bot,"['Y', 'N']",action,Blue would you like to trade sheep for sheep [Y/N]: ,N
bot,"[1, 2, 3, 4]",int,"1=Build, 2=Trade, 3=Dev Cards(Play/Select), 4=End: ",1
bot,"[1, 2, 3, 4]",int,"1=Settlement, 2=City, 3=Road, 4=End: ",3
bot,"[1, 2, 3, 4]",int,"1=Settlement, 2=City, 3=Road, 4=End: ",2
bot,"[1, 2, 3, 4]",int,"1=Settlement, 2=City, 3=Road, 4=End: ",4
bot,"[1, 2, 3, 4]",int,"1=Build, 2=Trade, 3=Dev Cards(Play/Select), 4=End: ",3
bot,"[1, 2, 3]",int,"1=Collect, 2=Play, 3=End:",3
bot,"[1, 2, 3, 4]",int,"1=Build, 2=Trade, 3=Dev Cards(Play/Select), 4=End: ",1
bot,"[1, 2, 3, 4]",int,"1=Settlement, 2=City, 3=Road, 4=End: ",1
bot,"[1, 2, 3, 4]",int,"1=Settlement, 2=City, 3=Road, 4=End: ",1
bot,"[1, 2, 3, 4]",int,"1=Settlement, 2=City, 3=Road, 4=End: ",1
bot,"[1, 2, 3, 4]",int,"1=Settlement, 2=City, 3=Road, 4=End: ",3
bot,"[1, 2, 3, 4]",int,"1=Settlement, 2=City, 3=Road, 4=End: ",1
bot,"[1, 2, 3, 4]",int,"1=Settlement, 2=City, 3=Road, 4=End: ",3
bot,"[1, 2, 3, 4]",int,"1=Settlement, 2=City, 3=Road, 4=End: ",1
bot,"[1, 2, 3, 4]",int,"1=Settlement, 2=City, 3=Road, 4=End: ",1
bot,"[1, 2, 3, 4]",int,"1=Settlement, 2=City, 3=Road, 4=End: ",4
bot,"[1, 2, 3, 4]",int,"1=Build, 2=Trade, 3=Dev Cards(Play/Select), 4=End: ",4
bot,"[1, 2, 3, 4]",int,"1=Build, 2=Trade, 3=Dev Cards(Play/Select), 4=End: ",3
bot,"[1, 2, 3]",int,"1=Collect, 2=Play, 3=End:",3
bot,"[1, 2, 3, 4]",int,"1=Build, 2=Trade, 3=Dev Cards(Play/Select), 4=End: ",3
bot,"[1, 2, 3]",int,"1=Collect, 2=Play, 3=End:",2
bot,"[1, 2, 3]",int,"1=Collect, 2=Play, 3=End:",2
bot,"[1, 2, 3]",int,"1=Collect, 2=Play, 3=End:",2
bot,"[1, 2, 3]",int,"1=Collect, 2=Play, 3=End:",3
bot,"[1, 2, 3, 4]",int,"1=Build, 2=Trade, 3=Dev Cards(Play/Select), 4=End: ",2
bot,"[1, 2, 3]",int,"Player Trade (1), Bank/Port Trade (2), Cancel (3): ",2
bot,"['brick', 'wood', 'sheep', 'wheat', 'ore']",resource,Which resource would you like to trade (give away): ,sheep
bot,"['brick', 'wood', 'sheep', 'wheat', 'ore']",resource,Which resource would you like to receive: ,brick
bot,"[1, 2, 3]",int,"Player Trade (1), Bank/Port Trade (2), Cancel (3): ",3
bot,"[1, 2, 3, 4]",int,"1=Build, 2=Trade, 3=Dev Cards(Play/Select), 4=End: ",3
bot,"[1, 2, 3]",int,"1=Collect, 2=Play, 3=End:",1
bot,"[1, 2, 3]",int,"1=Collect, 2=Play, 3=End:",1
bot,"[1, 2, 3]",int,"1=Collect, 2=Play, 3=End:",3
bot,"[1, 2, 3, 4]",int,"1=Build, 2=Trade, 3=Dev Cards(Play/Select), 4=End: ",4
bot,"[1, 2, 3, 4]",int,"1=Build, 2=Trade, 3=Dev Cards(Play/Select), 4=End: ",3
bot,"[1, 2, 3]",int,"1=Collect, 2=Play, 3=End:",2
bot,['knight'],card,"Which dev card would you like to play from - [Knight(color=None, played=True, player=None, name='knight'), Knight(color=None, played=True, player=None, name='knight'), Knight(color=None, played=True, player=None, name='knight'), Knight(color=None, played=True, player=None, name='knight'), Knight(color=None, played=True, player=None, name='knight'), YearOfPlenty(color=None, played=True, player=None, name='year_of_plenty'), Knight(color=None, played=False, player=None, name='knight')]: ",knight
bot,"range(0, 18)",int,Choosen a Tile [0-18] to move the Robber to: ,5
bot,['Yellow'],player,Choose a player to steal from {'Yellow'}: ,Yellow
bot,"[1, 2, 3, 4]",int,"1=Build, 2=Trade, 3=Dev Cards(Play/Select), 4=End: ",1
bot,"[1, 2, 3, 4]",int,"1=Settlement, 2=City, 3=Road, 4=End: ",1
bot,"[1, 2, 3, 4]",int,"1=Settlement, 2=City, 3=Road, 4=End: ",4
bot,"[1, 2, 3, 4]",int,"1=Build, 2=Trade, 3=Dev Cards(Play/Select), 4=End: ",1
bot,"[1, 2, 3, 4]",int,"1=Settlement, 2=City, 3=Road, 4=End: ",3
bot,"[1, 2, 3, 4]",int,"1=Settlement, 2=City, 3=Road, 4=End: ",2
bot,"[1, 2, 3, 4]",int,"1=Settlement, 2=City, 3=Road, 4=End: ",2
bot,"[1, 2, 3, 4]",int,"1=Settlement, 2=City, 3=Road, 4=End: ",2
bot,"[1, 2, 3, 4]",int,"1=Settlement, 2=City, 3=Road, 4=End: ",3
bot,"[1, 2, 3, 4]",int,"1=Settlement, 2=City, 3=Road, 4=End: ",2
bot,"[1, 2, 3, 4]",int,"1=Settlement, 2=City, 3=Road, 4=End: ",3
bot,"[1, 2, 3, 4]",int,"1=Settlement, 2=City, 3=Road, 4=End: ",3
bot,"[1, 2, 3, 4]",int,"1=Settlement, 2=City, 3=Road, 4=End: ",2
bot,"[1, 2, 3, 4]",int,"1=Settlement, 2=City, 3=Road, 4=End: ",3
bot,"[1, 2, 3, 4]",int,"1=Settlement, 2=City, 3=Road, 4=End: ",3
bot,"[1, 2, 3, 4]",int,"1=Settlement, 2=City, 3=Road, 4=End: ",3
bot,"[1, 2, 3, 4]",int,"1=Settlement, 2=City, 3=Road, 4=End: ",2
bot,"[1, 2, 3, 4]",int,"1=Settlement, 2=City, 3=Road, 4=End: ",2
bot,"[1, 2, 3, 4]",int,"1=Settlement, 2=City, 3=Road, 4=End: ",2
bot,"[1, 2, 3, 4]",int,"1=Settlement, 2=City, 3=Road, 4=End: ",3
bot,"[1, 2, 3, 4]",int,"1=Settlement, 2=City, 3=Road, 4=End: ",2
bot,"[1, 2, 3, 4]",int,"1=Settlement, 2=City, 3=Road, 4=End: ",3
bot,"[1, 2, 3, 4]",int,"1=Settlement, 2=City, 3=Road, 4=End: ",4
bot,"[1, 2, 3, 4]",int,"1=Build, 2=Trade, 3=Dev Cards(Play/Select), 4=End: ",1
bot,"[1, 2, 3, 4]",int,"1=Settlement, 2=City, 3=Road, 4=End: ",1
bot,"[1, 2, 3, 4]",int,"1=Settlement, 2=City, 3=Road, 4=End: ",4
bot,"[1, 2, 3, 4]",int,"1=Build, 2=Trade, 3=Dev Cards(Play/Select), 4=End: ",2
bot,"[1, 2, 3]",int,"Player Trade (1), Bank/Port Trade (2), Cancel (3): ",2
bot,"['brick', 'wood', 'sheep', 'wheat', 'ore']",resource,Which resource would you like to trade (give away): ,ore
bot,"['brick', 'wood', 'sheep', 'wheat', 'ore']",resource,Which resource would you like to receive: ,sheep
bot,"[1, 2, 3]",int,"Player Trade (1), Bank/Port Trade (2), Cancel (3): ",2
bot,"['brick', 'wood', 'sheep', 'wheat', 'ore']",resource,Which resource would you like to trade (give away): ,wheat
bot,"['brick', 'wood', 'sheep', 'wheat', 'ore']",resource,Which resource would you like to receive: ,sheep
bot,"[1, 2, 3, 4]",int,"1=Build, 2=Trade, 3=Dev Cards(Play/Select), 4=End: ",1
bot,"[1, 2, 3, 4]",int,"1=Settlement, 2=City, 3=Road, 4=End: ",1
bot,"[1, 2, 3, 4]",int,"1=Settlement, 2=City, 3=Road, 4=End: ",3
bot,"[1, 2, 3, 4]",int,"1=Settlement, 2=City, 3=Road, 4=End: ",2
bot,"[1, 2, 3, 4]",int,"1=Settlement, 2=City, 3=Road, 4=End: ",4
bot,"[1, 2, 3, 4]",int,"1=Build, 2=Trade, 3=Dev Cards(Play/Select), 4=End: ",2
bot,"[1, 2, 3]",int,"Player Trade (1), Bank/Port Trade (2), Cancel (3): ",1
bot,"['brick', 'wood', 'sheep', 'wheat', 'ore']",resource,Which resource would you like to trade (give away): ,wheat
bot,"[1, 2, 3, 4]",int,How many would you like to trade: ,1
bot,"['brick', 'wood', 'sheep', 'wheat', 'ore']",resource,Which resource would you like to trade: ,brick
bot,"[1, 2, 3]",int,How many would you like to trade: ,3
bot,"['Y', 'N']",action,Green would you like to trade wheat for brick [Y/N]: ,Y
bot,"[1, 2, 3, 4]",int,"1=Build, 2=Trade, 3=Dev Cards(Play/Select), 4=End: ",2
bot,"[1, 2, 3]",int,"Player Trade (1), Bank/Port Trade (2), Cancel (3): ",2
bot,"['brick', 'wood', 'sheep', 'wheat', 'ore']",resource,Which resource would you like to trade (give away): ,wood
bot,"['brick', 'wood', 'sheep', 'wheat', 'ore']",resource,Which resource would you like to receive: ,wood
bot,"[1, 2, 3]",int,"Player Trade (1), Bank/Port Trade (2), Cancel (3): ",2
bot,"['brick', 'wood', 'sheep', 'wheat', 'ore']",resource,Which resource would you like to trade (give away): ,sheep
bot,"['brick', 'wood', 'sheep', 'wheat', 'ore']",resource,Which resource would you like to receive: ,ore
bot,"[1, 2, 3, 4]",int,"1=Build, 2=Trade, 3=Dev Cards(Play/Select), 4=End: ",3
bot,"[1, 2, 3]",int,"1=Collect, 2=Play, 3=End:",1
bot,"[1, 2, 3]",int,"1=Collect, 2=Play, 3=End:",1
bot,"[1, 2, 3]",int,"1=Collect, 2=Play, 3=End:",2
bot,['knight'],card,"Which dev card would you like to play from - [Knight(color=None, played=True, player=None, name='knight'), Knight(color=None, played=True, player=None, name='knight'), Knight(color=None, played=True, player=None, name='knight'), Knight(color=None, played=True, player=None, name='knight'), Knight(color=None, played=True, player=None, name='knight'), YearOfPlenty(color=None, played=True, player=None, name='year_of_plenty'), Knight(color=None, played=True, player=None, name='knight'), Knight(color=None, played=False, player=None, name='knight')]: ",knight
bot,"range(0, 18)",int,Choosen a Tile [0-18] to move the Robber to: ,12
bot,"[1, 2, 3, 4]",int,"1=Build, 2=Trade, 3=Dev Cards(Play/Select), 4=End: ",2
bot,"[1, 2, 3]",int,"Player Trade (1), Bank/Port Trade (2), Cancel (3): ",2
bot,"['brick', 'wood', 'sheep', 'wheat', 'ore']",resource,Which resource would you like to trade (give away): ,ore
bot,"['brick', 'wood', 'sheep', 'wheat', 'ore']",resource,Which resource would you like to receive: ,ore
bot,"[1, 2, 3]",int,"Player Trade (1), Bank/Port Trade (2), Cancel (3): ",2
bot,"['brick', 'wood', 'sheep', 'wheat', 'ore']",resource,Which resource would you like to trade (give away): ,wheat
bot,"['brick', 'wood', 'sheep', 'wheat', 'ore']",resource,Which resource would you like to receive: ,sheep
bot,"[1, 2, 3, 4]",int,"1=Build, 2=Trade, 3=Dev Cards(Play/Select), 4=End: ",4
bot,"[1, 2, 3, 4]",int,"1=Build, 2=Trade, 3=Dev Cards(Play/Select), 4=End: ",1
bot,"[1, 2, 3, 4]",int,"1=Settlement, 2=City, 3=Road, 4=End: ",3
bot,"[1, 2, 3, 4]",int,"1=Settlement, 2=City, 3=Road, 4=End: ",3
bot,"[1, 2, 3, 4]",int,"1=Settlement, 2=City, 3=Road, 4=End: ",2
bot,"[1, 2, 3, 4]",int,"1=Settlement, 2=City, 3=Road, 4=End: ",4
bot,"[1, 2, 3, 4]",int,"1=Build, 2=Trade, 3=Dev Cards(Play/Select), 4=End: ",4
bot,"[1, 2, 3, 4]",int,"1=Build, 2=Trade, 3=Dev Cards(Play/Select), 4=End: ",4
bot,"[1, 2, 3, 4]",int,"1=Build, 2=Trade, 3=Dev Cards(Play/Select), 4=End: ",1
bot,"[1, 2, 3, 4]",int,"1=Settlement, 2=City, 3=Road, 4=End: ",3
bot,"[8, 8, 21, 9, 21, 9, 22, 35, 35, 44, 44, 50, 55, 67, 68]",int,Choose road location - [0-71]: ,21
bot,"[1, 2, 3, 4]",int,"1=Settlement, 2=City, 3=Road, 4=End: ",3
bot,"[8, 8, 9, 9, 22, 35, 35, 44, 44, 50, 55, 67, 68]",int,Choose road location - [0-71]: ,55
bot,"[1, 2, 3, 4]",int,"1=Settlement, 2=City, 3=Road, 4=End: ",3
bot,"[1, 2, 3, 4]",int,"1=Settlement, 2=City, 3=Road, 4=End: ",1
bot,"[1, 2, 3, 4]",int,"1=Settlement, 2=City, 3=Road, 4=End: ",3
bot,"[1, 2, 3, 4]",int,"1=Settlement, 2=City, 3=Road, 4=End: ",3
bot,"[1, 2, 3, 4]",int,"1=Settlement, 2=City, 3=Road, 4=End: ",4
bot,"[1, 2, 3, 4]",int,"1=Build, 2=Trade, 3=Dev Cards(Play/Select), 4=End: ",3
bot,"[1, 2, 3]",int,"1=Collect, 2=Play, 3=End:",1
bot,"[1, 2, 3]",int,"1=Collect, 2=Play, 3=End:",2
bot,"[1, 2, 3]",int,"1=Collect, 2=Play, 3=End:",1
bot,"[1, 2, 3]",int,"1=Collect, 2=Play, 3=End:",1
bot,"[1, 2, 3]",int,"1=Collect, 2=Play, 3=End:",3
bot,"[1, 2, 3, 4]",int,"1=Build, 2=Trade, 3=Dev Cards(Play/Select), 4=End: ",2
bot,"[1, 2, 3]",int,"Player Trade (1), Bank/Port Trade (2), Cancel (3): ",3
bot,"[1, 2, 3, 4]",int,"1=Build, 2=Trade, 3=Dev Cards(Play/Select), 4=End: ",1
bot,"[1, 2, 3, 4]",int,"1=Settlement, 2=City, 3=Road, 4=End: ",1
bot,"[1, 2, 3, 4]",int,"1=Settlement, 2=City, 3=Road, 4=End: ",4
bot,"[1, 2, 3, 4]",int,"1=Build, 2=Trade, 3=Dev Cards(Play/Select), 4=End: ",3
bot,"[1, 2, 3]",int,"1=Collect, 2=Play, 3=End:",3
bot,"[1, 2, 3, 4]",int,"1=Build, 2=Trade, 3=Dev Cards(Play/Select), 4=End: ",1
bot,"[1, 2, 3, 4]",int,"1=Settlement, 2=City, 3=Road, 4=End: ",3
bot,"[1, 2, 3, 4]",int,"1=Settlement, 2=City, 3=Road, 4=End: ",3
bot,"[1, 2, 3, 4]",int,"1=Settlement, 2=City, 3=Road, 4=End: ",2
bot,"[1, 2, 3, 4]",int,"1=Settlement, 2=City, 3=Road, 4=End: ",1
bot,"[1, 2, 3, 4]",int,"1=Settlement, 2=City, 3=Road, 4=End: ",4
bot,"[1, 2, 3, 4]",int,"1=Build, 2=Trade, 3=Dev Cards(Play/Select), 4=End: ",3
bot,"[1, 2, 3]",int,"1=Collect, 2=Play, 3=End:",3
bot,"[1, 2, 3, 4]",int,"1=Build, 2=Trade, 3=Dev Cards(Play/Select), 4=End: ",1
bot,"[1, 2, 3, 4]",int,"1=Settlement, 2=City, 3=Road, 4=End: ",4
bot,"[1, 2, 3, 4]",int,"1=Build, 2=Trade, 3=Dev Cards(Play/Select), 4=End: ",2
bot,"[1, 2, 3]",int,"Player Trade (1), Bank/Port Trade (2), Cancel (3): ",1
bot,"['brick', 'wood', 'sheep', 'wheat', 'ore']",resource,Which resource would you like to trade (give away): ,wood
bot,"[1, 2, 3, 4]",int,How many would you like to trade: ,2
bot,"['brick', 'wood', 'sheep', 'wheat', 'ore']",resource,Which resource would you like to trade: ,ore
bot,"[1, 2, 3]",int,How many would you like to trade: ,2
bot,"['Y', 'N']",action,Red would you like to trade wood for ore [Y/N]: ,N
bot,"[1, 2, 3, 4]",int,"1=Build, 2=Trade, 3=Dev Cards(Play/Select), 4=End: ",3
bot,"[1, 2, 3]",int,"1=Collect, 2=Play, 3=End:",3
bot,"[1, 2, 3, 4]",int,"1=Build, 2=Trade, 3=Dev Cards(Play/Select), 4=End: ",2
bot,"[1, 2, 3]",int,"Player Trade (1), Bank/Port Trade (2), Cancel (3): ",3
bot,"[1, 2, 3, 4]",int,"1=Build, 2=Trade, 3=Dev Cards(Play/Select), 4=End: ",1
bot,"[1, 2, 3, 4]",int,"1=Settlement, 2=City, 3=Road, 4=End: ",4
bot,"[1, 2, 3, 4]",int,"1=Build, 2=Trade, 3=Dev Cards(Play/Select), 4=End: ",3
bot,"[1, 2, 3]",int,"1=Collect, 2=Play, 3=End:",1
bot,"[1, 2, 3]",int,"1=Collect, 2=Play, 3=End:",3
bot,"[1, 2, 3, 4]",int,"1=Build, 2=Trade, 3=Dev Cards(Play/Select), 4=End: ",4
bot,"[1, 2, 3, 4]",int,"1=Build, 2=Trade, 3=Dev Cards(Play/Select), 4=End: ",2
bot,"[1, 2, 3]",int,"Player Trade (1), Bank/Port Trade (2), Cancel (3): ",1
bot,"['brick', 'wood', 'sheep', 'wheat', 'ore']",resource,Which resource would you like to trade (give away): ,sheep
bot,"[1, 2, 3, 4]",int,How many would you like to trade: ,1
bot,"['brick', 'wood', 'sheep', 'wheat', 'ore']",resource,Which resource would you like to trade: ,sheep
bot,"[1, 2, 3]",int,How many would you like to trade: ,3
bot,"['Y', 'N']",action,Red would you like to trade sheep for sheep [Y/N]: ,N
bot,"[1, 2, 3, 4]",int,"1=Build, 2=Trade, 3=Dev Cards(Play/Select), 4=End: ",4
bot,"[1, 2, 3, 4]",int,"1=Build, 2=Trade, 3=Dev Cards(Play/Select), 4=End: ",2
bot,"[1, 2, 3]",int,"Player Trade (1), Bank/Port Trade (2), Cancel (3): ",2
bot,"['brick', 'wood', 'sheep', 'wheat', 'ore']",resource,Which resource would you like to trade (give away): ,brick
bot,"['brick', 'wood', 'sheep', 'wheat', 'ore']",resource,Which resource would you like to receive: ,brick
bot,"[1, 2, 3, 4]",int,"1=Build, 2=Trade, 3=Dev Cards(Play/Select), 4=End: ",3
bot,"[1, 2, 3]",int,"1=Collect, 2=Play, 3=End:",2
bot,"[1, 2, 3]",int,"1=Collect, 2=Play, 3=End:",1
bot,"[1, 2, 3]",int,"1=Collect, 2=Play, 3=End:",3
bot,"[1, 2, 3, 4]",int,"1=Build, 2=Trade, 3=Dev Cards(Play/Select), 4=End: ",1
bot,"[1, 2, 3, 4]",int,"1=Settlement, 2=City, 3=Road, 4=End: ",4
bot,"[1, 2, 3, 4]",int,"1=Build, 2=Trade, 3=Dev Cards(Play/Select), 4=End: ",4
bot,"[1, 2, 3, 4]",int,"1=Build, 2=Trade, 3=Dev Cards(Play/Select), 4=End: ",1
bot,"[1, 2, 3, 4]",int,"1=Settlement, 2=City, 3=Road, 4=End: ",1
bot,"[1, 2, 3, 4]",int,"1=Settlement, 2=City, 3=Road, 4=End: ",2
bot,"[1, 2, 3, 4]",int,"1=Settlement, 2=City, 3=Road, 4=End: ",1
bot,"[1, 2, 3, 4]",int,"1=Settlement, 2=City, 3=Road, 4=End: ",2
bot,"[1, 2, 3, 4]",int,"1=Settlement, 2=City, 3=Road, 4=End: ",2
bot,"[1, 2, 3, 4]",int,"1=Settlement, 2=City, 3=Road, 4=End: ",3
bot,"[1, 2, 3, 4]",int,"1=Settlement, 2=City, 3=Road, 4=End: ",2
bot,"[1, 2, 3, 4]",int,"1=Settlement, 2=City, 3=Road, 4=End: ",2
bot,"[1, 2, 3, 4]",int,"1=Settlement, 2=City, 3=Road, 4=End: ",2
bot,"[1, 2, 3, 4]",int,"1=Settlement, 2=City, 3=Road, 4=End: ",3
bot,"[1, 2, 3, 4]",int,"1=Settlement, 2=City, 3=Road, 4=End: ",4
bot,"[1, 2, 3, 4]",int,"1=Build, 2=Trade, 3=Dev Cards(Play/Select), 4=End: ",4
bot,"[1, 2, 3, 4]",int,"1=Build, 2=Trade, 3=Dev Cards(Play/Select), 4=End: ",3
bot,"[1, 2, 3]",int,"1=Collect, 2=Play, 3=End:",3
bot,"[1, 2, 3, 4]",int,"1=Build, 2=Trade, 3=Dev Cards(Play/Select), 4=End: ",3
bot,"[1, 2, 3]",int,"1=Collect, 2=Play, 3=End:",1
bot,"[1, 2, 3]",int,"1=Collect, 2=Play, 3=End:",3
bot,"[1, 2, 3, 4]",int,"1=Build, 2=Trade, 3=Dev Cards(Play/Select), 4=End: ",4
bot,"[1, 2, 3, 4]",int,"1=Build, 2=Trade, 3=Dev Cards(Play/Select), 4=End: ",4
bot,"[1, 2, 3, 4]",int,"1=Build, 2=Trade, 3=Dev Cards(Play/Select), 4=End: ",4
bot,"[1, 2, 3, 4]",int,"1=Build, 2=Trade, 3=Dev Cards(Play/Select), 4=End: ",4
bot,"[1, 2, 3, 4]",int,"1=Build, 2=Trade, 3=Dev Cards(Play/Select), 4=End: ",3
bot,"[1, 2, 3]",int,"1=Collect, 2=Play, 3=End:",3
bot,"[1, 2, 3, 4]",int,"1=Build, 2=Trade, 3=Dev Cards(Play/Select), 4=End: ",1
bot,"[1, 2, 3, 4]",int,"1=Settlement, 2=City, 3=Road, 4=End: ",3
bot,"[8, 8, 9, 9, 22, 35, 35, 44, 44, 50, 54, 62, 50, 67, 68]",int,Choose road location - [0-71]: ,44
bot,"[1, 2, 3, 4]",int,"1=Settlement, 2=City, 3=Road, 4=End: ",2
bot,"[1, 2, 3, 4]",int,"1=Settlement, 2=City, 3=Road, 4=End: ",4
bot,"[1, 2, 3, 4]",int,"1=Build, 2=Trade, 3=Dev Cards(Play/Select), 4=End: ",2
bot,"[1, 2, 3]",int,"Player Trade (1), Bank/Port Trade (2), Cancel (3): ",2
bot,"['brick', 'wood', 'sheep', 'wheat', 'ore']",resource,Which resource would you like to trade (give away): ,sheep
bot,"['brick', 'wood', 'sheep', 'wheat', 'ore']",resource,Which resource would you like to receive: ,sheep
bot,"[1, 2, 3]",int,"Player Trade (1), Bank/Port Trade (2), Cancel (3): ",2
bot,"['brick', 'wood', 'sheep', 'wheat', 'ore']",resource,Which resource would you like to trade (give away): ,brick
bot,"['brick', 'wood', 'sheep', 'wheat', 'ore']",resource,Which resource would you like to receive: ,sheep
bot,"[1, 2, 3]",int,"Player Trade (1), Bank/Port Trade (2), Cancel (3): ",1
bot,"['brick', 'wood', 'sheep', 'wheat', 'ore']",resource,Which resource would you like to trade (give away): ,sheep
bot,"[1, 2, 3, 4]",int,How many would you like to trade: ,4
bot,"['brick', 'wood', 'sheep', 'wheat', 'ore']",resource,Which resource would you like to trade: ,ore
bot,"[1, 2, 3]",int,How many would you like to trade: ,2
bot,"['Y', 'N']",action,Red would you like to trade sheep for ore [Y/N]: ,N
bot,"['Y', 'N']",action,Green would you like to trade sheep for ore [Y/N]: ,Y
bot,"[1, 2, 3, 4]",int,"1=Build, 2=Trade, 3=Dev Cards(Play/Select), 4=End: ",2
bot,"[1, 2, 3]",int,"Player Trade (1), Bank/Port Trade (2), Cancel (3): ",2
bot,"['brick', 'wood', 'sheep', 'wheat', 'ore']",resource,Which resource would you like to trade (give away): ,ore
bot,"['brick', 'wood', 'sheep', 'wheat', 'ore']",resource,Which resource would you like to receive: ,wheat
bot,"[1, 2, 3]",int,"Player Trade (1), Bank/Port Trade (2), Cancel (3): ",1
bot,"['brick', 'wood', 'sheep', 'wheat', 'ore']",resource,Which resource would you like to trade (give away): ,brick
bot,"[1, 2, 3, 4]",int,How many would you like to trade: ,2
bot,"['brick', 'wood', 'sheep', 'wheat', 'ore']",resource,Which resource would you like to trade: ,wood
bot,"[1, 2, 3]",int,How many would you like to trade: ,2
bot,"['Y', 'N']",action,Green would you like to trade brick for wood [Y/N]: ,N
bot,"[1, 2, 3, 4]",int,"1=Build, 2=Trade, 3=Dev Cards(Play/Select), 4=End: ",3
bot,"[1, 2, 3]",int,"1=Collect, 2=Play, 3=End:",3
bot,"[1, 2, 3, 4]",int,"1=Build, 2=Trade, 3=Dev Cards(Play/Select), 4=End: ",2
bot,"[1, 2, 3]",int,"Player Trade (1), Bank/Port Trade (2), Cancel (3): ",3
bot,"[1, 2, 3, 4]",int,"1=Build, 2=Trade, 3=Dev Cards(Play/Select), 4=End: ",3
bot,"[1, 2, 3]",int,"1=Collect, 2=Play, 3=End:",2
bot,"[1, 2, 3]",int,"1=Collect, 2=Play, 3=End:",3
bot,"[1, 2, 3, 4]",int,"1=Build, 2=Trade, 3=Dev Cards(Play/Select), 4=End: ",3
bot,"[1, 2, 3]",int,"1=Collect, 2=Play, 3=End:",1
bot,"[1, 2, 3]",int,"1=Collect, 2=Play, 3=End:",3
bot,"[1, 2, 3, 4]",int,"1=Build, 2=Trade, 3=Dev Cards(Play/Select), 4=End: ",2
bot,"[1, 2, 3]",int,"Player Trade (1), Bank/Port Trade (2), Cancel (3): ",2
bot,"['brick', 'wood', 'sheep', 'wheat', 'ore']",resource,Which resource would you like to trade (give away): ,wood
bot,"['brick', 'wood', 'sheep', 'wheat', 'ore']",resource,Which resource would you like to receive: ,brick
bot,"[1, 2, 3]",int,"Player Trade (1), Bank/Port Trade (2), Cancel (3): ",2
bot,"['brick', 'wood', 'sheep', 'wheat', 'ore']",resource,Which resource would you like to trade (give away): ,brick
bot,"['brick', 'wood', 'sheep', 'wheat', 'ore']",resource,Which resource would you like to receive: ,ore
bot,"[1, 2, 3]",int,"Player Trade (1), Bank/Port Trade (2), Cancel (3): ",1
bot,"['brick', 'wood', 'sheep', 'wheat', 'ore']",resource,Which resource would you like to trade (give away): ,brick
bot,"[1, 2, 3, 4]",int,How many would you like to trade: ,2
bot,"['brick', 'wood', 'sheep', 'wheat', 'ore']",resource,Which resource would you like to trade: ,wood
bot,"[1, 2, 3]",int,How many would you like to trade: ,1
bot,"['Y', 'N']",action,Blue would you like to trade brick for wood [Y/N]: ,Y
bot,"['Y', 'N']",action,Green would you like to trade brick for wood [Y/N]: ,Y
bot,"[1, 2, 3, 4]",int,"1=Build, 2=Trade, 3=Dev Cards(Play/Select), 4=End: ",3
bot,"[1, 2, 3]",int,"1=Collect, 2=Play, 3=End:",1
bot,"[1, 2, 3]",int,"1=Collect, 2=Play, 3=End:",1
bot,"[1, 2, 3]",int,"1=Collect, 2=Play, 3=End:",3
bot,"[1, 2, 3, 4]",int,"1=Build, 2=Trade, 3=Dev Cards(Play/Select), 4=End: ",2
bot,"[1, 2, 3]",int,"Player Trade (1), Bank/Port Trade (2), Cancel (3): ",2
bot,"['brick', 'wood', 'sheep', 'wheat', 'ore']",resource,Which resource would you like to trade (give away): ,ore
bot,"['brick', 'wood', 'sheep', 'wheat', 'ore']",resource,Which resource would you like to receive: ,ore
bot,"[1, 2, 3]",int,"Player Trade (1), Bank/Port Trade (2), Cancel (3): ",2
bot,"['brick', 'wood', 'sheep', 'wheat', 'ore']",resource,Which resource would you like to trade (give away): ,wheat
bot,"['brick', 'wood', 'sheep', 'wheat', 'ore']",resource,Which resource would you like to receive: ,brick
bot,"[1, 2, 3]",int,"Player Trade (1), Bank/Port Trade (2), Cancel (3): ",3
bot,"[1, 2, 3, 4]",int,"1=Build, 2=Trade, 3=Dev Cards(Play/Select), 4=End: ",4
bot,"[1, 2, 3, 4]",int,"1=Build, 2=Trade, 3=Dev Cards(Play/Select), 4=End: ",4
bot,"[1, 2, 3, 4]",int,"1=Build, 2=Trade, 3=Dev Cards(Play/Select), 4=End: ",4
bot,"[1, 2, 3, 4]",int,"1=Build, 2=Trade, 3=Dev Cards(Play/Select), 4=End: ",1
bot,"[1, 2, 3, 4]",int,"1=Settlement, 2=City, 3=Road, 4=End: ",1
bot,"[1, 2, 3, 4]",int,"1=Settlement, 2=City, 3=Road, 4=End: ",4
bot,"[1, 2, 3, 4]",int,"1=Build, 2=Trade, 3=Dev Cards(Play/Select), 4=End: ",4
bot,"range(0, 18)",int,Choosen a Tile [0-18] to move the Robber to: ,10
bot,"['Green', 'Blue']",player,"Choose a player to steal from {'Green', 'Blue'}: ",Blue
bot,"['sheep', 'wood', 'wheat', 'ore']",resource,"Which resource would you like to discard: brick, wood, sheep, wheat, ore: ",sheep
bot,"['sheep', 'wood', 'wheat', 'ore']",resource,"Which resource would you like to discard: brick, wood, sheep, wheat, ore: ",sheep
bot,"['sheep', 'wood', 'wheat', 'ore']",resource,"Which resource would you like to discard: brick, wood, sheep, wheat, ore: ",ore
bot,"['sheep', 'wood', 'wheat', 'ore']",resource,"Which resource would you like to discard: brick, wood, sheep, wheat, ore: ",ore
bot,"['sheep', 'wood', 'wheat', 'ore']",resource,"Which resource would you like to discard: brick, wood, sheep, wheat, ore: ",ore
bot,"['sheep', 'wood', 'wheat', 'ore']",resource,"Which resource would you like to discard: brick, wood, sheep, wheat, ore: ",wood
bot,"['sheep', 'wood', 'wheat', 'ore']",resource,"Which resource would you like to discard: brick, wood, sheep, wheat, ore: ",wood
bot,"['sheep', 'wood', 'wheat', 'ore']",resource,"Which resource would you like to discard: brick, wood, sheep, wheat, ore: ",wheat
bot,"['sheep', 'wood', 'wheat', 'ore']",resource,"Which resource would you like to discard: brick, wood, sheep, wheat, ore: ",sheep
bot,"['sheep', 'wood', 'wheat', 'ore']",resource,"Which resource would you like to discard: brick, wood, sheep, wheat, ore: ",sheep
bot,"['sheep', 'wood', 'wheat', 'ore']",resource,"Which resource would you like to discard: brick, wood, sheep, wheat, ore: ",wheat
bot,"['sheep', 'wood', 'wheat', 'ore']",resource,"Which resource would you like to discard: brick, wood, sheep, wheat, ore: ",wood
bot,"['sheep', 'wood', 'wheat', 'ore']",resource,"Which resource would you like to discard: brick, wood, sheep, wheat, ore: ",wheat
bot,"['sheep', 'wood', 'wheat', 'ore']",resource,"Which resource would you like to discard: brick, wood, sheep, wheat, ore: ",ore
bot,"['sheep', 'wood', 'wheat', 'ore']",resource,"Which resource would you like to discard: brick, wood, sheep, wheat, ore: ",sheep
bot,"['sheep', 'wood', 'wheat', 'ore']",resource,"Which resource would you like to discard: brick, wood, sheep, wheat, ore: ",sheep
bot,"['sheep', 'wood', 'wheat', 'ore']",resource,"Which resource would you like to discard: brick, wood, sheep, wheat, ore: ",sheep
bot,"['sheep', 'wood', 'wheat', 'ore']",resource,"Which resource would you like to discard: brick, wood, sheep, wheat, ore: ",ore
bot,"['sheep', 'wood', 'wheat', 'ore']",resource,"Which resource would you like to discard: brick, wood, sheep, wheat, ore: ",ore
bot,"['sheep', 'wood', 'wheat', 'ore']",resource,"Which resource would you like to discard: brick, wood, sheep, wheat, ore: ",wheat
bot,"['sheep', 'wood', 'wheat', 'ore']",resource,"Which resource would you like to discard: brick, wood, sheep, wheat, ore: ",wheat
bot,"['sheep', 'wood', 'wheat', 'ore']",resource,"Which resource would you like to discard: brick, wood, sheep, wheat, ore: ",sheep
bot,"['wood', 'wheat', 'ore']",resource,"Which resource would you like to discard: brick, wood, sheep, wheat, ore: ",ore
bot,"['wood', 'wheat', 'ore']",resource,"Which resource would you like to discard: brick, wood, sheep, wheat, ore: ",ore
bot,"['wood', 'wheat', 'ore']",resource,"Which resource would you like to discard: brick, wood, sheep, wheat, ore: ",ore
bot,"['ore', 'sheep', 'wheat', 'wood', 'brick']",resource,"Which resource would you like to discard: brick, wood, sheep, wheat, ore: ",wheat
bot,"['ore', 'sheep', 'wheat', 'wood', 'brick']",resource,"Which resource would you like to discard: brick, wood, sheep, wheat, ore: ",wheat
bot,"['ore', 'sheep', 'wheat', 'wood', 'brick']",resource,"Which resource would you like to discard: brick, wood, sheep, wheat, ore: ",ore
bot,"['ore', 'sheep', 'wheat', 'wood', 'brick']",resource,"Which resource would you like to discard: brick, wood, sheep, wheat, ore: ",brick
bot,"['ore', 'sheep', 'wheat', 'wood', 'brick']",resource,"Which resource would you like to discard: brick, wood, sheep, wheat, ore: ",sheep
bot,"['wood', 'wheat', 'ore', 'brick']",resource,"Which resource would you like to discard: brick, wood, sheep, wheat, ore: ",wheat
bot,"['wood', 'wheat', 'ore', 'brick']",resource,"Which resource would you like to discard: brick, wood, sheep, wheat, ore: ",wheat
bot,"['wood', 'wheat', 'ore', 'brick']",resource,"Which resource would you like to discard: brick, wood, sheep, wheat, ore: ",brick
bot,"[1, 2, 3, 4]",int,"1=Build, 2=Trade, 3=Dev Cards(Play/Select), 4=End: ",2
bot,"[1, 2, 3]",int,"Player Trade (1), Bank/Port Trade (2), Cancel (3): ",3
bot,"[1, 2, 3, 4]",int,"1=Build, 2=Trade, 3=Dev Cards(Play/Select), 4=End: ",1
bot,"[1, 2, 3, 4]",int,"1=Settlement, 2=City, 3=Road, 4=End: ",1
bot,"[1, 2, 3, 4]",int,"1=Settlement, 2=City, 3=Road, 4=End: ",1
bot,"[1, 2, 3, 4]",int,"1=Settlement, 2=City, 3=Road, 4=End: ",2
bot,"[1, 2, 3, 4]",int,"1=Settlement, 2=City, 3=Road, 4=End: ",4
bot,"[1, 2, 3, 4]",int,"1=Build, 2=Trade, 3=Dev Cards(Play/Select), 4=End: ",1
bot,"[1, 2, 3, 4]",int,"1=Settlement, 2=City, 3=Road, 4=End: ",2
bot,"[1, 2, 3, 4]",int,"1=Settlement, 2=City, 3=Road, 4=End: ",2
bot,"[1, 2, 3, 4]",int,"1=Settlement, 2=City, 3=Road, 4=End: ",4
bot,"[1, 2, 3, 4]",int,"1=Build, 2=Trade, 3=Dev Cards(Play/Select), 4=End: ",1
bot,"[1, 2, 3, 4]",int,"1=Settlement, 2=City, 3=Road, 4=End: ",4
bot,"[1, 2, 3, 4]",int,"1=Build, 2=Trade, 3=Dev Cards(Play/Select), 4=End: ",2
bot,"[1, 2, 3]",int,"Player Trade (1), Bank/Port Trade (2), Cancel (3): ",1
bot,"['brick', 'wood', 'sheep', 'wheat', 'ore']",resource,Which resource would you like to trade (give away): ,sheep
bot,"[1, 2, 3, 4]",int,How many would you like to trade: ,1
bot,"['brick', 'wood', 'sheep', 'wheat', 'ore']",resource,Which resource would you like to trade: ,brick
bot,"[1, 2, 3]",int,How many would you like to trade: ,3
bot,"['Y', 'N']",action,Red would you like to trade sheep for brick [Y/N]: ,N
bot,"[1, 2, 3, 4]",int,"1=Build, 2=Trade, 3=Dev Cards(Play/Select), 4=End: ",3
bot,"[1, 2, 3]",int,"1=Collect, 2=Play, 3=End:",1
bot,"[1, 2, 3]",int,"1=Collect, 2=Play, 3=End:",2
bot,"[1, 2, 3]",int,"1=Collect, 2=Play, 3=End:",3
bot,"[1, 2, 3, 4]",int,"1=Build, 2=Trade, 3=Dev Cards(Play/Select), 4=End: ",1
bot,"[1, 2, 3, 4]",int,"1=Settlement, 2=City, 3=Road, 4=End: ",2
bot,"[1, 2, 3, 4]",int,"1=Settlement, 2=City, 3=Road, 4=End: ",4
bot,"[1, 2, 3, 4]",int,"1=Build, 2=Trade, 3=Dev Cards(Play/Select), 4=End: ",2
bot,"[1, 2, 3]",int,"Player Trade (1), Bank/Port Trade (2), Cancel (3): ",3
bot,"[1, 2, 3, 4]",int,"1=Build, 2=Trade, 3=Dev Cards(Play/Select), 4=End: ",3
bot,"[1, 2, 3]",int,"1=Collect, 2=Play, 3=End:",2
bot,"[1, 2, 3]",int,"1=Collect, 2=Play, 3=End:",2
bot,"[1, 2, 3]",int,"1=Collect, 2=Play, 3=End:",1
bot,"[1, 2, 3]",int,"1=Collect, 2=Play, 3=End:",1
bot,"[1, 2, 3]",int,"1=Collect, 2=Play, 3=End:",2
bot,"[1, 2, 3]",int,"1=Collect, 2=Play, 3=End:",2
bot,"[1, 2, 3]",int,"1=Collect, 2=Play, 3=End:",1
bot,"[1, 2, 3]",int,"1=Collect, 2=Play, 3=End:",1
bot,"[1, 2, 3]",int,"1=Collect, 2=Play, 3=End:",2
bot,"[1, 2, 3]",int,"1=Collect, 2=Play, 3=End:",3
bot,"[1, 2, 3, 4]",int,"1=Build, 2=Trade, 3=Dev Cards(Play/Select), 4=End: ",3
bot,"[1, 2, 3]",int,"1=Collect, 2=Play, 3=End:",2
bot,"[1, 2, 3]",int,"1=Collect, 2=Play, 3=End:",3
bot,"[1, 2, 3, 4]",int,"1=Build, 2=Trade, 3=Dev Cards(Play/Select), 4=End: ",1
bot,"[1, 2, 3, 4]",int,"1=Settlement, 2=City, 3=Road, 4=End: ",4
bot,"[1, 2, 3, 4]",int,"1=Build, 2=Trade, 3=Dev Cards(Play/Select), 4=End: ",2
bot,"[1, 2, 3]",int,"Player Trade (1), Bank/Port Trade (2), Cancel (3): ",3
bot,"[1, 2, 3, 4]",int,"1=Build, 2=Trade, 3=Dev Cards(Play/Select), 4=End: ",4
bot,"[1, 2, 3, 4]",int,"1=Build, 2=Trade, 3=Dev Cards(Play/Select), 4=End: ",1
bot,"[1, 2, 3, 4]",int,"1=Settlement, 2=City, 3=Road, 4=End: ",2
bot,"[1, 2, 3, 4]",int,"1=Settlement, 2=City, 3=Road, 4=End: ",1
bot,"[1, 2, 3, 4]",int,"1=Settlement, 2=City, 3=Road, 4=End: ",1
bot,"[1, 2, 3, 4]",int,"1=Settlement, 2=City, 3=Road, 4=End: ",1
bot,"[1, 2, 3, 4]",int,"1=Settlement, 2=City, 3=Road, 4=End: ",3
bot,"[1, 2, 3, 4]",int,"1=Settlement, 2=City, 3=Road, 4=End: ",2
bot,"[1, 2, 3, 4]",int,"1=Settlement, 2=City, 3=Road, 4=End: ",2
bot,"[1, 2, 3, 4]",int,"1=Settlement, 2=City, 3=Road, 4=End: ",2
bot,"[1, 2, 3, 4]",int,"1=Settlement, 2=City, 3=Road, 4=End: ",2
bot,"[1, 2, 3, 4]",int,"1=Settlement, 2=City, 3=Road, 4=End: ",2
bot,"[1, 2, 3, 4]",int,"1=Settlement, 2=City, 3=Road, 4=End: ",2
bot,"[1, 2, 3, 4]",int,"1=Settlement, 2=City, 3=Road, 4=End: ",3
bot,"[1, 2, 3, 4]",int,"1=Settlement, 2=City, 3=Road, 4=End: ",2
bot,"[1, 2, 3, 4]",int,"1=Settlement, 2=City, 3=Road, 4=End: ",4
bot,"[1, 2, 3, 4]",int,"1=Build, 2=Trade, 3=Dev Cards(Play/Select), 4=End: ",1
bot,"[1, 2, 3, 4]",int,"1=Settlement, 2=City, 3=Road, 4=End: ",1
bot,"[1, 2, 3, 4]",int,"1=Settlement, 2=City, 3=Road, 4=End: ",4
bot,"[1, 2, 3, 4]",int,"1=Build, 2=Trade, 3=Dev Cards(Play/Select), 4=End: ",4
bot,"[1, 2, 3, 4]",int,"1=Build, 2=Trade, 3=Dev Cards(Play/Select), 4=End: ",1
bot,"[1, 2, 3, 4]",int,"1=Settlement, 2=City, 3=Road, 4=End: ",1
bot,"[1, 2, 3, 4]",int,"1=Settlement, 2=City, 3=Road, 4=End: ",2
bot,"[18, 34]",int,Choose city location - [0-53]:,18
bot,"[1, 2, 3, 4]",int,"1=Settlement, 2=City, 3=Road, 4=End: ",4
bot,"[1, 2, 3, 4]",int,"1=Build, 2=Trade, 3=Dev Cards(Play/Select), 4=End: ",3
bot,"[1, 2, 3]",int,"1=Collect, 2=Play, 3=End:",3
bot,"[1, 2, 3, 4]",int,"1=Build, 2=Trade, 3=Dev Cards(Play/Select), 4=End: ",3
bot,"[1, 2, 3]",int,"1=Collect, 2=Play, 3=End:",2
bot,['knight'],card,"Which dev card would you like to play from - [Monopoly(color=None, played=True, player=None, name='monopoly'), Knight(color=None, played=True, player=None, name='knight'), VictoryPoint(color=None, played=True, player=None, name='victory_point'), Knight(color=None, played=False, player=None, name='knight')]: ",knight
bot,"range(0, 18)",int,Choosen a Tile [0-18] to move the Robber to: ,7
bot,"[1, 2, 3, 4]",int,"1=Build, 2=Trade, 3=Dev Cards(Play/Select), 4=End: ",3
bot,"[1, 2, 3]",int,"1=Collect, 2=Play, 3=End:",3
bot,"[1, 2, 3, 4]",int,"1=Build, 2=Trade, 3=Dev Cards(Play/Select), 4=End: ",1
bot,"[1, 2, 3, 4]",int,"1=Settlement, 2=City, 3=Road, 4=End: ",2
bot,"[1, 2, 3, 4]",int,"1=Settlement, 2=City, 3=Road, 4=End: ",1
bot,"[1, 2, 3, 4]",int,"1=Settlement, 2=City, 3=Road, 4=End: ",1
bot,"[1, 2, 3, 4]",int,"1=Settlement, 2=City, 3=Road, 4=End: ",1
bot,"[1, 2, 3, 4]",int,"1=Settlement, 2=City, 3=Road, 4=End: ",3
bot,"[1, 2, 3, 4]",int,"1=Settlement, 2=City, 3=Road, 4=End: ",1
bot,"[1, 2, 3, 4]",int,"1=Settlement, 2=City, 3=Road, 4=End: ",4
bot,"[1, 2, 3, 4]",int,"1=Build, 2=Trade, 3=Dev Cards(Play/Select), 4=End: ",2
bot,"[1, 2, 3]",int,"Player Trade (1), Bank/Port Trade (2), Cancel (3): ",3
bot,"[1, 2, 3, 4]",int,"1=Build, 2=Trade, 3=Dev Cards(Play/Select), 4=End: ",4
bot,"[1, 2, 3, 4]",int,"1=Build, 2=Trade, 3=Dev Cards(Play/Select), 4=End: ",3
bot,"[1, 2, 3]",int,"1=Collect, 2=Play, 3=End:",1
bot,"[1, 2, 3]",int,"1=Collect, 2=Play, 3=End:",2
bot,['monopoly'],card,"Which dev card would you like to play from - [RoadBuilding(color=None, played=True, player=None, name='road_building'), Knight(color=None, played=True, player=None, name='knight'), YearOfPlenty(color=None, played=True, player=None, name='year_of_plenty'), VictoryPoint(color=None, played=True, player=None, name='victory_point'), VictoryPoint(color=None, played=True, player=None, name='victory_point'), Knight(color=None, played=True, player=None, name='knight'), Knight(color=None, played=True, player=None, name='knight'), Knight(color=None, played=True, player=None, name='knight'), Knight(color=None, played=True, player=None, name='knight'), VictoryPoint(color=None, played=True, player=None, name='victory_point'), VictoryPoint(color=None, played=True, player=None, name='victory_point'), RoadBuilding(color=None, played=True, player=None, name='road_building'), Monopoly(color=None, played=False, player=None, name='monopoly')]: ",monopoly
bot,"['brick', 'ore', 'sheep', 'wheat', 'wood']",resource,Which resource would you like to monopolize: ,sheep
bot,"[1, 2, 3, 4]",int,"1=Build, 2=Trade, 3=Dev Cards(Play/Select), 4=End: ",4
bot,"[1, 2, 3, 4]",int,"1=Build, 2=Trade, 3=Dev Cards(Play/Select), 4=End: ",4
bot,"[1, 2, 3, 4]",int,"1=Build, 2=Trade, 3=Dev Cards(Play/Select), 4=End: ",4
bot,"[1, 2, 3, 4]",int,"1=Build, 2=Trade, 3=Dev Cards(Play/Select), 4=End: ",4
bot,"range(0, 18)",int,Choosen a Tile [0-18] to move the Robber to: ,17
bot,['Yellow'],player,Choose a player to steal from {'Yellow'}: ,Yellow
bot,"['sheep', 'wood', 'wheat', 'ore']",resource,"Which resource would you like to discard: brick, wood, sheep, wheat, ore: ",ore
bot,"['sheep', 'wood', 'wheat', 'ore']",resource,"Which resource would you like to discard: brick, wood, sheep, wheat, ore: ",ore
bot,"['sheep', 'wood', 'wheat', 'ore']",resource,"Which resource would you like to discard: brick, wood, sheep, wheat, ore: ",wood
bot,"['sheep', 'wood', 'wheat', 'ore']",resource,"Which resource would you like to discard: brick, wood, sheep, wheat, ore: ",sheep
bot,"['sheep', 'wood', 'wheat', 'ore']",resource,"Which resource would you like to discard: brick, wood, sheep, wheat, ore: ",wheat
bot,"['sheep', 'wood', 'wheat', 'ore']",resource,"Which resource would you like to discard: brick, wood, sheep, wheat, ore: ",wheat
bot,"['sheep', 'wood', 'wheat', 'ore']",resource,"Which resource would you like to discard: brick, wood, sheep, wheat, ore: ",wheat
bot,"['sheep', 'wood', 'wheat', 'ore']",resource,"Which resource would you like to discard: brick, wood, sheep, wheat, ore: ",ore
bot,"['sheep', 'wood', 'wheat', 'ore']",resource,"Which resource would you like to discard: brick, wood, sheep, wheat, ore: ",sheep
bot,"['sheep', 'wood', 'wheat', 'ore']",resource,"Which resource would you like to discard: brick, wood, sheep, wheat, ore: ",wood
bot,"['sheep', 'wood', 'wheat', 'ore']",resource,"Which resource would you like to discard: brick, wood, sheep, wheat, ore: ",sheep
bot,"['sheep', 'wood', 'wheat', 'ore']",resource,"Which resource would you like to discard: brick, wood, sheep, wheat, ore: ",wood
bot,"['sheep', 'wheat', 'ore']",resource,"Which resource would you like to discard: brick, wood, sheep, wheat, ore: ",ore
bot,"['sheep', 'wheat', 'ore']",resource,"Which resource would you like to discard: brick, wood, sheep, wheat, ore: ",sheep
bot,"['sheep', 'wheat', 'ore']",resource,"Which resource would you like to discard: brick, wood, sheep, wheat, ore: ",sheep
bot,"['wheat', 'ore']",resource,"Which resource would you like to discard: brick, wood, sheep, wheat, ore: ",wheat
bot,"['wheat', 'ore']",resource,"Which resource would you like to discard: brick, wood, sheep, wheat, ore: ",wheat
bot,"['wheat', 'ore']",resource,"Which resource would you like to discard: brick, wood, sheep, wheat, ore: ",ore
bot,"['wheat', 'ore']",resource,"Which resource would you like to discard: brick, wood, sheep, wheat, ore: ",wheat
bot,"[1, 2, 3, 4]",int,"1=Build, 2=Trade, 3=Dev Cards(Play/Select), 4=End: ",1
bot,"[1, 2, 3, 4]",int,"1=Settlement, 2=City, 3=Road, 4=End: ",3
bot,"[1, 2, 3, 4]",int,"1=Settlement, 2=City, 3=Road, 4=End: ",4
bot,"[1, 2, 3, 4]",int,"1=Build, 2=Trade, 3=Dev Cards(Play/Select), 4=End: ",4
bot,"[1, 2, 3, 4]",int,"1=Build, 2=Trade, 3=Dev Cards(Play/Select), 4=End: ",2
bot,"[1, 2, 3]",int,"Player Trade (1), Bank/Port Trade (2), Cancel (3): ",2
bot,"['brick', 'wood', 'sheep', 'wheat', 'ore']",resource,Which resource would you like to trade (give away): ,wheat
bot,"['brick', 'wood', 'sheep', 'wheat', 'ore']",resource,Which resource would you like to receive: ,brick
bot,"[1, 2, 3]",int,"Player Trade (1), Bank/Port Trade (2), Cancel (3): ",1
bot,"['brick', 'wood', 'sheep', 'wheat', 'ore']",resource,Which resource would you like to trade (give away): ,sheep
bot,"[1, 2, 3, 4]",int,How many would you like to trade: ,2
bot,"['brick', 'wood', 'sheep', 'wheat', 'ore']",resource,Which resource would you like to trade: ,ore
bot,"[1, 2, 3]",int,How many would you like to trade: ,3
bot,"['Y', 'N']",action,Red would you like to trade sheep for ore [Y/N]: ,N
bot,"[1, 2, 3, 4]",int,"1=Build, 2=Trade, 3=Dev Cards(Play/Select), 4=End: ",4
bot,"[1, 2, 3, 4]",int,"1=Build, 2=Trade, 3=Dev Cards(Play/Select), 4=End: ",1
bot,"[1, 2, 3, 4]",int,"1=Settlement, 2=City, 3=Road, 4=End: ",2
bot,"[1, 2, 3, 4]",int,"1=Settlement, 2=City, 3=Road, 4=End: ",2
bot,"[1, 2, 3, 4]",int,"1=Settlement, 2=City, 3=Road, 4=End: ",1
bot,"[1, 2, 3, 4]",int,"1=Settlement, 2=City, 3=Road, 4=End: ",1
bot,"[1, 2, 3, 4]",int,"1=Settlement, 2=City, 3=Road, 4=End: ",4
bot,"[1, 2, 3, 4]",int,"1=Build, 2=Trade, 3=Dev Cards(Play/Select), 4=End: ",1
bot,"[1, 2, 3, 4]",int,"1=Settlement, 2=City, 3=Road, 4=End: ",3
bot,"[1, 2, 3, 4]",int,"1=Settlement, 2=City, 3=Road, 4=End: ",3
bot,"[1, 2, 3, 4]",int,"1=Settlement, 2=City, 3=Road, 4=End: ",2
bot,"[1, 2, 3, 4]",int,"1=Settlement, 2=City, 3=Road, 4=End: ",2
bot,"[1, 2, 3, 4]",int,"1=Settlement, 2=City, 3=Road, 4=End: ",3
bot,"[1, 2, 3, 4]",int,"1=Settlement, 2=City, 3=Road, 4=End: ",3
bot,"[1, 2, 3, 4]",int,"1=Settlement, 2=City, 3=Road, 4=End: ",3
bot,"[1, 2, 3, 4]",int,"1=Settlement, 2=City, 3=Road, 4=End: ",4
bot,"[1, 2, 3, 4]",int,"1=Build, 2=Trade, 3=Dev Cards(Play/Select), 4=End: ",1
bot,"[1, 2, 3, 4]",int,"1=Settlement, 2=City, 3=Road, 4=End: ",4
bot,"[1, 2, 3, 4]",int,"1=Build, 2=Trade, 3=Dev Cards(Play/Select), 4=End: ",2
bot,"[1, 2, 3]",int,"Player Trade (1), Bank/Port Trade (2), Cancel (3): ",3
bot,"[1, 2, 3, 4]",int,"1=Build, 2=Trade, 3=Dev Cards(Play/Select), 4=End: ",1
bot,"[1, 2, 3, 4]",int,"1=Settlement, 2=City, 3=Road, 4=End: ",1
bot,"[1, 2, 3, 4]",int,"1=Build, 2=Trade, 3=Dev Cards(Play/Select), 4=End: ",4
bot,"[1, 2, 3, 4]",int,"1=Build, 2=Trade, 3=Dev Cards(Play/Select), 4=End: ",4
bot,"range(0, 18)",int,Choosen a Tile [0-18] to move the Robber to: ,5
bot,['Yellow'],player,Choose a player to steal from {'Yellow'}: ,Yellow
bot,"[1, 2, 3, 4]",int,"1=Build, 2=Trade, 3=Dev Cards(Play/Select), 4=End: ",2
bot,"[1, 2, 3]",int,"Player Trade (1), Bank/Port Trade (2), Cancel (3): ",2
bot,"['brick', 'wood', 'sheep', 'wheat', 'ore']",resource,Which resource would you like to trade (give away): ,ore
bot,"['brick', 'wood', 'sheep', 'wheat', 'ore']",resource,Which resource would you like to receive: ,sheep
bot,"[1, 2, 3]",int,"Player Trade (1), Bank/Port Trade (2), Cancel (3): ",1
bot,"['brick', 'wood', 'sheep', 'wheat', 'ore']",resource,Which resource would you like to trade (give away): ,wheat
bot,"[1, 2, 3, 4]",int,How many would you like to trade: ,1
bot,"['brick', 'wood', 'sheep', 'wheat', 'ore']",resource,Which resource would you like to trade: ,brick
bot,"[1, 2, 3]",int,How many would you like to trade: ,3
bot,"[1, 2, 3, 4]",int,"1=Build, 2=Trade, 3=Dev Cards(Play/Select), 4=End: ",2
bot,"[1, 2, 3]",int,"Player Trade (1), Bank/Port Trade (2), Cancel (3): ",1
bot,"['brick', 'wood', 'sheep', 'wheat', 'ore']",resource,Which resource would you like to trade (give away): ,wood
bot,"[1, 2, 3, 4]",int,How many would you like to trade: ,2
bot,"['brick', 'wood', 'sheep', 'wheat', 'ore']",resource,Which resource would you like to trade: ,brick
bot,"[1, 2, 3]",int,How many would you like to trade: ,1
bot,"[1, 2, 3, 4]",int,"1=Build, 2=Trade, 3=Dev Cards(Play/Select), 4=End: ",3
bot,"[1, 2, 3]",int,"1=Collect, 2=Play, 3=End:",2
bot,"[1, 2, 3]",int,"1=Collect, 2=Play, 3=End:",3
bot,"[1, 2, 3, 4]",int,"1=Build, 2=Trade, 3=Dev Cards(Play/Select), 4=End: ",4
bot,"range(0, 18)",int,Choosen a Tile [0-18] to move the Robber to: ,12
bot,['Blue'],player,Choose a player to steal from {'Blue'}: ,Blue
bot,"[1, 2, 3, 4]",int,"1=Build, 2=Trade, 3=Dev Cards(Play/Select), 4=End: ",4
bot,"[1, 2, 3, 4]",int,"1=Build, 2=Trade, 3=Dev Cards(Play/Select), 4=End: ",1
bot,"[1, 2, 3, 4]",int,"1=Settlement, 2=City, 3=Road, 4=End: ",4
bot,"[1, 2, 3, 4]",int,"1=Build, 2=Trade, 3=Dev Cards(Play/Select), 4=End: ",2
bot,"[1, 2, 3]",int,"Player Trade (1), Bank/Port Trade (2), Cancel (3): ",2
bot,"['brick', 'wood', 'sheep', 'wheat', 'ore']",resource,Which resource would you like to trade (give away): ,ore
bot,"['brick', 'wood', 'sheep', 'wheat', 'ore']",resource,Which resource would you like to receive: ,sheep
bot,"[1, 2, 3]",int,"Player Trade (1), Bank/Port Trade (2), Cancel (3): ",3
bot,"[1, 2, 3, 4]",int,"1=Build, 2=Trade, 3=Dev Cards(Play/Select), 4=End: ",1
bot,"[1, 2, 3, 4]",int,"1=Settlement, 2=City, 3=Road, 4=End: ",4
bot,"[1, 2, 3, 4]",int,"1=Build, 2=Trade, 3=Dev Cards(Play/Select), 4=End: ",4
bot,"[1, 2, 3, 4]",int,"1=Build, 2=Trade, 3=Dev Cards(Play/Select), 4=End: ",3
bot,"[1, 2, 3]",int,"1=Collect, 2=Play, 3=End:",2
bot,"[1, 2, 3]",int,"1=Collect, 2=Play, 3=End:",1
bot,"[1, 2, 3]",int,"1=Collect, 2=Play, 3=End:",2
bot,"[1, 2, 3]",int,"1=Collect, 2=Play, 3=End:",3
bot,"[1, 2, 3, 4]",int,"1=Build, 2=Trade, 3=Dev Cards(Play/Select), 4=End: ",1
bot,"[1, 2, 3, 4]",int,"1=Settlement, 2=City, 3=Road, 4=End: ",2
bot,"[1, 2, 3, 4]",int,"1=Settlement, 2=City, 3=Road, 4=End: ",4
bot,"[1, 2, 3, 4]",int,"1=Build, 2=Trade, 3=Dev Cards(Play/Select), 4=End: ",3
bot,"[1, 2, 3]",int,"1=Collect, 2=Play, 3=End:",2
bot,"[1, 2, 3]",int,"1=Collect, 2=Play, 3=End:",1
bot,"[1, 2, 3]",int,"1=Collect, 2=Play, 3=End:",2
bot,"[1, 2, 3]",int,"1=Collect, 2=Play, 3=End:",1
bot,"[1, 2, 3]",int,"1=Collect, 2=Play, 3=End:",1
bot,"[1, 2, 3]",int,"1=Collect, 2=Play, 3=End:",1
bot,"[1, 2, 3]",int,"1=Collect, 2=Play, 3=End:",3
bot,"[1, 2, 3, 4]",int,"1=Build, 2=Trade, 3=Dev Cards(Play/Select), 4=End: ",1
bot,"[1, 2, 3, 4]",int,"1=Settlement, 2=City, 3=Road, 4=End: ",1
bot,"[1, 2, 3, 4]",int,"1=Settlement, 2=City, 3=Road, 4=End: ",1
bot,"[1, 2, 3, 4]",int,"1=Settlement, 2=City, 3=Road, 4=End: ",4
bot,"[1, 2, 3, 4]",int,"1=Build, 2=Trade, 3=Dev Cards(Play/Select), 4=End: ",2
bot,"[1, 2, 3]",int,"Player Trade (1), Bank/Port Trade (2), Cancel (3): ",3
bot,"[1, 2, 3, 4]",int,"1=Build, 2=Trade, 3=Dev Cards(Play/Select), 4=End: ",3
bot,"[1, 2, 3]",int,"1=Collect, 2=Play, 3=End:",1
bot,"[1, 2, 3]",int,"1=Collect, 2=Play, 3=End:",2
bot,"[1, 2, 3]",int,"1=Collect, 2=Play, 3=End:",3
bot,"[1, 2, 3, 4]",int,"1=Build, 2=Trade, 3=Dev Cards(Play/Select), 4=End: ",4
bot,"[1, 2, 3, 4]",int,"1=Build, 2=Trade, 3=Dev Cards(Play/Select), 4=End: ",3
bot,"[1, 2, 3]",int,"1=Collect, 2=Play, 3=End:",3
bot,"[1, 2, 3, 4]",int,"1=Build, 2=Trade, 3=Dev Cards(Play/Select), 4=End: ",4
bot,"[1, 2, 3, 4]",int,"1=Build, 2=Trade, 3=Dev Cards(Play/Select), 4=End: ",3
bot,"[1, 2, 3]",int,"1=Collect, 2=Play, 3=End:",3
bot,"[1, 2, 3, 4]",int,"1=Build, 2=Trade, 3=Dev Cards(Play/Select), 4=End: ",1
bot,"[1, 2, 3, 4]",int,"1=Settlement, 2=City, 3=Road, 4=End: ",3
bot,"[1, 2, 3, 4]",int,"1=Settlement, 2=City, 3=Road, 4=End: ",3
bot,"[1, 2, 3, 4]",int,"1=Settlement, 2=City, 3=Road, 4=End: ",2
bot,"[1, 2, 3, 4]",int,"1=Settlement, 2=City, 3=Road, 4=End: ",4
bot,"[1, 2, 3, 4]",int,"1=Build, 2=Trade, 3=Dev Cards(Play/Select), 4=End: ",3
bot,"[1, 2, 3]",int,"1=Collect, 2=Play, 3=End:",1
bot,"[1, 2, 3]",int,"1=Collect, 2=Play, 3=End:",3
bot,"[1, 2, 3, 4]",int,"1=Build, 2=Trade, 3=Dev Cards(Play/Select), 4=End: ",1
bot,"[1, 2, 3, 4]",int,"1=Settlement, 2=City, 3=Road, 4=End: ",3
bot,"[1, 2, 3, 4]",int,"1=Settlement, 2=City, 3=Road, 4=End: ",1
bot,"[1, 2, 3, 4]",int,"1=Settlement, 2=City, 3=Road, 4=End: ",2
bot,"[1, 2, 3, 4]",int,"1=Settlement, 2=City, 3=Road, 4=End: ",3
bot,"[1, 2, 3, 4]",int,"1=Settlement, 2=City, 3=Road, 4=End: ",1
bot,"[1, 2, 3, 4]",int,"1=Settlement, 2=City, 3=Road, 4=End: ",2
bot,"[1, 2, 3, 4]",int,"1=Settlement, 2=City, 3=Road, 4=End: ",3
bot,"[1, 2, 3, 4]",int,"1=Settlement, 2=City, 3=Road, 4=End: ",4
bot,"[1, 2, 3, 4]",int,"1=Build, 2=Trade, 3=Dev Cards(Play/Select), 4=End: ",3
bot,"[1, 2, 3]",int,"1=Collect, 2=Play, 3=End:",3
bot,"[1, 2, 3, 4]",int,"1=Build, 2=Trade, 3=Dev Cards(Play/Select), 4=End: ",2
bot,"[1, 2, 3]",int,"Player Trade (1), Bank/Port Trade (2), Cancel (3): ",2
bot,"['brick', 'wood', 'sheep', 'wheat', 'ore']",resource,Which resource would you like to trade (give away): ,wheat
bot,"['brick', 'wood', 'sheep', 'wheat', 'ore']",resource,Which resource would you like to receive: ,wood
bot,"[1, 2, 3]",int,"Player Trade (1), Bank/Port Trade (2), Cancel (3): ",2
bot,"['brick', 'wood', 'sheep', 'wheat', 'ore']",resource,Which resource would you like to trade (give away): ,ore
bot,"['brick', 'wood', 'sheep', 'wheat', 'ore']",resource,Which resource would you like to receive: ,sheep
bot,"[1, 2, 3]",int,"Player Trade (1), Bank/Port Trade (2), Cancel (3): ",2
bot,"['brick', 'wood', 'sheep', 'wheat', 'ore']",resource,Which resource would you like to trade (give away): ,wood
bot,"['brick', 'wood', 'sheep', 'wheat', 'ore']",resource,Which resource would you like to receive: ,wheat
bot,"[1, 2, 3]",int,"Player Trade (1), Bank/Port Trade (2), Cancel (3): ",1
bot,"['brick', 'wood', 'sheep', 'wheat', 'ore']",resource,Which resource would you like to trade (give away): ,wood
bot,"[1, 2, 3, 4]",int,How many would you like to trade: ,1
bot,"['brick', 'wood', 'sheep', 'wheat', 'ore']",resource,Which resource would you like to trade: ,wheat
bot,"[1, 2, 3]",int,How many would you like to trade: ,3
bot,"[1, 2, 3, 4]",int,"1=Build, 2=Trade, 3=Dev Cards(Play/Select), 4=End: ",3
bot,"[1, 2, 3]",int,"1=Collect, 2=Play, 3=End:",1
bot,"[1, 2, 3]",int,"1=Collect, 2=Play, 3=End:",2
bot,"[1, 2, 3]",int,"1=Collect, 2=Play, 3=End:",3
bot,"[1, 2, 3, 4]",int,"1=Build, 2=Trade, 3=Dev Cards(Play/Select), 4=End: ",1
bot,"[1, 2, 3, 4]",int,"1=Settlement, 2=City, 3=Road, 4=End: ",3
bot,"[1, 2, 3, 4]",int,"1=Settlement, 2=City, 3=Road, 4=End: ",2
bot,"[1, 2, 3, 4]",int,"1=Settlement, 2=City, 3=Road, 4=End: ",3
bot,"[1, 2, 3, 4]",int,"1=Settlement, 2=City, 3=Road, 4=End: ",2
bot,"[1, 2, 3, 4]",int,"1=Settlement, 2=City, 3=Road, 4=End: ",1
bot,"[1, 2, 3, 4]",int,"1=Settlement, 2=City, 3=Road, 4=End: ",1
bot,"[1, 2, 3, 4]",int,"1=Settlement, 2=City, 3=Road, 4=End: ",1
bot,"[1, 2, 3, 4]",int,"1=Settlement, 2=City, 3=Road, 4=End: ",4
bot,"[1, 2, 3, 4]",int,"1=Build, 2=Trade, 3=Dev Cards(Play/Select), 4=End: ",1
bot,"[1, 2, 3, 4]",int,"1=Settlement, 2=City, 3=Road, 4=End: ",1
bot,"[1, 2, 3, 4]",int,"1=Settlement, 2=City, 3=Road, 4=End: ",1
bot,"[1, 2, 3, 4]",int,"1=Settlement, 2=City, 3=Road, 4=End: ",4
bot,"[1, 2, 3, 4]",int,"1=Build, 2=Trade, 3=Dev Cards(Play/Select), 4=End: ",1
bot,"[1, 2, 3, 4]",int,"1=Settlement, 2=City, 3=Road, 4=End: ",2
bot,"[1, 2, 3, 4]",int,"1=Settlement, 2=City, 3=Road, 4=End: ",3
bot,"[1, 2, 3, 4]",int,"1=Settlement, 2=City, 3=Road, 4=End: ",1
bot,"[1, 2, 3, 4]",int,"1=Settlement, 2=City, 3=Road, 4=End: ",4
bot,"[1, 2, 3, 4]",int,"1=Build, 2=Trade, 3=Dev Cards(Play/Select), 4=End: ",1
bot,"[1, 2, 3, 4]",int,"1=Settlement, 2=City, 3=Road, 4=End: ",3
bot,"[1, 2, 3, 4]",int,"1=Settlement, 2=City, 3=Road, 4=End: ",1
bot,"[1, 2, 3, 4]",int,"1=Settlement, 2=City, 3=Road, 4=End: ",2
bot,"[1, 2, 3, 4]",int,"1=Settlement, 2=City, 3=Road, 4=End: ",2
bot,"[1, 2, 3, 4]",int,"1=Settlement, 2=City, 3=Road, 4=End: ",3
bot,"[1, 2, 3, 4]",int,"1=Settlement, 2=City, 3=Road, 4=End: ",1
bot,"[1, 2, 3, 4]",int,"1=Settlement, 2=City, 3=Road, 4=End: ",1
bot,"[1, 2, 3, 4]",int,"1=Settlement, 2=City, 3=Road, 4=End: ",2
bot,"[1, 2, 3, 4]",int,"1=Settlement, 2=City, 3=Road, 4=End: ",4
bot,"[1, 2, 3, 4]",int,"1=Build, 2=Trade, 3=Dev Cards(Play/Select), 4=End: ",1
bot,"[1, 2, 3, 4]",int,"1=Settlement, 2=City, 3=Road, 4=End: ",4
bot,"[1, 2, 3, 4]",int,"1=Build, 2=Trade, 3=Dev Cards(Play/Select), 4=End: ",2
bot,"[1, 2, 3]",int,"Player Trade (1), Bank/Port Trade (2), Cancel (3): ",1
bot,"['brick', 'wood', 'sheep', 'wheat', 'ore']",resource,Which resource would you like to trade (give away): ,wood
bot,"[1, 2, 3, 4]",int,How many would you like to trade: ,3
bot,"['brick', 'wood', 'sheep', 'wheat', 'ore']",resource,Which resource would you like to trade: ,brick
bot,"[1, 2, 3]",int,How many would you like to trade: ,2
bot,"[1, 2, 3, 4]",int,"1=Build, 2=Trade, 3=Dev Cards(Play/Select), 4=End: ",1
bot,"[1, 2, 3, 4]",int,"1=Settlement, 2=City, 3=Road, 4=End: ",4
bot,"[1, 2, 3, 4]",int,"1=Build, 2=Trade, 3=Dev Cards(Play/Select), 4=End: ",3
bot,"[1, 2, 3]",int,"1=Collect, 2=Play, 3=End:",1
bot,"[1, 2, 3]",int,"1=Collect, 2=Play, 3=End:",2
bot,"[1, 2, 3]",int,"1=Collect, 2=Play, 3=End:",2
bot,"[1, 2, 3]",int,"1=Collect, 2=Play, 3=End:",2
bot,"[1, 2, 3]",int,"1=Collect, 2=Play, 3=End:",3
bot,"[1, 2, 3, 4]",int,"1=Build, 2=Trade, 3=Dev Cards(Play/Select), 4=End: ",3
bot,"[1, 2, 3]",int,"1=Collect, 2=Play, 3=End:",3
bot,"[1, 2, 3, 4]",int,"1=Build, 2=Trade, 3=Dev Cards(Play/Select), 4=End: ",2
bot,"[1, 2, 3]",int,"Player Trade (1), Bank/Port Trade (2), Cancel (3): ",3
bot,"[1, 2, 3, 4]",int,"1=Build, 2=Trade, 3=Dev Cards(Play/Select), 4=End: ",4
bot,"[1, 2, 3, 4]",int,"1=Build, 2=Trade, 3=Dev Cards(Play/Select), 4=End: ",4
bot,"[1, 2, 3, 4]",int,"1=Build, 2=Trade, 3=Dev Cards(Play/Select), 4=End: ",3
bot,"[1, 2, 3]",int,"1=Collect, 2=Play, 3=End:",2
bot,"[1, 2, 3]",int,"1=Collect, 2=Play, 3=End:",2
bot,"[1, 2, 3]",int,"1=Collect, 2=Play, 3=End:",1
bot,"[1, 2, 3]",int,"1=Collect, 2=Play, 3=End:",2
bot,"[1, 2, 3]",int,"1=Collect, 2=Play, 3=End:",1
bot,"[1, 2, 3]",int,"1=Collect, 2=Play, 3=End:",1
bot,"[1, 2, 3]",int,"1=Collect, 2=Play, 3=End:",1
bot,"[1, 2, 3]",int,"1=Collect, 2=Play, 3=End:",1
bot,"[1, 2, 3]",int,"1=Collect, 2=Play, 3=End:",2
bot,"[1, 2, 3]",int,"1=Collect, 2=Play, 3=End:",2
bot,"[1, 2, 3]",int,"1=Collect, 2=Play, 3=End:",3
bot,"[1, 2, 3, 4]",int,"1=Build, 2=Trade, 3=Dev Cards(Play/Select), 4=End: ",2
bot,"[1, 2, 3]",int,"Player Trade (1), Bank/Port Trade (2), Cancel (3): ",3
bot,"[1, 2, 3, 4]",int,"1=Build, 2=Trade, 3=Dev Cards(Play/Select), 4=End: ",2
bot,"[1, 2, 3]",int,"Player Trade (1), Bank/Port Trade (2), Cancel (3): ",3
bot,"[1, 2, 3, 4]",int,"1=Build, 2=Trade, 3=Dev Cards(Play/Select), 4=End: ",3
bot,"[1, 2, 3]",int,"1=Collect, 2=Play, 3=End:",3
bot,"[1, 2, 3, 4]",int,"1=Build, 2=Trade, 3=Dev Cards(Play/Select), 4=End: ",4
bot,"[1, 2, 3, 4]",int,"1=Build, 2=Trade, 3=Dev Cards(Play/Select), 4=End: ",2
bot,"[1, 2, 3]",int,"Player Trade (1), Bank/Port Trade (2), Cancel (3): ",3
bot,"[1, 2, 3, 4]",int,"1=Build, 2=Trade, 3=Dev Cards(Play/Select), 4=End: ",2
bot,"[1, 2, 3]",int,"Player Trade (1), Bank/Port Trade (2), Cancel (3): ",2
bot,"['brick', 'wood', 'sheep', 'wheat', 'ore']",resource,Which resource would you like to trade (give away): ,brick
bot,"['brick', 'wood', 'sheep', 'wheat', 'ore']",resource,Which resource would you like to receive: ,wheat
bot,"[1, 2, 3]",int,"Player Trade (1), Bank/Port Trade (2), Cancel (3): ",2
bot,"['brick', 'wood', 'sheep', 'wheat', 'ore']",resource,Which resource would you like to trade (give away): ,ore
bot,"['brick', 'wood', 'sheep', 'wheat', 'ore']",resource,Which resource would you like to receive: ,ore
bot,"[1, 2, 3]",int,"Player Trade (1), Bank/Port Trade (2), Cancel (3): ",1
bot,"['brick', 'wood', 'sheep', 'wheat', 'ore']",resource,Which resource would you like to trade (give away): ,sheep
bot,"[1, 2, 3, 4]",int,How many would you like to trade: ,4
bot,"['brick', 'wood', 'sheep', 'wheat', 'ore']",resource,Which resource would you like to trade: ,ore
bot,"[1, 2, 3]",int,How many would you like to trade: ,1
bot,"['Y', 'N']",action,Red would you like to trade sheep for ore [Y/N]: ,N
bot,"['Y', 'N']",action,Green would you like to trade sheep for ore [Y/N]: ,Y
bot,"[1, 2, 3, 4]",int,"1=Build, 2=Trade, 3=Dev Cards(Play/Select), 4=End: ",4
bot,"[1, 2, 3, 4]",int,"1=Build, 2=Trade, 3=Dev Cards(Play/Select), 4=End: ",2
bot,"[1, 2, 3]",int,"Player Trade (1), Bank/Port Trade (2), Cancel (3): ",2
bot,"['brick', 'wood', 'sheep', 'wheat', 'ore']",resource,Which resource would you like to trade (give away): ,brick
bot,"['brick', 'wood', 'sheep', 'wheat', 'ore']",resource,Which resource would you like to receive: ,brick
bot,"[1, 2, 3]",int,"Player Trade (1), Bank/Port Trade (2), Cancel (3): ",1
bot,"['brick', 'wood', 'sheep', 'wheat', 'ore']",resource,Which resource would you like to trade (give away): ,sheep
bot,"[1, 2, 3, 4]",int,How many would you like to trade: ,4
bot,"['brick', 'wood', 'sheep', 'wheat', 'ore']",resource,Which resource would you like to trade: ,sheep
bot,"[1, 2, 3]",int,How many would you like to trade: ,2
bot,"['Y', 'N']",action,Red would you like to trade sheep for sheep [Y/N]: ,Y
bot,"[1, 2, 3, 4]",int,"1=Build, 2=Trade, 3=Dev Cards(Play/Select), 4=End: ",2
bot,"[1, 2, 3]",int,"Player Trade (1), Bank/Port Trade (2), Cancel (3): ",1
bot,"['brick', 'wood', 'sheep', 'wheat', 'ore']",resource,Which resource would you like to trade (give away): ,wood
bot,"[1, 2, 3, 4]",int,How many would you like to trade: ,3
bot,"['brick', 'wood', 'sheep', 'wheat', 'ore']",resource,Which resource would you like to trade: ,sheep
bot,"[1, 2, 3]",int,How many would you like to trade: ,2
bot,"['Y', 'N']",action,Red would you like to trade wood for sheep [Y/N]: ,N
bot,"['Y', 'N']",action,Yellow would you like to trade wood for sheep [Y/N]: ,Y
bot,"[1, 2, 3, 4]",int,"1=Build, 2=Trade, 3=Dev Cards(Play/Select), 4=End: ",3
bot,"[1, 2, 3]",int,"1=Collect, 2=Play, 3=End:",3
bot,"[1, 2, 3, 4]",int,"1=Build, 2=Trade, 3=Dev Cards(Play/Select), 4=End: ",2
bot,"[1, 2, 3]",int,"Player Trade (1), Bank/Port Trade (2), Cancel (3): ",2
bot,"['brick', 'wood', 'sheep', 'wheat', 'ore']",resource,Which resource would you like to trade (give away): ,wheat
bot,"['brick', 'wood', 'sheep', 'wheat', 'ore']",resource,Which resource would you like to receive: ,wood
bot,"[1, 2, 3]",int,"Player Trade (1), Bank/Port Trade (2), Cancel (3): ",2
bot,"['brick', 'wood', 'sheep', 'wheat', 'ore']",resource,Which resource would you like to trade (give away): ,ore
bot,"['brick', 'wood', 'sheep', 'wheat', 'ore']",resource,Which resource would you like to receive: ,ore
bot,"[1, 2, 3, 4]",int,"1=Build, 2=Trade, 3=Dev Cards(Play/Select), 4=End: ",4
bot,"[1, 2, 3, 4]",int,"1=Build, 2=Trade, 3=Dev Cards(Play/Select), 4=End: ",4
bot,"[1, 2, 3, 4]",int,"1=Build, 2=Trade, 3=Dev Cards(Play/Select), 4=End: ",3
bot,"[1, 2, 3]",int,"1=Collect, 2=Play, 3=End:",2
bot,"[1, 2, 3]",int,"1=Collect, 2=Play, 3=End:",3
bot,"[1, 2, 3, 4]",int,"1=Build, 2=Trade, 3=Dev Cards(Play/Select), 4=End: ",2
bot,"[1, 2, 3]",int,"Player Trade (1), Bank/Port Trade (2), Cancel (3): ",3
bot,"[1, 2, 3, 4]",int,"1=Build, 2=Trade, 3=Dev Cards(Play/Select), 4=End: ",1
bot,"[1, 2, 3, 4]",int,"1=Settlement, 2=City, 3=Road, 4=End: ",4
bot,"[1, 2, 3, 4]",int,"1=Build, 2=Trade, 3=Dev Cards(Play/Select), 4=End: ",3
bot,"[1, 2, 3]",int,"1=Collect, 2=Play, 3=End:",3
bot,"[1, 2, 3, 4]",int,"1=Build, 2=Trade, 3=Dev Cards(Play/Select), 4=End: ",3
bot,"[1, 2, 3]",int,"1=Collect, 2=Play, 3=End:",3
bot,"[1, 2, 3, 4]",int,"1=Build, 2=Trade, 3=Dev Cards(Play/Select), 4=End: ",2
bot,"[1, 2, 3]",int,"Player Trade (1), Bank/Port Trade (2), Cancel (3): ",1
bot,"['brick', 'wood', 'sheep', 'wheat', 'ore']",resource,Which resource would you like to trade (give away): ,wheat
bot,"[1, 2, 3, 4]",int,How many would you like to trade: ,1
bot,"['brick', 'wood', 'sheep', 'wheat', 'ore']",resource,Which resource would you like to trade: ,wood
bot,"[1, 2, 3]",int,How many would you like to trade: ,2
bot,"[1, 2, 3, 4]",int,"1=Build, 2=Trade, 3=Dev Cards(Play/Select), 4=End: ",2
bot,"[1, 2, 3]",int,"Player Trade (1), Bank/Port Trade (2), Cancel (3): ",3
bot,"[1, 2, 3, 4]",int,"1=Build, 2=Trade, 3=Dev Cards(Play/Select), 4=End: ",2
bot,"[1, 2, 3]",int,"Player Trade (1), Bank/Port Trade (2), Cancel (3): ",1
bot,"['brick', 'wood', 'sheep', 'wheat', 'ore']",resource,Which resource would you like to trade (give away): ,ore
bot,"[1, 2, 3, 4]",int,How many would you like to trade: ,1
bot,"['brick', 'wood', 'sheep', 'wheat', 'ore']",resource,Which resource would you like to trade: ,brick
bot,"[1, 2, 3]",int,How many would you like to trade: ,3
bot,"[1, 2, 3, 4]",int,"1=Build, 2=Trade, 3=Dev Cards(Play/Select), 4=End: ",1
bot,"[1, 2, 3, 4]",int,"1=Settlement, 2=City, 3=Road, 4=End: ",4
bot,"[1, 2, 3, 4]",int,"1=Build, 2=Trade, 3=Dev Cards(Play/Select), 4=End: ",2
bot,"[1, 2, 3]",int,"Player Trade (1), Bank/Port Trade (2), Cancel (3): ",2
bot,"['brick', 'wood', 'sheep', 'wheat', 'ore']",resource,Which resource would you like to trade (give away): ,sheep
bot,"['brick', 'wood', 'sheep', 'wheat', 'ore']",resource,Which resource would you like to receive: ,sheep
bot,"[1, 2, 3, 4]",int,"1=Build, 2=Trade, 3=Dev Cards(Play/Select), 4=End: ",4
bot,"range(0, 18)",int,Choosen a Tile [0-18] to move the Robber to: ,8
bot,['Green'],player,Choose a player to steal from {'Green'}: ,Green
bot,"['wood', 'wheat', 'sheep']",resource,"Which resource would you like to discard: brick, wood, sheep, wheat, ore: ",wood
bot,"['wood', 'wheat', 'sheep']",resource,"Which resource would you like to discard: brick, wood, sheep, wheat, ore: ",wood
bot,"['wheat', 'sheep']",resource,"Which resource would you like to discard: brick, wood, sheep, wheat, ore: ",sheep
bot,"['wheat', 'sheep']",resource,"Which resource would you like to discard: brick, wood, sheep, wheat, ore: ",wheat
bot,['sheep'],resource,"Which resource would you like to discard: brick, wood, sheep, wheat, ore: ",sheep
bot,['sheep'],resource,"Which resource would you like to discard: brick, wood, sheep, wheat, ore: ",sheep
bot,"[1, 2, 3, 4]",int,"1=Build, 2=Trade, 3=Dev Cards(Play/Select), 4=End: ",4
bot,"[1, 2, 3, 4]",int,"1=Build, 2=Trade, 3=Dev Cards(Play/Select), 4=End: ",4
bot,"[1, 2, 3, 4]",int,"1=Build, 2=Trade, 3=Dev Cards(Play/Select), 4=End: ",2
bot,"[1, 2, 3]",int,"Player Trade (1), Bank/Port Trade (2), Cancel (3): ",3
bot,"[1, 2, 3, 4]",int,"1=Build, 2=Trade, 3=Dev Cards(Play/Select), 4=End: ",4
bot,"[1, 2, 3, 4]",int,"1=Build, 2=Trade, 3=Dev Cards(Play/Select), 4=End: ",4
bot,"[1, 2, 3, 4]",int,"1=Build, 2=Trade, 3=Dev Cards(Play/Select), 4=End: ",3
bot,"[1, 2, 3]",int,"1=Collect, 2=Play, 3=End:",1
bot,"[1, 2, 3]",int,"1=Collect, 2=Play, 3=End:",2
bot,"[1, 2, 3]",int,"1=Collect, 2=Play, 3=End:",2
bot,"[1, 2, 3]",int,"1=Collect, 2=Play, 3=End:",2
bot,"[1, 2, 3]",int,"1=Collect, 2=Play, 3=End:",3
bot,"[1, 2, 3, 4]",int,"1=Build, 2=Trade, 3=Dev Cards(Play/Select), 4=End: ",3
bot,"[1, 2, 3]",int,"1=Collect, 2=Play, 3=End:",3
bot,"[1, 2, 3, 4]",int,"1=Build, 2=Trade, 3=Dev Cards(Play/Select), 4=End: ",3
bot,"[1, 2, 3]",int,"1=Collect, 2=Play, 3=End:",2
bot,"[1, 2, 3]",int,"1=Collect, 2=Play, 3=End:",2
bot,"[1, 2, 3]",int,"1=Collect, 2=Play, 3=End:",3
bot,"[1, 2, 3, 4]",int,"1=Build, 2=Trade, 3=Dev Cards(Play/Select), 4=End: ",1
bot,"[1, 2, 3, 4]",int,"1=Settlement, 2=City, 3=Road, 4=End: ",4
bot,"[1, 2, 3, 4]",int,"1=Build, 2=Trade, 3=Dev Cards(Play/Select), 4=End: ",4
bot,"[1, 2, 3, 4]",int,"1=Build, 2=Trade, 3=Dev Cards(Play/Select), 4=End: ",1
bot,"[1, 2, 3, 4]",int,"1=Settlement, 2=City, 3=Road, 4=End: ",4
bot,"[1, 2, 3, 4]",int,"1=Build, 2=Trade, 3=Dev Cards(Play/Select), 4=End: ",2
bot,"[1, 2, 3]",int,"Player Trade (1), Bank/Port Trade (2), Cancel (3): ",1
bot,"['brick', 'wood', 'sheep', 'wheat', 'ore']",resource,Which resource would you like to trade (give away): ,sheep
bot,"[1, 2, 3, 4]",int,How many would you like to trade: ,1
bot,"['brick', 'wood', 'sheep', 'wheat', 'ore']",resource,Which resource would you like to trade: ,brick
bot,"[1, 2, 3]",int,How many would you like to trade: ,3
bot,"['Y', 'N']",action,Red would you like to trade sheep for brick [Y/N]: ,N
bot,"[1, 2, 3, 4]",int,"1=Build, 2=Trade, 3=Dev Cards(Play/Select), 4=End: ",2
bot,"[1, 2, 3]",int,"Player Trade (1), Bank/Port Trade (2), Cancel (3): ",2
bot,"['brick', 'wood', 'sheep', 'wheat', 'ore']",resource,Which resource would you like to trade (give away): ,sheep
bot,"['brick', 'wood', 'sheep', 'wheat', 'ore']",resource,Which resource would you like to receive: ,wheat
bot,"[1, 2, 3]",int,"Player Trade (1), Bank/Port Trade (2), Cancel (3): ",1
bot,"['brick', 'wood', 'sheep', 'wheat', 'ore']",resource,Which resource would you like to trade (give away): ,sheep
bot,"[1, 2, 3, 4]",int,How many would you like to trade: ,4
bot,"['brick', 'wood', 'sheep', 'wheat', 'ore']",resource,Which resource would you like to trade: ,wheat
bot,"[1, 2, 3]",int,How many would you like to trade: ,1
bot,"['Y', 'N']",action,Red would you like to trade sheep for wheat [Y/N]: ,Y
bot,"['Y', 'N']",action,Yellow would you like to trade sheep for wheat [Y/N]: ,N
bot,"['Y', 'N']",action,Blue would you like to trade sheep for wheat [Y/N]: ,N
bot,"[1, 2, 3, 4]",int,"1=Build, 2=Trade, 3=Dev Cards(Play/Select), 4=End: ",2
bot,"[1, 2, 3]",int,"Player Trade (1), Bank/Port Trade (2), Cancel (3): ",3
bot,"[1, 2, 3, 4]",int,"1=Build, 2=Trade, 3=Dev Cards(Play/Select), 4=End: ",4
bot,"[1, 2, 3, 4]",int,"1=Build, 2=Trade, 3=Dev Cards(Play/Select), 4=End: ",2
bot,"[1, 2, 3]",int,"Player Trade (1), Bank/Port Trade (2), Cancel (3): ",1
bot,"['brick', 'wood', 'sheep', 'wheat', 'ore']",resource,Which resource would you like to trade (give away): ,sheep
bot,"[1, 2, 3, 4]",int,How many would you like to trade: ,3
bot,"['brick', 'wood', 'sheep', 'wheat', 'ore']",resource,Which resource would you like to trade: ,sheep
bot,"[1, 2, 3]",int,How many would you like to trade: ,2
bot,"[1, 2, 3, 4]",int,"1=Build, 2=Trade, 3=Dev Cards(Play/Select), 4=End: ",4
bot,"[1, 2, 3, 4]",int,"1=Build, 2=Trade, 3=Dev Cards(Play/Select), 4=End: ",1
bot,"[1, 2, 3, 4]",int,"1=Settlement, 2=City, 3=Road, 4=End: ",3
bot,"[1, 2, 3, 4]",int,"1=Settlement, 2=City, 3=Road, 4=End: ",1
bot,"[1, 2, 3, 4]",int,"1=Settlement, 2=City, 3=Road, 4=End: ",1
bot,"[1, 2, 3, 4]",int,"1=Settlement, 2=City, 3=Road, 4=End: ",2
bot,"[1, 2, 3, 4]",int,"1=Settlement, 2=City, 3=Road, 4=End: ",1
bot,"[1, 2, 3, 4]",int,"1=Settlement, 2=City, 3=Road, 4=End: ",4
bot,"[1, 2, 3, 4]",int,"1=Build, 2=Trade, 3=Dev Cards(Play/Select), 4=End: ",4
bot,"range(0, 18)",int,Choosen a Tile [0-18] to move the Robber to: ,9
bot,"['wood', 'wheat', 'sheep']",resource,"Which resource would you like to discard: brick, wood, sheep, wheat, ore: ",wheat
bot,"['wood', 'wheat', 'sheep']",resource,"Which resource would you like to discard: brick, wood, sheep, wheat, ore: ",wood
bot,"['wood', 'wheat', 'sheep']",resource,"Which resource would you like to discard: brick, wood, sheep, wheat, ore: ",wood
bot,"['wheat', 'sheep']",resource,"Which resource would you like to discard: brick, wood, sheep, wheat, ore: ",sheep
bot,"['wheat', 'sheep']",resource,"Which resource would you like to discard: brick, wood, sheep, wheat, ore: ",sheep
bot,"['wheat', 'sheep']",resource,"Which resource would you like to discard: brick, wood, sheep, wheat, ore: ",sheep
bot,"['wheat', 'sheep']",resource,"Which resource would you like to discard: brick, wood, sheep, wheat, ore: ",wheat
bot,"['ore', 'wheat', 'wood', 'sheep']",resource,"Which resource would you like to discard: brick, wood, sheep, wheat, ore: ",ore
bot,"['wood', 'wheat', 'sheep']",resource,"Which resource would you like to discard: brick, wood, sheep, wheat, ore: ",wood
bot,"['wood', 'wheat', 'sheep']",resource,"Which resource would you like to discard: brick, wood, sheep, wheat, ore: ",sheep
bot,"['wood', 'wheat']",resource,"Which resource would you like to discard: brick, wood, sheep, wheat, ore: ",wood
bot,"[1, 2, 3, 4]",int,"1=Build, 2=Trade, 3=Dev Cards(Play/Select), 4=End: ",2
bot,"[1, 2, 3]",int,"Player Trade (1), Bank/Port Trade (2), Cancel (3): ",3
bot,"[1, 2, 3, 4]",int,"1=Build, 2=Trade, 3=Dev Cards(Play/Select), 4=End: ",4
bot,"[1, 2, 3, 4]",int,"1=Build, 2=Trade, 3=Dev Cards(Play/Select), 4=End: ",3
bot,"[1, 2, 3]",int,"1=Collect, 2=Play, 3=End:",2
bot,"[1, 2, 3]",int,"1=Collect, 2=Play, 3=End:",1
bot,"[1, 2, 3]",int,"1=Collect, 2=Play, 3=End:",1
bot,"[1, 2, 3]",int,"1=Collect, 2=Play, 3=End:",2
bot,"[1, 2, 3]",int,"1=Collect, 2=Play, 3=End:",2
bot,"[1, 2, 3]",int,"1=Collect, 2=Play, 3=End:",2
bot,"[1, 2, 3]",int,"1=Collect, 2=Play, 3=End:",1
bot,"[1, 2, 3]",int,"1=Collect, 2=Play, 3=End:",1
bot,"[1, 2, 3]",int,"1=Collect, 2=Play, 3=End:",1
bot,"[1, 2, 3]",int,"1=Collect, 2=Play, 3=End:",2
bot,"[1, 2, 3]",int,"1=Collect, 2=Play, 3=End:",3
bot,"[1, 2, 3, 4]",int,"1=Build, 2=Trade, 3=Dev Cards(Play/Select), 4=End: ",1
bot,"[1, 2, 3, 4]",int,"1=Settlement, 2=City, 3=Road, 4=End: ",4
bot,"[1, 2, 3, 4]",int,"1=Build, 2=Trade, 3=Dev Cards(Play/Select), 4=End: ",1
bot,"[1, 2, 3, 4]",int,"1=Settlement, 2=City, 3=Road, 4=End: ",3
bot,"[1, 2, 3, 4]",int,"1=Settlement, 2=City, 3=Road, 4=End: ",2
bot,"[1, 2, 3, 4]",int,"1=Settlement, 2=City, 3=Road, 4=End: ",3
bot,"[1, 2, 3, 4]",int,"1=Settlement, 2=City, 3=Road, 4=End: ",3
bot,"[1, 2, 3, 4]",int,"1=Settlement, 2=City, 3=Road, 4=End: ",1
bot,"[1, 2, 3, 4]",int,"1=Settlement, 2=City, 3=Road, 4=End: ",2
bot,"[1, 2, 3, 4]",int,"1=Settlement, 2=City, 3=Road, 4=End: ",3
bot,"[1, 2, 3, 4]",int,"1=Settlement, 2=City, 3=Road, 4=End: ",2
bot,"[1, 2, 3, 4]",int,"1=Settlement, 2=City, 3=Road, 4=End: ",1
bot,"[1, 2, 3, 4]",int,"1=Settlement, 2=City, 3=Road, 4=End: ",1
bot,"[1, 2, 3, 4]",int,"1=Settlement, 2=City, 3=Road, 4=End: ",3
bot,"[1, 2, 3, 4]",int,"1=Settlement, 2=City, 3=Road, 4=End: ",4
bot,"[1, 2, 3, 4]",int,"1=Build, 2=Trade, 3=Dev Cards(Play/Select), 4=End: ",1
bot,"[1, 2, 3, 4]",int,"1=Settlement, 2=City, 3=Road, 4=End: ",3
bot,"[1, 2, 3, 4]",int,"1=Settlement, 2=City, 3=Road, 4=End: ",4
bot,"[1, 2, 3, 4]",int,"1=Build, 2=Trade, 3=Dev Cards(Play/Select), 4=End: ",4
bot,"[1, 2, 3, 4]",int,"1=Build, 2=Trade, 3=Dev Cards(Play/Select), 4=End: ",4
bot,"[1, 2, 3, 4]",int,"1=Build, 2=Trade, 3=Dev Cards(Play/Select), 4=End: ",4
bot,"[1, 2, 3, 4]",int,"1=Build, 2=Trade, 3=Dev Cards(Play/Select), 4=End: ",3
bot,"[1, 2, 3]",int,"1=Collect, 2=Play, 3=End:",3
bot,"[1, 2, 3, 4]",int,"1=Build, 2=Trade, 3=Dev Cards(Play/Select), 4=End: ",3
bot,"[1, 2, 3]",int,"1=Collect, 2=Play, 3=End:",2
bot,"[1, 2, 3]",int,"1=Collect, 2=Play, 3=End:",2
bot,"[1, 2, 3]",int,"1=Collect, 2=Play, 3=End:",2
bot,"[1, 2, 3]",int,"1=Collect, 2=Play, 3=End:",1
bot,"[1, 2, 3]",int,"1=Collect, 2=Play, 3=End:",3
bot,"[1, 2, 3, 4]",int,"1=Build, 2=Trade, 3=Dev Cards(Play/Select), 4=End: ",2
bot,"[1, 2, 3]",int,"Player Trade (1), Bank/Port Trade (2), Cancel (3): ",2
bot,"['brick', 'wood', 'sheep', 'wheat', 'ore']",resource,Which resource would you like to trade (give away): ,wheat
bot,"['brick', 'wood', 'sheep', 'wheat', 'ore']",resource,Which resource would you like to receive: ,wheat
bot,"[1, 2, 3]",int,"Player Trade (1), Bank/Port Trade (2), Cancel (3): ",1
bot,"['brick', 'wood', 'sheep', 'wheat', 'ore']",resource,Which resource would you like to trade (give away): ,sheep
bot,"[1, 2, 3, 4]",int,How many would you like to trade: ,3
bot,"['brick', 'wood', 'sheep', 'wheat', 'ore']",resource,Which resource would you like to trade: ,sheep
bot,"[1, 2, 3]",int,How many would you like to trade: ,1
bot,"['Y', 'N']",action,Red would you like to trade sheep for sheep [Y/N]: ,Y
bot,"['Y', 'N']",action,Green would you like to trade sheep for sheep [Y/N]: ,Y
bot,"[1, 2, 3, 4]",int,"1=Build, 2=Trade, 3=Dev Cards(Play/Select), 4=End: ",1
bot,"[1, 2, 3, 4]",int,"1=Settlement, 2=City, 3=Road, 4=End: ",4
bot,"[1, 2, 3, 4]",int,"1=Build, 2=Trade, 3=Dev Cards(Play/Select), 4=End: ",2
bot,"[1, 2, 3]",int,"Player Trade (1), Bank/Port Trade (2), Cancel (3): ",3
bot,"[1, 2, 3, 4]",int,"1=Build, 2=Trade, 3=Dev Cards(Play/Select), 4=End: ",3
bot,"[1, 2, 3]",int,"1=Collect, 2=Play, 3=End:",2
bot,"[1, 2, 3]",int,"1=Collect, 2=Play, 3=End:",3
bot,"[1, 2, 3, 4]",int,"1=Build, 2=Trade, 3=Dev Cards(Play/Select), 4=End: ",3
bot,"[1, 2, 3]",int,"1=Collect, 2=Play, 3=End:",1
bot,"[1, 2, 3]",int,"1=Collect, 2=Play, 3=End:",2
bot,"[1, 2, 3]",int,"1=Collect, 2=Play, 3=End:",1
bot,"[1, 2, 3]",int,"1=Collect, 2=Play, 3=End:",1
bot,"[1, 2, 3]",int,"1=Collect, 2=Play, 3=End:",3
bot,"[1, 2, 3, 4]",int,"1=Build, 2=Trade, 3=Dev Cards(Play/Select), 4=End: ",3
bot,"[1, 2, 3]",int,"1=Collect, 2=Play, 3=End:",2
bot,"[1, 2, 3]",int,"1=Collect, 2=Play, 3=End:",2
bot,"[1, 2, 3]",int,"1=Collect, 2=Play, 3=End:",1
bot,"[1, 2, 3]",int,"1=Collect, 2=Play, 3=End:",1
bot,"[1, 2, 3]",int,"1=Collect, 2=Play, 3=End:",3
bot,"[1, 2, 3, 4]",int,"1=Build, 2=Trade, 3=Dev Cards(Play/Select), 4=End: ",2
bot,"[1, 2, 3]",int,"Player Trade (1), Bank/Port Trade (2), Cancel (3): ",3
bot,"[1, 2, 3, 4]",int,"1=Build, 2=Trade, 3=Dev Cards(Play/Select), 4=End: ",3
bot,"[1, 2, 3]",int,"1=Collect, 2=Play, 3=End:",1
bot,"[1, 2, 3]",int,"1=Collect, 2=Play, 3=End:",2
bot,"[1, 2, 3]",int,"1=Collect, 2=Play, 3=End:",3
bot,"[1, 2, 3, 4]",int,"1=Build, 2=Trade, 3=Dev Cards(Play/Select), 4=End: ",1
bot,"[1, 2, 3, 4]",int,"1=Settlement, 2=City, 3=Road, 4=End: ",1
bot,"[1, 2, 3, 4]",int,"1=Settlement, 2=City, 3=Road, 4=End: ",1
bot,"[1, 2, 3, 4]",int,"1=Settlement, 2=City, 3=Road, 4=End: ",3
bot,"[1, 2, 3, 4]",int,"1=Settlement, 2=City, 3=Road, 4=End: ",2
bot,"[1, 2, 3, 4]",int,"1=Settlement, 2=City, 3=Road, 4=End: ",2
bot,"[1, 2, 3, 4]",int,"1=Settlement, 2=City, 3=Road, 4=End: ",1
bot,"[1, 2, 3, 4]",int,"1=Settlement, 2=City, 3=Road, 4=End: ",3
bot,"[1, 2, 3, 4]",int,"1=Settlement, 2=City, 3=Road, 4=End: ",2
bot,"[1, 2, 3, 4]",int,"1=Settlement, 2=City, 3=Road, 4=End: ",1
bot,"[1, 2, 3, 4]",int,"1=Settlement, 2=City, 3=Road, 4=End: ",2
bot,"[1, 2, 3, 4]",int,"1=Settlement, 2=City, 3=Road, 4=End: ",1
bot,"[1, 2, 3, 4]",int,"1=Settlement, 2=City, 3=Road, 4=End: ",3
bot,"[1, 2, 3, 4]",int,"1=Settlement, 2=City, 3=Road, 4=End: ",3
bot,"[1, 2, 3, 4]",int,"1=Settlement, 2=City, 3=Road, 4=End: ",2
bot,"[1, 2, 3, 4]",int,"1=Settlement, 2=City, 3=Road, 4=End: ",4
bot,"[1, 2, 3, 4]",int,"1=Build, 2=Trade, 3=Dev Cards(Play/Select), 4=End: ",4
bot,"[1, 2, 3, 4]",int,"1=Build, 2=Trade, 3=Dev Cards(Play/Select), 4=End: ",3
bot,"[1, 2, 3]",int,"1=Collect, 2=Play, 3=End:",1
bot,"[1, 2, 3]",int,"1=Collect, 2=Play, 3=End:",3
bot,"[1, 2, 3, 4]",int,"1=Build, 2=Trade, 3=Dev Cards(Play/Select), 4=End: ",4
bot,"[1, 2, 3, 4]",int,"1=Build, 2=Trade, 3=Dev Cards(Play/Select), 4=End: ",4
bot,"[1, 2, 3, 4]",int,"1=Build, 2=Trade, 3=Dev Cards(Play/Select), 4=End: ",1
bot,"[1, 2, 3, 4]",int,"1=Settlement, 2=City, 3=Road, 4=End: ",1
bot,"[1, 2, 3, 4]",int,"1=Settlement, 2=City, 3=Road, 4=End: ",2
bot,"[1, 2, 3, 4]",int,"1=Settlement, 2=City, 3=Road, 4=End: ",3
bot,"[1, 2, 3, 4]",int,"1=Settlement, 2=City, 3=Road, 4=End: ",2
bot,"[1, 2, 3, 4]",int,"1=Settlement, 2=City, 3=Road, 4=End: ",2
bot,"[1, 2, 3, 4]",int,"1=Settlement, 2=City, 3=Road, 4=End: ",4
bot,"[1, 2, 3, 4]",int,"1=Build, 2=Trade, 3=Dev Cards(Play/Select), 4=End: ",4
bot,"[1, 2, 3, 4]",int,"1=Build, 2=Trade, 3=Dev Cards(Play/Select), 4=End: ",3
bot,"[1, 2, 3]",int,"1=Collect, 2=Play, 3=End:",1
bot,"[1, 2, 3]",int,"1=Collect, 2=Play, 3=End:",1
bot,"[1, 2, 3]",int,"1=Collect, 2=Play, 3=End:",3
bot,"[1, 2, 3, 4]",int,"1=Build, 2=Trade, 3=Dev Cards(Play/Select), 4=End: ",3
bot,"[1, 2, 3]",int,"1=Collect, 2=Play, 3=End:",1
bot,"[1, 2, 3]",int,"1=Collect, 2=Play, 3=End:",3
bot,"[1, 2, 3, 4]",int,"1=Build, 2=Trade, 3=Dev Cards(Play/Select), 4=End: ",1
bot,"[1, 2, 3, 4]",int,"1=Settlement, 2=City, 3=Road, 4=End: ",4
bot,"[1, 2, 3, 4]",int,"1=Build, 2=Trade, 3=Dev Cards(Play/Select), 4=End: ",1
bot,"[1, 2, 3, 4]",int,"1=Settlement, 2=City, 3=Road, 4=End: ",2
bot,"[1, 2, 3, 4]",int,"1=Settlement, 2=City, 3=Road, 4=End: ",1
bot,"[1, 2, 3, 4]",int,"1=Settlement, 2=City, 3=Road, 4=End: ",3
bot,"[1, 2, 3, 4]",int,"1=Settlement, 2=City, 3=Road, 4=End: ",1
bot,"[1, 2, 3, 4]",int,"1=Settlement, 2=City, 3=Road, 4=End: ",2
bot,"[1, 2, 3, 4]",int,"1=Settlement, 2=City, 3=Road, 4=End: ",1
bot,"[1, 2, 3, 4]",int,"1=Settlement, 2=City, 3=Road, 4=End: ",2
bot,"[1, 2, 3, 4]",int,"1=Settlement, 2=City, 3=Road, 4=End: ",2
bot,"[1, 2, 3, 4]",int,"1=Settlement, 2=City, 3=Road, 4=End: ",1
bot,"[1, 2, 3, 4]",int,"1=Settlement, 2=City, 3=Road, 4=End: ",4
bot,"[1, 2, 3, 4]",int,"1=Build, 2=Trade, 3=Dev Cards(Play/Select), 4=End: ",3
bot,"[1, 2, 3]",int,"1=Collect, 2=Play, 3=End:",1
bot,"[1, 2, 3]",int,"1=Collect, 2=Play, 3=End:",3
bot,"[1, 2, 3, 4]",int,"1=Build, 2=Trade, 3=Dev Cards(Play/Select), 4=End: ",1
bot,"[1, 2, 3, 4]",int,"1=Settlement, 2=City, 3=Road, 4=End: ",1
bot,"[1, 2, 3, 4]",int,"1=Settlement, 2=City, 3=Road, 4=End: ",1
bot,"[1, 2, 3, 4]",int,"1=Settlement, 2=City, 3=Road, 4=End: ",3
bot,"[1, 2, 3, 4]",int,"1=Settlement, 2=City, 3=Road, 4=End: ",3
bot,"[1, 2, 3, 4]",int,"1=Settlement, 2=City, 3=Road, 4=End: ",4
bot,"[1, 2, 3, 4]",int,"1=Build, 2=Trade, 3=Dev Cards(Play/Select), 4=End: ",4
bot,"[1, 2, 3, 4]",int,"1=Build, 2=Trade, 3=Dev Cards(Play/Select), 4=End: ",3
bot,"[1, 2, 3]",int,"1=Collect, 2=Play, 3=End:",3
bot,"[1, 2, 3, 4]",int,"1=Build, 2=Trade, 3=Dev Cards(Play/Select), 4=End: ",3
bot,"[1, 2, 3]",int,"1=Collect, 2=Play, 3=End:",2
bot,['knight'],card,"Which dev card would you like to play from - [Knight(color=None, played=False, player=None, name='knight')]: ",knight
bot,"range(0, 18)",int,Choosen a Tile [0-18] to move the Robber to: ,10
bot,['Blue'],player,Choose a player to steal from {'Blue'}: ,Blue
bot,"[1, 2, 3, 4]",int,"1=Build, 2=Trade, 3=Dev Cards(Play/Select), 4=End: ",2
bot,"[1, 2, 3]",int,"Player Trade (1), Bank/Port Trade (2), Cancel (3): ",1
bot,"['brick', 'wood', 'sheep', 'wheat', 'ore']",resource,Which resource would you like to trade (give away): ,ore
bot,"[1, 2, 3, 4]",int,How many would you like to trade: ,2
bot,"['brick', 'wood', 'sheep', 'wheat', 'ore']",resource,Which resource would you like to trade: ,wood
bot,"[1, 2, 3]",int,How many would you like to trade: ,2
bot,"['Y', 'N']",action,Yellow would you like to trade ore for wood [Y/N]: ,Y
bot,"[1, 2, 3, 4]",int,"1=Build, 2=Trade, 3=Dev Cards(Play/Select), 4=End: ",1
bot,"[1, 2, 3, 4]",int,"1=Settlement, 2=City, 3=Road, 4=End: ",4
bot,"[1, 2, 3, 4]",int,"1=Build, 2=Trade, 3=Dev Cards(Play/Select), 4=End: ",1
bot,"[1, 2, 3, 4]",int,"1=Settlement, 2=City, 3=Road, 4=End: ",2
bot,"[18, 34]",int,Choose city location - [0-53]:,18
bot,"[1, 2, 3, 4]",int,"1=Settlement, 2=City, 3=Road, 4=End: ",1
bot,"[1, 2, 3, 4]",int,"1=Settlement, 2=City, 3=Road, 4=End: ",2
bot,"[1, 2, 3, 4]",int,"1=Settlement, 2=City, 3=Road, 4=End: ",4
bot,"[1, 2, 3, 4]",int,"1=Build, 2=Trade, 3=Dev Cards(Play/Select), 4=End: ",4
bot,"[1, 2, 3, 4]",int,"1=Build, 2=Trade, 3=Dev Cards(Play/Select), 4=End: ",4
bot,"[1, 2, 3, 4]",int,"1=Build, 2=Trade, 3=Dev Cards(Play/Select), 4=End: ",2
bot,"[1, 2, 3]",int,"Player Trade (1), Bank/Port Trade (2), Cancel (3): ",1
bot,"['brick', 'wood', 'sheep', 'wheat', 'ore']",resource,Which resource would you like to trade (give away): ,wheat
bot,"[1, 2, 3, 4]",int,How many would you like to trade: ,1
bot,"['brick', 'wood', 'sheep', 'wheat', 'ore']",resource,Which resource would you like to trade: ,ore
bot,"[1, 2, 3]",int,How many would you like to trade: ,1
bot,"['Y', 'N']",action,Red would you like to trade wheat for ore [Y/N]: ,Y
bot,"['Y', 'N']",action,Green would you like to trade wheat for ore [Y/N]: ,Y
bot,"[1, 2, 3, 4]",int,"1=Build, 2=Trade, 3=Dev Cards(Play/Select), 4=End: ",2
bot,"[1, 2, 3]",int,"Player Trade (1), Bank/Port Trade (2), Cancel (3): ",3
bot,"[1, 2, 3, 4]",int,"1=Build, 2=Trade, 3=Dev Cards(Play/Select), 4=End: ",2
bot,"[1, 2, 3]",int,"Player Trade (1), Bank/Port Trade (2), Cancel (3): ",3
bot,"[1, 2, 3, 4]",int,"1=Build, 2=Trade, 3=Dev Cards(Play/Select), 4=End: ",2
bot,"[1, 2, 3]",int,"Player Trade (1), Bank/Port Trade (2), Cancel (3): ",1
bot,"['brick', 'wood', 'sheep', 'wheat', 'ore']",resource,Which resource would you like to trade (give away): ,wood
bot,"[1, 2, 3, 4]",int,How many would you like to trade: ,3
bot,"['brick', 'wood', 'sheep', 'wheat', 'ore']",resource,Which resource would you like to trade: ,brick
bot,"[1, 2, 3]",int,How many would you like to trade: ,2
bot,"['Y', 'N']",action,Red would you like to trade wood for brick [Y/N]: ,N
bot,"['Y', 'N']",action,Blue would you like to trade wood for brick [Y/N]: ,N
bot,"[1, 2, 3, 4]",int,"1=Build, 2=Trade, 3=Dev Cards(Play/Select), 4=End: ",3
bot,"[1, 2, 3]",int,"1=Collect, 2=Play, 3=End:",1
bot,"[1, 2, 3]",int,"1=Collect, 2=Play, 3=End:",1
bot,"[1, 2, 3]",int,"1=Collect, 2=Play, 3=End:",2
bot,"[1, 2, 3]",int,"1=Collect, 2=Play, 3=End:",1
bot,"[1, 2, 3]",int,"1=Collect, 2=Play, 3=End:",2
bot,"[1, 2, 3]",int,"1=Collect, 2=Play, 3=End:",2
bot,"[1, 2, 3]",int,"1=Collect, 2=Play, 3=End:",2
bot,"[1, 2, 3]",int,"1=Collect, 2=Play, 3=End:",1
bot,"[1, 2, 3]",int,"1=Collect, 2=Play, 3=End:",3
bot,"[1, 2, 3, 4]",int,"1=Build, 2=Trade, 3=Dev Cards(Play/Select), 4=End: ",1
bot,"[1, 2, 3, 4]",int,"1=Settlement, 2=City, 3=Road, 4=End: ",1
bot,"[1, 2, 3, 4]",int,"1=Settlement, 2=City, 3=Road, 4=End: ",3
bot,"[1, 2, 3, 4]",int,"1=Settlement, 2=City, 3=Road, 4=End: ",4
bot,"[1, 2, 3, 4]",int,"1=Build, 2=Trade, 3=Dev Cards(Play/Select), 4=End: ",1
bot,"[1, 2, 3, 4]",int,"1=Settlement, 2=City, 3=Road, 4=End: ",4
bot,"[1, 2, 3, 4]",int,"1=Build, 2=Trade, 3=Dev Cards(Play/Select), 4=End: ",1
bot,"[1, 2, 3, 4]",int,"1=Settlement, 2=City, 3=Road, 4=End: ",2
bot,"[1, 2, 3, 4]",int,"1=Settlement, 2=City, 3=Road, 4=End: ",4
bot,"[1, 2, 3, 4]",int,"1=Build, 2=Trade, 3=Dev Cards(Play/Select), 4=End: ",3
bot,"[1, 2, 3]",int,"1=Collect, 2=Play, 3=End:",2
bot,"[1, 2, 3]",int,"1=Collect, 2=Play, 3=End:",2
bot,"[1, 2, 3]",int,"1=Collect, 2=Play, 3=End:",1
bot,"[1, 2, 3]",int,"1=Collect, 2=Play, 3=End:",2
bot,"[1, 2, 3]",int,"1=Collect, 2=Play, 3=End:",2
bot,"[1, 2, 3]",int,"1=Collect, 2=Play, 3=End:",1
bot,"[1, 2, 3]",int,"1=Collect, 2=Play, 3=End:",2
bot,"[1, 2, 3]",int,"1=Collect, 2=Play, 3=End:",3
bot,"[1, 2, 3, 4]",int,"1=Build, 2=Trade, 3=Dev Cards(Play/Select), 4=End: ",1
bot,"[1, 2, 3, 4]",int,"1=Settlement, 2=City, 3=Road, 4=End: ",2
bot,"[1, 2, 3, 4]",int,"1=Settlement, 2=City, 3=Road, 4=End: ",3
bot,"[1, 2, 3, 4]",int,"1=Settlement, 2=City, 3=Road, 4=End: ",3
bot,"[1, 2, 3, 4]",int,"1=Settlement, 2=City, 3=Road, 4=End: ",1
bot,"[1, 2, 3, 4]",int,"1=Settlement, 2=City, 3=Road, 4=End: ",1
bot,"[1, 2, 3, 4]",int,"1=Settlement, 2=City, 3=Road, 4=End: ",4
bot,"[1, 2, 3, 4]",int,"1=Build, 2=Trade, 3=Dev Cards(Play/Select), 4=End: ",3
bot,"[1, 2, 3]",int,"1=Collect, 2=Play, 3=End:",2
bot,"[1, 2, 3]",int,"1=Collect, 2=Play, 3=End:",1
bot,"[1, 2, 3]",int,"1=Collect, 2=Play, 3=End:",3
bot,"[1, 2, 3, 4]",int,"1=Build, 2=Trade, 3=Dev Cards(Play/Select), 4=End: ",4
bot,"[1, 2, 3, 4]",int,"1=Build, 2=Trade, 3=Dev Cards(Play/Select), 4=End: ",2
bot,"[1, 2, 3]",int,"Player Trade (1), Bank/Port Trade (2), Cancel (3): ",3
bot,"[1, 2, 3, 4]",int,"1=Build, 2=Trade, 3=Dev Cards(Play/Select), 4=End: ",3
bot,"[1, 2, 3]",int,"1=Collect, 2=Play, 3=End:",1
bot,"[1, 2, 3]",int,"1=Collect, 2=Play, 3=End:",1
bot,"[1, 2, 3]",int,"1=Collect, 2=Play, 3=End:",3
bot,"[1, 2, 3, 4]",int,"1=Build, 2=Trade, 3=Dev Cards(Play/Select), 4=End: ",2
bot,"[1, 2, 3]",int,"Player Trade (1), Bank/Port Trade (2), Cancel (3): ",3
bot,"[1, 2, 3, 4]",int,"1=Build, 2=Trade, 3=Dev Cards(Play/Select), 4=End: ",2
bot,"[1, 2, 3]",int,"Player Trade (1), Bank/Port Trade (2), Cancel (3): ",1
bot,"['brick', 'wood', 'sheep', 'wheat', 'ore']",resource,Which resource would you like to trade (give away): ,wheat
bot,"[1, 2, 3, 4]",int,How many would you like to trade: ,3
bot,"['brick', 'wood', 'sheep', 'wheat', 'ore']",resource,Which resource would you like to trade: ,ore
bot,"[1, 2, 3]",int,How many would you like to trade: ,3
bot,"['Y', 'N']",action,Red would you like to trade wheat for ore [Y/N]: ,Y
bot,"['Y', 'N']",action,Yellow would you like to trade wheat for ore [Y/N]: ,N
bot,"[1, 2, 3, 4]",int,"1=Build, 2=Trade, 3=Dev Cards(Play/Select), 4=End: ",3
bot,"[1, 2, 3]",int,"1=Collect, 2=Play, 3=End:",3
bot,"[1, 2, 3, 4]",int,"1=Build, 2=Trade, 3=Dev Cards(Play/Select), 4=End: ",4
bot,"[1, 2, 3, 4]",int,"1=Build, 2=Trade, 3=Dev Cards(Play/Select), 4=End: ",2
bot,"[1, 2, 3]",int,"Player Trade (1), Bank/Port Trade (2), Cancel (3): ",3
bot,"[1, 2, 3, 4]",int,"1=Build, 2=Trade, 3=Dev Cards(Play/Select), 4=End: ",2
bot,"[1, 2, 3]",int,"Player Trade (1), Bank/Port Trade (2), Cancel (3): ",2
bot,"['brick', 'wood', 'sheep', 'wheat', 'ore']",resource,Which resource would you like to trade (give away): ,brick
bot,"['brick', 'wood', 'sheep', 'wheat', 'ore']",resource,Which resource would you like to receive: ,ore
bot,"[1, 2, 3]",int,"Player Trade (1), Bank/Port Trade (2), Cancel (3): ",2
bot,"['brick', 'wood', 'sheep', 'wheat', 'ore']",resource,Which resource would you like to trade (give away): ,brick
bot,"['brick', 'wood', 'sheep', 'wheat', 'ore']",resource,Which resource would you like to receive: ,brick
bot,"[1, 2, 3]",int,"Player Trade (1), Bank/Port Trade (2), Cancel (3): ",1
bot,"['brick', 'wood', 'sheep', 'wheat', 'ore']",resource,Which resource would you like to trade (give away): ,sheep
bot,"[1, 2, 3, 4]",int,How many would you like to trade: ,1
bot,"['brick', 'wood', 'sheep', 'wheat', 'ore']",resource,Which resource would you like to trade: ,wheat
bot,"[1, 2, 3]",int,How many would you like to trade: ,1
bot,"['Y', 'N']",action,Red would you like to trade sheep for wheat [Y/N]: ,Y
bot,"[1, 2, 3, 4]",int,"1=Build, 2=Trade, 3=Dev Cards(Play/Select), 4=End: ",1
bot,"[1, 2, 3, 4]",int,"1=Settlement, 2=City, 3=Road, 4=End: ",3
bot,"[1, 2, 3, 4]",int,"1=Settlement, 2=City, 3=Road, 4=End: ",3
bot,"[1, 2, 3, 4]",int,"1=Settlement, 2=City, 3=Road, 4=End: ",2
bot,"[1, 2, 3, 4]",int,"1=Settlement, 2=City, 3=Road, 4=End: ",4
bot,"[1, 2, 3, 4]",int,"1=Build, 2=Trade, 3=Dev Cards(Play/Select), 4=End: ",4
bot,"range(0, 18)",int,Choosen a Tile [0-18] to move the Robber to: ,5
bot,"['Yellow', 'Blue']",player,"Choose a player to steal from {'Yellow', 'Blue'}: ",Blue
bot,"['ore', 'wheat', 'wood', 'sheep']",resource,"Which resource would you like to discard: brick, wood, sheep, wheat, ore: ",wood
bot,"['ore', 'wheat', 'wood', 'sheep']",resource,"Which resource would you like to discard: brick, wood, sheep, wheat, ore: ",ore
bot,"['ore', 'wheat', 'wood', 'sheep']",resource,"Which resource would you like to discard: brick, wood, sheep, wheat, ore: ",sheep
bot,"['ore', 'wheat', 'wood', 'sheep']",resource,"Which resource would you like to discard: brick, wood, sheep, wheat, ore: ",sheep
bot,"['ore', 'wheat', 'wood', 'sheep']",resource,"Which resource would you like to discard: brick, wood, sheep, wheat, ore: ",ore
bot,"['ore', 'wheat', 'wood', 'sheep']",resource,"Which resource would you like to discard: brick, wood, sheep, wheat, ore: ",wood
bot,"['ore', 'wheat', 'sheep']",resource,"Which resource would you like to discard: brick, wood, sheep, wheat, ore: ",ore
bot,"['ore', 'wheat', 'sheep']",resource,"Which resource would you like to discard: brick, wood, sheep, wheat, ore: ",wheat
bot,"['ore', 'wheat', 'sheep']",resource,"Which resource would you like to discard: brick, wood, sheep, wheat, ore: ",wheat
bot,"['ore', 'wheat', 'sheep']",resource,"Which resource would you like to discard: brick, wood, sheep, wheat, ore: ",wheat
bot,"['wood', 'wheat']",resource,"Which resource would you like to discard: brick, wood, sheep, wheat, ore: ",wood
bot,"['wood', 'wheat']",resource,"Which resource would you like to discard: brick, wood, sheep, wheat, ore: ",wood
bot,"['wood', 'wheat']",resource,"Which resource would you like to discard: brick, wood, sheep, wheat, ore: ",wood
bot,"['wood', 'wheat']",resource,"Which resource would you like to discard: brick, wood, sheep, wheat, ore: ",wheat
bot,"['wood', 'wheat']",resource,"Which resource would you like to discard: brick, wood, sheep, wheat, ore: ",wood
bot,"['wood', 'wheat']",resource,"Which resource would you like to discard: brick, wood, sheep, wheat, ore: ",wood
bot,"[1, 2, 3, 4]",int,"1=Build, 2=Trade, 3=Dev Cards(Play/Select), 4=End: ",1
bot,"[1, 2, 3, 4]",int,"1=Settlement, 2=City, 3=Road, 4=End: ",4
bot,"[1, 2, 3, 4]",int,"1=Build, 2=Trade, 3=Dev Cards(Play/Select), 4=End: ",2
bot,"[1, 2, 3]",int,"Player Trade (1), Bank/Port Trade (2), Cancel (3): ",2
bot,"['brick', 'wood', 'sheep', 'wheat', 'ore']",resource,Which resource would you like to trade (give away): ,ore
bot,"['brick', 'wood', 'sheep', 'wheat', 'ore']",resource,Which resource would you like to receive: ,wheat
bot,"[1, 2, 3]",int,"Player Trade (1), Bank/Port Trade (2), Cancel (3): ",3
bot,"[1, 2, 3, 4]",int,"1=Build, 2=Trade, 3=Dev Cards(Play/Select), 4=End: ",2
bot,"[1, 2, 3]",int,"Player Trade (1), Bank/Port Trade (2), Cancel (3): ",3
bot,"[1, 2, 3, 4]",int,"1=Build, 2=Trade, 3=Dev Cards(Play/Select), 4=End: ",3
bot,"[1, 2, 3]",int,"1=Collect, 2=Play, 3=End:",2
bot,"[1, 2, 3]",int,"1=Collect, 2=Play, 3=End:",2
bot,"[1, 2, 3]",int,"1=Collect, 2=Play, 3=End:",2
bot,"[1, 2, 3]",int,"1=Collect, 2=Play, 3=End:",3
bot,"[1, 2, 3, 4]",int,"1=Build, 2=Trade, 3=Dev Cards(Play/Select), 4=End: ",2
bot,"[1, 2, 3]",int,"Player Trade (1), Bank/Port Trade (2), Cancel (3): ",2
bot,"['brick', 'wood', 'sheep', 'wheat', 'ore']",resource,Which resource would you like to trade (give away): ,wheat
bot,"['brick', 'wood', 'sheep', 'wheat', 'ore']",resource,Which resource would you like to receive: ,sheep
bot,"[1, 2, 3]",int,"Player Trade (1), Bank/Port Trade (2), Cancel (3): ",3
bot,"[1, 2, 3, 4]",int,"1=Build, 2=Trade, 3=Dev Cards(Play/Select), 4=End: ",3
bot,"[1, 2, 3]",int,"1=Collect, 2=Play, 3=End:",2
bot,"[1, 2, 3]",int,"1=Collect, 2=Play, 3=End:",2
bot,"[1, 2, 3]",int,"1=Collect, 2=Play, 3=End:",2
bot,"[1, 2, 3]",int,"1=Collect, 2=Play, 3=End:",2
bot,"[1, 2, 3]",int,"1=Collect, 2=Play, 3=End:",2
bot,"[1, 2, 3]",int,"1=Collect, 2=Play, 3=End:",1
bot,"[1, 2, 3]",int,"1=Collect, 2=Play, 3=End:",1
bot,"[1, 2, 3]",int,"1=Collect, 2=Play, 3=End:",3
bot,"[1, 2, 3, 4]",int,"1=Build, 2=Trade, 3=Dev Cards(Play/Select), 4=End: ",1
bot,"[1, 2, 3, 4]",int,"1=Settlement, 2=City, 3=Road, 4=End: ",1
bot,"[1, 2, 3, 4]",int,"1=Settlement, 2=City, 3=Road, 4=End: ",4
bot,"[1, 2, 3, 4]",int,"1=Build, 2=Trade, 3=Dev Cards(Play/Select), 4=End: ",4
bot,"[1, 2, 3, 4]",int,"1=Build, 2=Trade, 3=Dev Cards(Play/Select), 4=End: ",1
bot,"[1, 2, 3, 4]",int,"1=Settlement, 2=City, 3=Road, 4=End: ",4
bot,"[1, 2, 3, 4]",int,"1=Build, 2=Trade, 3=Dev Cards(Play/Select), 4=End: ",4
bot,"[1, 2, 3, 4]",int,"1=Build, 2=Trade, 3=Dev Cards(Play/Select), 4=End: ",1
bot,"[1, 2, 3, 4]",int,"1=Settlement, 2=City, 3=Road, 4=End: ",4
bot,"[1, 2, 3, 4]",int,"1=Build, 2=Trade, 3=Dev Cards(Play/Select), 4=End: ",3
bot,"[1, 2, 3]",int,"1=Collect, 2=Play, 3=End:",3
bot,"[1, 2, 3, 4]",int,"1=Build, 2=Trade, 3=Dev Cards(Play/Select), 4=End: ",4
bot,"[1, 2, 3, 4]",int,"1=Build, 2=Trade, 3=Dev Cards(Play/Select), 4=End: ",4
bot,"[1, 2, 3, 4]",int,"1=Build, 2=Trade, 3=Dev Cards(Play/Select), 4=End: ",1
bot,"[1, 2, 3, 4]",int,"1=Settlement, 2=City, 3=Road, 4=End: ",1
bot,"[1, 2, 3, 4]",int,"1=Settlement, 2=City, 3=Road, 4=End: ",2
bot,"[1, 2, 3, 4]",int,"1=Settlement, 2=City, 3=Road, 4=End: ",4
bot,"[1, 2, 3, 4]",int,"1=Build, 2=Trade, 3=Dev Cards(Play/Select), 4=End: ",3
bot,"[1, 2, 3]",int,"1=Collect, 2=Play, 3=End:",3
bot,"[1, 2, 3, 4]",int,"1=Build, 2=Trade, 3=Dev Cards(Play/Select), 4=End: ",2
bot,"[1, 2, 3]",int,"Player Trade (1), Bank/Port Trade (2), Cancel (3): ",1
bot,"['brick', 'wood', 'sheep', 'wheat', 'ore']",resource,Which resource would you like to trade (give away): ,sheep
bot,"[1, 2, 3, 4]",int,How many would you like to trade: ,4
bot,"['brick', 'wood', 'sheep', 'wheat', 'ore']",resource,Which resource would you like to trade: ,wheat
bot,"[1, 2, 3]",int,How many would you like to trade: ,1
bot,"['Y', 'N']",action,Green would you like to trade sheep for wheat [Y/N]: ,Y
bot,"[1, 2, 3, 4]",int,"1=Build, 2=Trade, 3=Dev Cards(Play/Select), 4=End: ",4
bot,"[1, 2, 3, 4]",int,"1=Build, 2=Trade, 3=Dev Cards(Play/Select), 4=End: ",1
bot,"[1, 2, 3, 4]",int,"1=Settlement, 2=City, 3=Road, 4=End: ",2
bot,"[1, 2, 3, 4]",int,"1=Settlement, 2=City, 3=Road, 4=End: ",2
bot,"[1, 2, 3, 4]",int,"1=Settlement, 2=City, 3=Road, 4=End: ",3
bot,"[1, 2, 3, 4]",int,"1=Settlement, 2=City, 3=Road, 4=End: ",2
bot,"[1, 2, 3, 4]",int,"1=Settlement, 2=City, 3=Road, 4=End: ",1
bot,"[1, 2, 3, 4]",int,"1=Settlement, 2=City, 3=Road, 4=End: ",2
bot,"[1, 2, 3, 4]",int,"1=Settlement, 2=City, 3=Road, 4=End: ",3
bot,"[1, 2, 3, 4]",int,"1=Settlement, 2=City, 3=Road, 4=End: ",1
bot,"[1, 2, 3, 4]",int,"1=Settlement, 2=City, 3=Road, 4=End: ",4
bot,"[1, 2, 3, 4]",int,"1=Build, 2=Trade, 3=Dev Cards(Play/Select), 4=End: ",3
bot,"[1, 2, 3]",int,"1=Collect, 2=Play, 3=End:",1
bot,"[1, 2, 3]",int,"1=Collect, 2=Play, 3=End:",3
bot,"[1, 2, 3, 4]",int,"1=Build, 2=Trade, 3=Dev Cards(Play/Select), 4=End: ",2
bot,"[1, 2, 3]",int,"Player Trade (1), Bank/Port Trade (2), Cancel (3): ",1
bot,"['brick', 'wood', 'sheep', 'wheat', 'ore']",resource,Which resource would you like to trade (give away): ,ore
bot,"[1, 2, 3, 4]",int,How many would you like to trade: ,3
bot,"['brick', 'wood', 'sheep', 'wheat', 'ore']",resource,Which resource would you like to trade: ,wheat
bot,"[1, 2, 3]",int,How many would you like to trade: ,1
bot,"['Y', 'N']",action,Red would you like to trade ore for wheat [Y/N]: ,N
bot,"['Y', 'N']",action,Green would you like to trade ore for wheat [Y/N]: ,Y
bot,"[1, 2, 3, 4]",int,"1=Build, 2=Trade, 3=Dev Cards(Play/Select), 4=End: ",2
bot,"[1, 2, 3]",int,"Player Trade (1), Bank/Port Trade (2), Cancel (3): ",3
bot,"[1, 2, 3, 4]",int,"1=Build, 2=Trade, 3=Dev Cards(Play/Select), 4=End: ",2
bot,"[1, 2, 3]",int,"Player Trade (1), Bank/Port Trade (2), Cancel (3): ",2
bot,"['brick', 'wood', 'sheep', 'wheat', 'ore']",resource,Which resource would you like to trade (give away): ,wood
bot,"['brick', 'wood', 'sheep', 'wheat', 'ore']",resource,Which resource would you like to receive: ,wheat
bot,"[1, 2, 3, 4]",int,"1=Build, 2=Trade, 3=Dev Cards(Play/Select), 4=End: ",3
bot,"[1, 2, 3]",int,"1=Collect, 2=Play, 3=End:",2
bot,"[1, 2, 3]",int,"1=Collect, 2=Play, 3=End:",1
bot,"[1, 2, 3]",int,"1=Collect, 2=Play, 3=End:",3
bot,"[1, 2, 3, 4]",int,"1=Build, 2=Trade, 3=Dev Cards(Play/Select), 4=End: ",2
bot,"[1, 2, 3]",int,"Player Trade (1), Bank/Port Trade (2), Cancel (3): ",2
bot,"['brick', 'wood', 'sheep', 'wheat', 'ore']",resource,Which resource would you like to trade (give away): ,wheat
bot,"['brick', 'wood', 'sheep', 'wheat', 'ore']",resource,Which resource would you like to receive: ,ore
bot,"[1, 2, 3, 4]",int,"1=Build, 2=Trade, 3=Dev Cards(Play/Select), 4=End: ",1
bot,"[1, 2, 3, 4]",int,"1=Settlement, 2=City, 3=Road, 4=End: ",4
bot,"[1, 2, 3, 4]",int,"1=Build, 2=Trade, 3=Dev Cards(Play/Select), 4=End: ",4
bot,"[1, 2, 3, 4]",int,"1=Build, 2=Trade, 3=Dev Cards(Play/Select), 4=End: ",2
bot,"[1, 2, 3]",int,"Player Trade (1), Bank/Port Trade (2), Cancel (3): ",3
bot,"[1, 2, 3, 4]",int,"1=Build, 2=Trade, 3=Dev Cards(Play/Select), 4=End: ",1
bot,"[1, 2, 3, 4]",int,"1=Settlement, 2=City, 3=Road, 4=End: ",1
bot,"[1, 2, 3, 4]",int,"1=Settlement, 2=City, 3=Road, 4=End: ",2
bot,"[1, 2, 3, 4]",int,"1=Settlement, 2=City, 3=Road, 4=End: ",2
bot,"[1, 2, 3, 4]",int,"1=Settlement, 2=City, 3=Road, 4=End: ",4
bot,"[1, 2, 3, 4]",int,"1=Build, 2=Trade, 3=Dev Cards(Play/Select), 4=End: ",1
bot,"[1, 2, 3, 4]",int,"1=Settlement, 2=City, 3=Road, 4=End: ",1
bot,"[1, 2, 3, 4]",int,"1=Settlement, 2=City, 3=Road, 4=End: ",3
bot,"[1, 2, 3, 4]",int,"1=Settlement, 2=City, 3=Road, 4=End: ",1
bot,"[1, 2, 3, 4]",int,"1=Settlement, 2=City, 3=Road, 4=End: ",3
bot,"[1, 2, 3, 4]",int,"1=Settlement, 2=City, 3=Road, 4=End: ",4
bot,"[1, 2, 3, 4]",int,"1=Build, 2=Trade, 3=Dev Cards(Play/Select), 4=End: ",4
bot,"[1, 2, 3, 4]",int,"1=Build, 2=Trade, 3=Dev Cards(Play/Select), 4=End: ",4
bot,"[1, 2, 3, 4]",int,"1=Build, 2=Trade, 3=Dev Cards(Play/Select), 4=End: ",2
bot,"[1, 2, 3]",int,"Player Trade (1), Bank/Port Trade (2), Cancel (3): ",2
bot,"['brick', 'wood', 'sheep', 'wheat', 'ore']",resource,Which resource would you like to trade (give away): ,ore
bot,"['brick', 'wood', 'sheep', 'wheat', 'ore']",resource,Which resource would you like to receive: ,brick
bot,"[1, 2, 3, 4]",int,"1=Build, 2=Trade, 3=Dev Cards(Play/Select), 4=End: ",2
bot,"[1, 2, 3]",int,"Player Trade (1), Bank/Port Trade (2), Cancel (3): ",1
bot,"['brick', 'wood', 'sheep', 'wheat', 'ore']",resource,Which resource would you like to trade (give away): ,brick
bot,"[1, 2, 3, 4]",int,How many would you like to trade: ,3
bot,"['brick', 'wood', 'sheep', 'wheat', 'ore']",resource,Which resource would you like to trade: ,wood
bot,"[1, 2, 3]",int,How many would you like to trade: ,3
bot,"[1, 2, 3, 4]",int,"1=Build, 2=Trade, 3=Dev Cards(Play/Select), 4=End: ",1
bot,"[1, 2, 3, 4]",int,"1=Settlement, 2=City, 3=Road, 4=End: ",4
bot,"[1, 2, 3, 4]",int,"1=Build, 2=Trade, 3=Dev Cards(Play/Select), 4=End: ",1
bot,"[1, 2, 3, 4]",int,"1=Settlement, 2=City, 3=Road, 4=End: ",4
bot,"[1, 2, 3, 4]",int,"1=Build, 2=Trade, 3=Dev Cards(Play/Select), 4=End: ",4
bot,"[1, 2, 3, 4]",int,"1=Build, 2=Trade, 3=Dev Cards(Play/Select), 4=End: ",4
bot,"range(0, 18)",int,Choosen a Tile [0-18] to move the Robber to: ,2
bot,"['brick', 'sheep']",resource,"Which resource would you like to discard: brick, wood, sheep, wheat, ore: ",brick
bot,['sheep'],resource,"Which resource would you like to discard: brick, wood, sheep, wheat, ore: ",sheep
bot,['sheep'],resource,"Which resource would you like to discard: brick, wood, sheep, wheat, ore: ",sheep
bot,['sheep'],resource,"Which resource would you like to discard: brick, wood, sheep, wheat, ore: ",sheep
bot,"['wheat', 'sheep']",resource,"Which resource would you like to discard: brick, wood, sheep, wheat, ore: ",sheep
bot,"['wheat', 'sheep']",resource,"Which resource would you like to discard: brick, wood, sheep, wheat, ore: ",sheep
bot,"['wheat', 'sheep']",resource,"Which resource would you like to discard: brick, wood, sheep, wheat, ore: ",wheat
bot,"['wheat', 'sheep']",resource,"Which resource would you like to discard: brick, wood, sheep, wheat, ore: ",sheep
bot,"['wheat', 'sheep']",resource,"Which resource would you like to discard: brick, wood, sheep, wheat, ore: ",wheat
bot,"['wheat', 'sheep']",resource,"Which resource would you like to discard: brick, wood, sheep, wheat, ore: ",wheat
bot,"['wheat', 'sheep']",resource,"Which resource would you like to discard: brick, wood, sheep, wheat, ore: ",wheat
bot,"['wheat', 'sheep']",resource,"Which resource would you like to discard: brick, wood, sheep, wheat, ore: ",sheep
bot,"['wheat', 'sheep']",resource,"Which resource would you like to discard: brick, wood, sheep, wheat, ore: ",wheat
bot,"[1, 2, 3, 4]",int,"1=Build, 2=Trade, 3=Dev Cards(Play/Select), 4=End: ",4
bot,"range(0, 18)",int,Choosen a Tile [0-18] to move the Robber to: ,9
bot,['Blue'],player,Choose a player to steal from {'Blue'}: ,Blue
bot,"['wheat', 'sheep']",resource,"Which resource would you like to discard: brick, wood, sheep, wheat, ore: ",sheep
bot,"['wheat', 'sheep']",resource,"Which resource would you like to discard: brick, wood, sheep, wheat, ore: ",sheep
bot,['wheat'],resource,"Which resource would you like to discard: brick, wood, sheep, wheat, ore: ",wheat
bot,['wheat'],resource,"Which resource would you like to discard: brick, wood, sheep, wheat, ore: ",wheat
bot,['wheat'],resource,"Which resource would you like to discard: brick, wood, sheep, wheat, ore: ",wheat
bot,"[1, 2, 3, 4]",int,"1=Build, 2=Trade, 3=Dev Cards(Play/Select), 4=End: ",4
bot,"[1, 2, 3, 4]",int,"1=Build, 2=Trade, 3=Dev Cards(Play/Select), 4=End: ",4
bot,"[1, 2, 3, 4]",int,"1=Build, 2=Trade, 3=Dev Cards(Play/Select), 4=End: ",4
bot,"[1, 2, 3, 4]",int,"1=Build, 2=Trade, 3=Dev Cards(Play/Select), 4=End: ",3
bot,"[1, 2, 3]",int,"1=Collect, 2=Play, 3=End:",1
bot,"[1, 2, 3]",int,"1=Collect, 2=Play, 3=End:",1
bot,"[1, 2, 3]",int,"1=Collect, 2=Play, 3=End:",2
bot,"[1, 2, 3]",int,"1=Collect, 2=Play, 3=End:",3
bot,"[1, 2, 3, 4]",int,"1=Build, 2=Trade, 3=Dev Cards(Play/Select), 4=End: ",2
bot,"[1, 2, 3]",int,"Player Trade (1), Bank/Port Trade (2), Cancel (3): ",3
bot,"[1, 2, 3, 4]",int,"1=Build, 2=Trade, 3=Dev Cards(Play/Select), 4=End: ",1
bot,"[1, 2, 3, 4]",int,"1=Settlement, 2=City, 3=Road, 4=End: ",3
bot,"[21, 28, 30, 36, 35, 41, 43, 50]",int,Choose road location - [0-71]: ,50
bot,"[1, 2, 3, 4]",int,"1=Settlement, 2=City, 3=Road, 4=End: ",4
bot,"[1, 2, 3, 4]",int,"1=Build, 2=Trade, 3=Dev Cards(Play/Select), 4=End: ",4
bot,"[1, 2, 3, 4]",int,"1=Build, 2=Trade, 3=Dev Cards(Play/Select), 4=End: ",1
bot,"[1, 2, 3, 4]",int,"1=Settlement, 2=City, 3=Road, 4=End: ",3
bot,"[1, 2, 3, 4]",int,"1=Settlement, 2=City, 3=Road, 4=End: ",4
bot,"[1, 2, 3, 4]",int,"1=Build, 2=Trade, 3=Dev Cards(Play/Select), 4=End: ",2
bot,"[1, 2, 3]",int,"Player Trade (1), Bank/Port Trade (2), Cancel (3): ",1
bot,"['brick', 'wood', 'sheep', 'wheat', 'ore']",resource,Which resource would you like to trade (give away): ,brick
bot,"[1, 2, 3, 4]",int,How many would you like to trade: ,1
bot,"['brick', 'wood', 'sheep', 'wheat', 'ore']",resource,Which resource would you like to trade: ,sheep
bot,"[1, 2, 3]",int,How many would you like to trade: ,2
bot,"[1, 2, 3, 4]",int,"1=Build, 2=Trade, 3=Dev Cards(Play/Select), 4=End: ",4
bot,"[1, 2, 3, 4]",int,"1=Build, 2=Trade, 3=Dev Cards(Play/Select), 4=End: ",1
bot,"[1, 2, 3, 4]",int,"1=Settlement, 2=City, 3=Road, 4=End: ",4
bot,"[1, 2, 3, 4]",int,"1=Build, 2=Trade, 3=Dev Cards(Play/Select), 4=End: ",1
bot,"[1, 2, 3, 4]",int,"1=Settlement, 2=City, 3=Road, 4=End: ",3
bot,"[1, 2, 3, 4]",int,"1=Settlement, 2=City, 3=Road, 4=End: ",3
bot,"[1, 2, 3, 4]",int,"1=Settlement, 2=City, 3=Road, 4=End: ",4
bot,"[1, 2, 3, 4]",int,"1=Build, 2=Trade, 3=Dev Cards(Play/Select), 4=End: ",3
bot,"[1, 2, 3]",int,"1=Collect, 2=Play, 3=End:",3
bot,"[1, 2, 3, 4]",int,"1=Build, 2=Trade, 3=Dev Cards(Play/Select), 4=End: ",4
bot,"[1, 2, 3, 4]",int,"1=Build, 2=Trade, 3=Dev Cards(Play/Select), 4=End: ",3
bot,"[1, 2, 3]",int,"1=Collect, 2=Play, 3=End:",2
bot,"[1, 2, 3]",int,"1=Collect, 2=Play, 3=End:",1
bot,"[1, 2, 3]",int,"1=Collect, 2=Play, 3=End:",1
bot,"[1, 2, 3]",int,"1=Collect, 2=Play, 3=End:",3
bot,"[1, 2, 3, 4]",int,"1=Build, 2=Trade, 3=Dev Cards(Play/Select), 4=End: ",3
bot,"[1, 2, 3]",int,"1=Collect, 2=Play, 3=End:",2
bot,"[1, 2, 3]",int,"1=Collect, 2=Play, 3=End:",3
bot,"[1, 2, 3, 4]",int,"1=Build, 2=Trade, 3=Dev Cards(Play/Select), 4=End: ",1
bot,"[1, 2, 3, 4]",int,"1=Settlement, 2=City, 3=Road, 4=End: ",1
bot,"[1, 2, 3, 4]",int,"1=Settlement, 2=City, 3=Road, 4=End: ",4
bot,"[1, 2, 3, 4]",int,"1=Build, 2=Trade, 3=Dev Cards(Play/Select), 4=End: ",3
bot,"[1, 2, 3]",int,"1=Collect, 2=Play, 3=End:",3
bot,"[1, 2, 3, 4]",int,"1=Build, 2=Trade, 3=Dev Cards(Play/Select), 4=End: ",3
bot,"[1, 2, 3]",int,"1=Collect, 2=Play, 3=End:",3
bot,"[1, 2, 3, 4]",int,"1=Build, 2=Trade, 3=Dev Cards(Play/Select), 4=End: ",1
bot,"[1, 2, 3, 4]",int,"1=Settlement, 2=City, 3=Road, 4=End: ",4
bot,"[1, 2, 3, 4]",int,"1=Build, 2=Trade, 3=Dev Cards(Play/Select), 4=End: ",4
bot,"[1, 2, 3, 4]",int,"1=Build, 2=Trade, 3=Dev Cards(Play/Select), 4=End: ",3
bot,"[1, 2, 3]",int,"1=Collect, 2=Play, 3=End:",3
bot,"[1, 2, 3, 4]",int,"1=Build, 2=Trade, 3=Dev Cards(Play/Select), 4=End: ",3
bot,"[1, 2, 3]",int,"1=Collect, 2=Play, 3=End:",2
bot,"[1, 2, 3]",int,"1=Collect, 2=Play, 3=End:",2
bot,"[1, 2, 3]",int,"1=Collect, 2=Play, 3=End:",3
bot,"[1, 2, 3, 4]",int,"1=Build, 2=Trade, 3=Dev Cards(Play/Select), 4=End: ",1
bot,"[1, 2, 3, 4]",int,"1=Settlement, 2=City, 3=Road, 4=End: ",3
bot,"[1, 2, 3, 4]",int,"1=Settlement, 2=City, 3=Road, 4=End: ",1
bot,"[1, 2, 3, 4]",int,"1=Settlement, 2=City, 3=Road, 4=End: ",1
bot,"[1, 2, 3, 4]",int,"1=Settlement, 2=City, 3=Road, 4=End: ",1
bot,"[1, 2, 3, 4]",int,"1=Settlement, 2=City, 3=Road, 4=End: ",3
bot,"[1, 2, 3, 4]",int,"1=Settlement, 2=City, 3=Road, 4=End: ",4
bot,"[1, 2, 3, 4]",int,"1=Build, 2=Trade, 3=Dev Cards(Play/Select), 4=End: ",3
bot,"[1, 2, 3]",int,"1=Collect, 2=Play, 3=End:",1
bot,"[1, 2, 3]",int,"1=Collect, 2=Play, 3=End:",2
bot,"[1, 2, 3]",int,"1=Collect, 2=Play, 3=End:",1
bot,"[1, 2, 3]",int,"1=Collect, 2=Play, 3=End:",1
bot,"[1, 2, 3]",int,"1=Collect, 2=Play, 3=End:",2
bot,"[1, 2, 3]",int,"1=Collect, 2=Play, 3=End:",3
bot,"[1, 2, 3, 4]",int,"1=Build, 2=Trade, 3=Dev Cards(Play/Select), 4=End: ",3
bot,"[1, 2, 3]",int,"1=Collect, 2=Play, 3=End:",1
bot,"[1, 2, 3]",int,"1=Collect, 2=Play, 3=End:",2
bot,"[1, 2, 3]",int,"1=Collect, 2=Play, 3=End:",1
bot,"[1, 2, 3]",int,"1=Collect, 2=Play, 3=End:",3
bot,"[1, 2, 3, 4]",int,"1=Build, 2=Trade, 3=Dev Cards(Play/Select), 4=End: ",3
bot,"[1, 2, 3]",int,"1=Collect, 2=Play, 3=End:",3
bot,"[1, 2, 3, 4]",int,"1=Build, 2=Trade, 3=Dev Cards(Play/Select), 4=End: ",2
bot,"[1, 2, 3]",int,"Player Trade (1), Bank/Port Trade (2), Cancel (3): ",1
bot,"['brick', 'wood', 'sheep', 'wheat', 'ore']",resource,Which resource would you like to trade (give away): ,brick
bot,"[1, 2, 3, 4]",int,How many would you like to trade: ,1
bot,"['brick', 'wood', 'sheep', 'wheat', 'ore']",resource,Which resource would you like to trade: ,wheat
bot,"[1, 2, 3]",int,How many would you like to trade: ,3
bot,"[1, 2, 3, 4]",int,"1=Build, 2=Trade, 3=Dev Cards(Play/Select), 4=End: ",1
bot,"[1, 2, 3, 4]",int,"1=Settlement, 2=City, 3=Road, 4=End: ",3
bot,"[1, 2, 3, 4]",int,"1=Settlement, 2=City, 3=Road, 4=End: ",4
bot,"[1, 2, 3, 4]",int,"1=Build, 2=Trade, 3=Dev Cards(Play/Select), 4=End: ",2
bot,"[1, 2, 3]",int,"Player Trade (1), Bank/Port Trade (2), Cancel (3): ",3
bot,"[1, 2, 3, 4]",int,"1=Build, 2=Trade, 3=Dev Cards(Play/Select), 4=End: ",1
bot,"[1, 2, 3, 4]",int,"1=Settlement, 2=City, 3=Road, 4=End: ",4
bot,"[1, 2, 3, 4]",int,"1=Build, 2=Trade, 3=Dev Cards(Play/Select), 4=End: ",4
bot,"[1, 2, 3, 4]",int,"1=Build, 2=Trade, 3=Dev Cards(Play/Select), 4=End: ",2
bot,"[1, 2, 3]",int,"Player Trade (1), Bank/Port Trade (2), Cancel (3): ",3
bot,"[1, 2, 3, 4]",int,"1=Build, 2=Trade, 3=Dev Cards(Play/Select), 4=End: ",3
bot,"[1, 2, 3]",int,"1=Collect, 2=Play, 3=End:",2
bot,"[1, 2, 3]",int,"1=Collect, 2=Play, 3=End:",3
bot,"[1, 2, 3, 4]",int,"1=Build, 2=Trade, 3=Dev Cards(Play/Select), 4=End: ",1
bot,"[1, 2, 3, 4]",int,"1=Settlement, 2=City, 3=Road, 4=End: ",4
bot,"[1, 2, 3, 4]",int,"1=Build, 2=Trade, 3=Dev Cards(Play/Select), 4=End: ",2
bot,"[1, 2, 3]",int,"Player Trade (1), Bank/Port Trade (2), Cancel (3): ",1
bot,"['brick', 'wood', 'sheep', 'wheat', 'ore']",resource,Which resource would you like to trade (give away): ,wood
bot,"[1, 2, 3, 4]",int,How many would you like to trade: ,1
bot,"['brick', 'wood', 'sheep', 'wheat', 'ore']",resource,Which resource would you like to trade: ,sheep
bot,"[1, 2, 3]",int,How many would you like to trade: ,1
bot,"['Y', 'N']",action,Yellow would you like to trade wood for sheep [Y/N]: ,N
bot,"['Y', 'N']",action,Blue would you like to trade wood for sheep [Y/N]: ,Y
bot,"[1, 2, 3, 4]",int,"1=Build, 2=Trade, 3=Dev Cards(Play/Select), 4=End: ",3
bot,"[1, 2, 3]",int,"1=Collect, 2=Play, 3=End:",2
bot,"[1, 2, 3]",int,"1=Collect, 2=Play, 3=End:",3
bot,"[1, 2, 3, 4]",int,"1=Build, 2=Trade, 3=Dev Cards(Play/Select), 4=End: ",2
bot,"[1, 2, 3]",int,"Player Trade (1), Bank/Port Trade (2), Cancel (3): ",1
bot,"['brick', 'wood', 'sheep', 'wheat', 'ore']",resource,Which resource would you like to trade (give away): ,sheep
bot,"[1, 2, 3, 4]",int,How many would you like to trade: ,3
bot,"['brick', 'wood', 'sheep', 'wheat', 'ore']",resource,Which resource would you like to trade: ,ore
bot,"[1, 2, 3]",int,How many would you like to trade: ,2
bot,"['Y', 'N']",action,Red would you like to trade sheep for ore [Y/N]: ,N
bot,"[1, 2, 3, 4]",int,"1=Build, 2=Trade, 3=Dev Cards(Play/Select), 4=End: ",1
bot,"[1, 2, 3, 4]",int,"1=Settlement, 2=City, 3=Road, 4=End: ",3
bot,"[19, 24, 26, 34, 37, 45, 47, 52]",int,Choose road location - [0-71]: ,52
bot,"[1, 2, 3, 4]",int,"1=Settlement, 2=City, 3=Road, 4=End: ",1
bot,"[1, 2, 3, 4]",int,"1=Settlement, 2=City, 3=Road, 4=End: ",1
bot,"[1, 2, 3, 4]",int,"1=Settlement, 2=City, 3=Road, 4=End: ",1
bot,"[1, 2, 3, 4]",int,"1=Settlement, 2=City, 3=Road, 4=End: ",4
bot,"[1, 2, 3, 4]",int,"1=Build, 2=Trade, 3=Dev Cards(Play/Select), 4=End: ",4
bot,"[1, 2, 3, 4]",int,"1=Build, 2=Trade, 3=Dev Cards(Play/Select), 4=End: ",3
bot,"[1, 2, 3]",int,"1=Collect, 2=Play, 3=End:",1
bot,"[1, 2, 3]",int,"1=Collect, 2=Play, 3=End:",2
bot,['victory_point'],card,"Which dev card would you like to play from - [VictoryPoint(color=None, played=False, player=None, name='victory_point')]: ",victory_point
bot,"[1, 2, 3, 4]",int,"1=Build, 2=Trade, 3=Dev Cards(Play/Select), 4=End: ",3
bot,"[1, 2, 3]",int,"1=Collect, 2=Play, 3=End:",3
bot,"[1, 2, 3, 4]",int,"1=Build, 2=Trade, 3=Dev Cards(Play/Select), 4=End: ",2
bot,"[1, 2, 3]",int,"Player Trade (1), Bank/Port Trade (2), Cancel (3): ",1
bot,"['brick', 'wood', 'sheep', 'wheat', 'ore']",resource,Which resource would you like to trade (give away): ,ore
bot,"[1, 2, 3, 4]",int,How many would you like to trade: ,3
bot,"['brick', 'wood', 'sheep', 'wheat', 'ore']",resource,Which resource would you like to trade: ,wheat
bot,"[1, 2, 3]",int,How many would you like to trade: ,3
bot,"['Y', 'N']",action,Yellow would you like to trade ore for wheat [Y/N]: ,N
bot,"[1, 2, 3, 4]",int,"1=Build, 2=Trade, 3=Dev Cards(Play/Select), 4=End: ",4
bot,"[1, 2, 3, 4]",int,"1=Build, 2=Trade, 3=Dev Cards(Play/Select), 4=End: ",2
bot,"[1, 2, 3]",int,"Player Trade (1), Bank/Port Trade (2), Cancel (3): ",3
bot,"[1, 2, 3, 4]",int,"1=Build, 2=Trade, 3=Dev Cards(Play/Select), 4=End: ",4
bot,"[1, 2, 3, 4]",int,"1=Build, 2=Trade, 3=Dev Cards(Play/Select), 4=End: ",1
bot,"[1, 2, 3, 4]",int,"1=Settlement, 2=City, 3=Road, 4=End: ",2
bot,"[1, 2, 3, 4]",int,"1=Settlement, 2=City, 3=Road, 4=End: ",4
bot,"[1, 2, 3, 4]",int,"1=Build, 2=Trade, 3=Dev Cards(Play/Select), 4=End: ",4
bot,"[1, 2, 3, 4]",int,"1=Build, 2=Trade, 3=Dev Cards(Play/Select), 4=End: ",4
bot,"range(0, 18)",int,Choosen a Tile [0-18] to move the Robber to: ,13
bot,"['Yellow', 'Blue']",player,"Choose a player to steal from {'Yellow', 'Blue'}: ",Yellow
bot,"['ore', 'wood', 'sheep']",resource,"Which resource would you like to discard: brick, wood, sheep, wheat, ore: ",ore
bot,"['ore', 'wood', 'sheep']",resource,"Which resource would you like to discard: brick, wood, sheep, wheat, ore: ",wood
bot,"['ore', 'wood', 'sheep']",resource,"Which resource would you like to discard: brick, wood, sheep, wheat, ore: ",ore
bot,"['wood', 'sheep']",resource,"Which resource would you like to discard: brick, wood, sheep, wheat, ore: ",sheep
bot,"['wood', 'sheep']",resource,"Which resource would you like to discard: brick, wood, sheep, wheat, ore: ",sheep
bot,"['wood', 'sheep']",resource,"Which resource would you like to discard: brick, wood, sheep, wheat, ore: ",sheep
bot,"['wood', 'sheep']",resource,"Which resource would you like to discard: brick, wood, sheep, wheat, ore: ",sheep
bot,"['wood', 'sheep']",resource,"Which resource would you like to discard: brick, wood, sheep, wheat, ore: ",sheep
bot,"['ore', 'wheat', 'wood']",resource,"Which resource would you like to discard: brick, wood, sheep, wheat, ore: ",ore
bot,"['ore', 'wheat', 'wood']",resource,"Which resource would you like to discard: brick, wood, sheep, wheat, ore: ",ore
bot,"['ore', 'wheat', 'wood']",resource,"Which resource would you like to discard: brick, wood, sheep, wheat, ore: ",ore
bot,"['wood', 'wheat']",resource,"Which resource would you like to discard: brick, wood, sheep, wheat, ore: ",wood
bot,"['wood', 'wheat']",resource,"Which resource would you like to discard: brick, wood, sheep, wheat, ore: ",wheat
bot,['wood'],resource,"Which resource would you like to discard: brick, wood, sheep, wheat, ore: ",wood
bot,"['wood', 'wheat', 'sheep']",resource,"Which resource would you like to discard: brick, wood, sheep, wheat, ore: ",sheep
bot,"['wood', 'wheat']",resource,"Which resource would you like to discard: brick, wood, sheep, wheat, ore: ",wood
bot,"['wood', 'wheat']",resource,"Which resource would you like to discard: brick, wood, sheep, wheat, ore: ",wood
bot,"['wood', 'wheat']",resource,"Which resource would you like to discard: brick, wood, sheep, wheat, ore: ",wood
bot,"['wheat', 'sheep']",resource,"Which resource would you like to discard: brick, wood, sheep, wheat, ore: ",sheep
bot,"['wheat', 'sheep']",resource,"Which resource would you like to discard: brick, wood, sheep, wheat, ore: ",sheep
bot,"['wheat', 'sheep']",resource,"Which resource would you like to discard: brick, wood, sheep, wheat, ore: ",wheat
bot,"['wheat', 'sheep']",resource,"Which resource would you like to discard: brick, wood, sheep, wheat, ore: ",sheep
bot,"['wheat', 'sheep']",resource,"Which resource would you like to discard: brick, wood, sheep, wheat, ore: ",sheep
bot,"[1, 2, 3, 4]",int,"1=Build, 2=Trade, 3=Dev Cards(Play/Select), 4=End: ",1
bot,"[1, 2, 3, 4]",int,"1=Settlement, 2=City, 3=Road, 4=End: ",1
bot,"[1, 2, 3, 4]",int,"1=Settlement, 2=City, 3=Road, 4=End: ",1
bot,"[1, 2, 3, 4]",int,"1=Settlement, 2=City, 3=Road, 4=End: ",3
bot,"[1, 2, 3, 4]",int,"1=Settlement, 2=City, 3=Road, 4=End: ",4
bot,"[1, 2, 3, 4]",int,"1=Build, 2=Trade, 3=Dev Cards(Play/Select), 4=End: ",3
bot,"[1, 2, 3]",int,"1=Collect, 2=Play, 3=End:",2
bot,"[1, 2, 3]",int,"1=Collect, 2=Play, 3=End:",2
bot,"[1, 2, 3]",int,"1=Collect, 2=Play, 3=End:",3
bot,"[1, 2, 3, 4]",int,"1=Build, 2=Trade, 3=Dev Cards(Play/Select), 4=End: ",2
bot,"[1, 2, 3]",int,"Player Trade (1), Bank/Port Trade (2), Cancel (3): ",2
bot,"['brick', 'wood', 'sheep', 'wheat', 'ore']",resource,Which resource would you like to trade (give away): ,wheat
bot,"['brick', 'wood', 'sheep', 'wheat', 'ore']",resource,Which resource would you like to receive: ,sheep
bot,"[1, 2, 3]",int,"Player Trade (1), Bank/Port Trade (2), Cancel (3): ",2
bot,"['brick', 'wood', 'sheep', 'wheat', 'ore']",resource,Which resource would you like to trade (give away): ,wheat
bot,"['brick', 'wood', 'sheep', 'wheat', 'ore']",resource,Which resource would you like to receive: ,brick
bot,"[1, 2, 3]",int,"Player Trade (1), Bank/Port Trade (2), Cancel (3): ",2
bot,"['brick', 'wood', 'sheep', 'wheat', 'ore']",resource,Which resource would you like to trade (give away): ,wood
bot,"['brick', 'wood', 'sheep', 'wheat', 'ore']",resource,Which resource would you like to receive: ,wheat
bot,"[1, 2, 3]",int,"Player Trade (1), Bank/Port Trade (2), Cancel (3): ",1
bot,"['brick', 'wood', 'sheep', 'wheat', 'ore']",resource,Which resource would you like to trade (give away): ,sheep
bot,"[1, 2, 3, 4]",int,How many would you like to trade: ,4
bot,"['brick', 'wood', 'sheep', 'wheat', 'ore']",resource,Which resource would you like to trade: ,wood
bot,"[1, 2, 3]",int,How many would you like to trade: ,1
bot,"[1, 2, 3, 4]",int,"1=Build, 2=Trade, 3=Dev Cards(Play/Select), 4=End: ",3
bot,"[1, 2, 3]",int,"1=Collect, 2=Play, 3=End:",1
bot,"[1, 2, 3]",int,"1=Collect, 2=Play, 3=End:",1
bot,"[1, 2, 3]",int,"1=Collect, 2=Play, 3=End:",1
bot,"[1, 2, 3]",int,"1=Collect, 2=Play, 3=End:",1
bot,"[1, 2, 3]",int,"1=Collect, 2=Play, 3=End:",3
bot,"[1, 2, 3, 4]",int,"1=Build, 2=Trade, 3=Dev Cards(Play/Select), 4=End: ",1
bot,"[1, 2, 3, 4]",int,"1=Settlement, 2=City, 3=Road, 4=End: ",2
bot,"[1, 2, 3, 4]",int,"1=Settlement, 2=City, 3=Road, 4=End: ",1
bot,"[1, 2, 3, 4]",int,"1=Settlement, 2=City, 3=Road, 4=End: ",4
bot,"[1, 2, 3, 4]",int,"1=Build, 2=Trade, 3=Dev Cards(Play/Select), 4=End: ",3
bot,"[1, 2, 3]",int,"1=Collect, 2=Play, 3=End:",3
bot,"[1, 2, 3, 4]",int,"1=Build, 2=Trade, 3=Dev Cards(Play/Select), 4=End: ",1
bot,"[1, 2, 3, 4]",int,"1=Settlement, 2=City, 3=Road, 4=End: ",1
bot,"[1, 2, 3, 4]",int,"1=Settlement, 2=City, 3=Road, 4=End: ",1
bot,"[1, 2, 3, 4]",int,"1=Settlement, 2=City, 3=Road, 4=End: ",3
bot,"[1, 2, 3, 4]",int,"1=Settlement, 2=City, 3=Road, 4=End: ",1
bot,"[1, 2, 3, 4]",int,"1=Settlement, 2=City, 3=Road, 4=End: ",3
bot,"[1, 2, 3, 4]",int,"1=Settlement, 2=City, 3=Road, 4=End: ",1
bot,"[1, 2, 3, 4]",int,"1=Settlement, 2=City, 3=Road, 4=End: ",1
bot,"[1, 2, 3, 4]",int,"1=Settlement, 2=City, 3=Road, 4=End: ",4
bot,"[1, 2, 3, 4]",int,"1=Build, 2=Trade, 3=Dev Cards(Play/Select), 4=End: ",3
bot,"[1, 2, 3]",int,"1=Collect, 2=Play, 3=End:",1
bot,"[1, 2, 3]",int,"1=Collect, 2=Play, 3=End:",3
bot,"[1, 2, 3, 4]",int,"1=Build, 2=Trade, 3=Dev Cards(Play/Select), 4=End: ",3
bot,"[1, 2, 3]",int,"1=Collect, 2=Play, 3=End:",3
bot,"[1, 2, 3, 4]",int,"1=Build, 2=Trade, 3=Dev Cards(Play/Select), 4=End: ",3
bot,"[1, 2, 3]",int,"1=Collect, 2=Play, 3=End:",3
bot,"[1, 2, 3, 4]",int,"1=Build, 2=Trade, 3=Dev Cards(Play/Select), 4=End: ",1
bot,"[1, 2, 3, 4]",int,"1=Settlement, 2=City, 3=Road, 4=End: ",4
bot,"[1, 2, 3, 4]",int,"1=Build, 2=Trade, 3=Dev Cards(Play/Select), 4=End: ",1
bot,"[1, 2, 3, 4]",int,"1=Settlement, 2=City, 3=Road, 4=End: ",1
bot,"[1, 2, 3, 4]",int,"1=Settlement, 2=City, 3=Road, 4=End: ",4
bot,"[1, 2, 3, 4]",int,"1=Build, 2=Trade, 3=Dev Cards(Play/Select), 4=End: ",1
bot,"[1, 2, 3, 4]",int,"1=Settlement, 2=City, 3=Road, 4=End: ",3
bot,"[1, 2, 3, 4]",int,"1=Settlement, 2=City, 3=Road, 4=End: ",3
bot,"[1, 2, 3, 4]",int,"1=Settlement, 2=City, 3=Road, 4=End: ",4
bot,"[1, 2, 3, 4]",int,"1=Build, 2=Trade, 3=Dev Cards(Play/Select), 4=End: ",1
bot,"[1, 2, 3, 4]",int,"1=Settlement, 2=City, 3=Road, 4=End: ",3
bot,"[1, 2, 3, 4]",int,"1=Settlement, 2=City, 3=Road, 4=End: ",3
bot,"[1, 2, 3, 4]",int,"1=Settlement, 2=City, 3=Road, 4=End: ",3
bot,"[1, 2, 3, 4]",int,"1=Settlement, 2=City, 3=Road, 4=End: ",3
bot,"[1, 2, 3, 4]",int,"1=Settlement, 2=City, 3=Road, 4=End: ",1
bot,"[1, 2, 3, 4]",int,"1=Settlement, 2=City, 3=Road, 4=End: ",3
bot,"[1, 2, 3, 4]",int,"1=Settlement, 2=City, 3=Road, 4=End: ",4
bot,"[1, 2, 3, 4]",int,"1=Build, 2=Trade, 3=Dev Cards(Play/Select), 4=End: ",4
bot,"[1, 2, 3, 4]",int,"1=Build, 2=Trade, 3=Dev Cards(Play/Select), 4=End: ",1
bot,"[1, 2, 3, 4]",int,"1=Settlement, 2=City, 3=Road, 4=End: ",3
bot,"[1, 2, 3, 4]",int,"1=Settlement, 2=City, 3=Road, 4=End: ",1
bot,"[1, 2, 3, 4]",int,"1=Settlement, 2=City, 3=Road, 4=End: ",2
bot,"[1, 2, 3, 4]",int,"1=Settlement, 2=City, 3=Road, 4=End: ",1
bot,"[1, 2, 3, 4]",int,"1=Settlement, 2=City, 3=Road, 4=End: ",4
bot,"[1, 2, 3, 4]",int,"1=Build, 2=Trade, 3=Dev Cards(Play/Select), 4=End: ",4
bot,"range(0, 18)",int,Choosen a Tile [0-18] to move the Robber to: ,8
bot,['Green'],player,Choose a player to steal from {'Green'}: ,Green
bot,"['wood', 'sheep']",resource,"Which resource would you like to discard: brick, wood, sheep, wheat, ore: ",wood
bot,['sheep'],resource,"Which resource would you like to discard: brick, wood, sheep, wheat, ore: ",sheep
bot,['sheep'],resource,"Which resource would you like to discard: brick, wood, sheep, wheat, ore: ",sheep
bot,['sheep'],resource,"Which resource would you like to discard: brick, wood, sheep, wheat, ore: ",sheep
bot,"[1, 2, 3, 4]",int,"1=Build, 2=Trade, 3=Dev Cards(Play/Select), 4=End: ",1
bot,"[1, 2, 3, 4]",int,"1=Settlement, 2=City, 3=Road, 4=End: ",2
bot,"[1, 2, 3, 4]",int,"1=Settlement, 2=City, 3=Road, 4=End: ",3
bot,"[1, 2, 3, 4]",int,"1=Settlement, 2=City, 3=Road, 4=End: ",1
bot,"[1, 2, 3, 4]",int,"1=Settlement, 2=City, 3=Road, 4=End: ",3
bot,"[1, 2, 3, 4]",int,"1=Settlement, 2=City, 3=Road, 4=End: ",4
bot,"[1, 2, 3, 4]",int,"1=Build, 2=Trade, 3=Dev Cards(Play/Select), 4=End: ",3
bot,"[1, 2, 3]",int,"1=Collect, 2=Play, 3=End:",1
bot,"[1, 2, 3]",int,"1=Collect, 2=Play, 3=End:",3
bot,"[1, 2, 3, 4]",int,"1=Build, 2=Trade, 3=Dev Cards(Play/Select), 4=End: ",3
bot,"[1, 2, 3]",int,"1=Collect, 2=Play, 3=End:",2
bot,"[1, 2, 3]",int,"1=Collect, 2=Play, 3=End:",1
bot,"[1, 2, 3]",int,"1=Collect, 2=Play, 3=End:",1
bot,"[1, 2, 3]",int,"1=Collect, 2=Play, 3=End:",3
bot,"[1, 2, 3, 4]",int,"1=Build, 2=Trade, 3=Dev Cards(Play/Select), 4=End: ",2
bot,"[1, 2, 3]",int,"Player Trade (1), Bank/Port Trade (2), Cancel (3): ",3
bot,"[1, 2, 3, 4]",int,"1=Build, 2=Trade, 3=Dev Cards(Play/Select), 4=End: ",2
bot,"[1, 2, 3]",int,"Player Trade (1), Bank/Port Trade (2), Cancel (3): ",2
bot,"['brick', 'wood', 'sheep', 'wheat', 'ore']",resource,Which resource would you like to trade (give away): ,ore
bot,"['brick', 'wood', 'sheep', 'wheat', 'ore']",resource,Which resource would you like to receive: ,ore
bot,"[1, 2, 3]",int,"Player Trade (1), Bank/Port Trade (2), Cancel (3): ",3
bot,"[1, 2, 3, 4]",int,"1=Build, 2=Trade, 3=Dev Cards(Play/Select), 4=End: ",4
bot,"[1, 2, 3, 4]",int,"1=Build, 2=Trade, 3=Dev Cards(Play/Select), 4=End: ",3
bot,"[1, 2, 3]",int,"1=Collect, 2=Play, 3=End:",3
bot,"[1, 2, 3, 4]",int,"1=Build, 2=Trade, 3=Dev Cards(Play/Select), 4=End: ",2
bot,"[1, 2, 3]",int,"Player Trade (1), Bank/Port Trade (2), Cancel (3): ",3
bot,"[1, 2, 3, 4]",int,"1=Build, 2=Trade, 3=Dev Cards(Play/Select), 4=End: ",3
bot,"[1, 2, 3]",int,"1=Collect, 2=Play, 3=End:",3
bot,"[1, 2, 3, 4]",int,"1=Build, 2=Trade, 3=Dev Cards(Play/Select), 4=End: ",3
bot,"[1, 2, 3]",int,"1=Collect, 2=Play, 3=End:",2
bot,"[1, 2, 3]",int,"1=Collect, 2=Play, 3=End:",1
bot,"[1, 2, 3]",int,"1=Collect, 2=Play, 3=End:",3
bot,"[1, 2, 3, 4]",int,"1=Build, 2=Trade, 3=Dev Cards(Play/Select), 4=End: ",2
bot,"[1, 2, 3]",int,"Player Trade (1), Bank/Port Trade (2), Cancel (3): ",1
bot,"['brick', 'wood', 'sheep', 'wheat', 'ore']",resource,Which resource would you like to trade (give away): ,wheat
bot,"[1, 2, 3, 4]",int,How many would you like to trade: ,4
bot,"['brick', 'wood', 'sheep', 'wheat', 'ore']",resource,Which resource would you like to trade: ,ore
bot,"[1, 2, 3]",int,How many would you like to trade: ,1
bot,"['Y', 'N']",action,Blue would you like to trade wheat for ore [Y/N]: ,N
bot,"[1, 2, 3, 4]",int,"1=Build, 2=Trade, 3=Dev Cards(Play/Select), 4=End: ",4
bot,"range(0, 18)",int,Choosen a Tile [0-18] to move the Robber to: ,3
bot,['Green'],player,Choose a player to steal from {'Green'}: ,Green
bot,"[1, 2, 3, 4]",int,"1=Build, 2=Trade, 3=Dev Cards(Play/Select), 4=End: ",1
bot,"[1, 2, 3, 4]",int,"1=Settlement, 2=City, 3=Road, 4=End: ",2
bot,"[1, 2, 3, 4]",int,"1=Settlement, 2=City, 3=Road, 4=End: ",1
bot,"[1, 2, 3, 4]",int,"1=Settlement, 2=City, 3=Road, 4=End: ",2
bot,"[1, 2, 3, 4]",int,"1=Settlement, 2=City, 3=Road, 4=End: ",1
bot,"[1, 2, 3, 4]",int,"1=Settlement, 2=City, 3=Road, 4=End: ",2
bot,"[1, 2, 3, 4]",int,"1=Settlement, 2=City, 3=Road, 4=End: ",2
bot,"[1, 2, 3, 4]",int,"1=Settlement, 2=City, 3=Road, 4=End: ",1
bot,"[1, 2, 3, 4]",int,"1=Settlement, 2=City, 3=Road, 4=End: ",2
bot,"[1, 2, 3, 4]",int,"1=Settlement, 2=City, 3=Road, 4=End: ",3
bot,"[1, 2, 3, 4]",int,"1=Settlement, 2=City, 3=Road, 4=End: ",4
bot,"[1, 2, 3, 4]",int,"1=Build, 2=Trade, 3=Dev Cards(Play/Select), 4=End: ",3
bot,"[1, 2, 3]",int,"1=Collect, 2=Play, 3=End:",1
bot,"[1, 2, 3]",int,"1=Collect, 2=Play, 3=End:",3
bot,"[1, 2, 3, 4]",int,"1=Build, 2=Trade, 3=Dev Cards(Play/Select), 4=End: ",3
bot,"[1, 2, 3]",int,"1=Collect, 2=Play, 3=End:",1
bot,"[1, 2, 3]",int,"1=Collect, 2=Play, 3=End:",3
bot,"[1, 2, 3, 4]",int,"1=Build, 2=Trade, 3=Dev Cards(Play/Select), 4=End: ",1
bot,"[1, 2, 3, 4]",int,"1=Settlement, 2=City, 3=Road, 4=End: ",4
bot,"[1, 2, 3, 4]",int,"1=Build, 2=Trade, 3=Dev Cards(Play/Select), 4=End: ",2
bot,"[1, 2, 3]",int,"Player Trade (1), Bank/Port Trade (2), Cancel (3): ",2
bot,"['brick', 'wood', 'sheep', 'wheat', 'ore']",resource,Which resource would you like to trade (give away): ,sheep
bot,"['brick', 'wood', 'sheep', 'wheat', 'ore']",resource,Which resource would you like to receive: ,brick
bot,"[1, 2, 3, 4]",int,"1=Build, 2=Trade, 3=Dev Cards(Play/Select), 4=End: ",2
bot,"[1, 2, 3]",int,"Player Trade (1), Bank/Port Trade (2), Cancel (3): ",2
bot,"['brick', 'wood', 'sheep', 'wheat', 'ore']",resource,Which resource would you like to trade (give away): ,brick
bot,"['brick', 'wood', 'sheep', 'wheat', 'ore']",resource,Which resource would you like to receive: ,sheep
bot,"[1, 2, 3]",int,"Player Trade (1), Bank/Port Trade (2), Cancel (3): ",1
bot,"['brick', 'wood', 'sheep', 'wheat', 'ore']",resource,Which resource would you like to trade (give away): ,sheep
bot,"[1, 2, 3, 4]",int,How many would you like to trade: ,3
bot,"['brick', 'wood', 'sheep', 'wheat', 'ore']",resource,Which resource would you like to trade: ,wood
bot,"[1, 2, 3]",int,How many would you like to trade: ,3
bot,"[1, 2, 3, 4]",int,"1=Build, 2=Trade, 3=Dev Cards(Play/Select), 4=End: ",3
bot,"[1, 2, 3]",int,"1=Collect, 2=Play, 3=End:",2
bot,"[1, 2, 3]",int,"1=Collect, 2=Play, 3=End:",1
bot,"[1, 2, 3]",int,"1=Collect, 2=Play, 3=End:",1
bot,"[1, 2, 3]",int,"1=Collect, 2=Play, 3=End:",3
bot,"[1, 2, 3, 4]",int,"1=Build, 2=Trade, 3=Dev Cards(Play/Select), 4=End: ",1
bot,"[1, 2, 3, 4]",int,"1=Settlement, 2=City, 3=Road, 4=End: ",1
bot,"[1, 2, 3, 4]",int,"1=Settlement, 2=City, 3=Road, 4=End: ",4
bot,"[1, 2, 3, 4]",int,"1=Build, 2=Trade, 3=Dev Cards(Play/Select), 4=End: ",1
bot,"[1, 2, 3, 4]",int,"1=Settlement, 2=City, 3=Road, 4=End: ",2
bot,"[1, 2, 3, 4]",int,"1=Settlement, 2=City, 3=Road, 4=End: ",3
bot,"[1, 2, 3, 4]",int,"1=Settlement, 2=City, 3=Road, 4=End: ",1
bot,"[1, 2, 3, 4]",int,"1=Settlement, 2=City, 3=Road, 4=End: ",3
bot,"[1, 2, 3, 4]",int,"1=Settlement, 2=City, 3=Road, 4=End: ",3
bot,"[1, 2, 3, 4]",int,"1=Settlement, 2=City, 3=Road, 4=End: ",4
bot,"[1, 2, 3, 4]",int,"1=Build, 2=Trade, 3=Dev Cards(Play/Select), 4=End: ",1
bot,"[1, 2, 3, 4]",int,"1=Settlement, 2=City, 3=Road, 4=End: ",1
bot,"[1, 2, 3, 4]",int,"1=Settlement, 2=City, 3=Road, 4=End: ",3
bot,"[1, 2, 3, 4]",int,"1=Settlement, 2=City, 3=Road, 4=End: ",2
bot,"[1, 2, 3, 4]",int,"1=Settlement, 2=City, 3=Road, 4=End: ",4
bot,"[1, 2, 3, 4]",int,"1=Build, 2=Trade, 3=Dev Cards(Play/Select), 4=End: ",3
bot,"[1, 2, 3]",int,"1=Collect, 2=Play, 3=End:",3
bot,"[1, 2, 3, 4]",int,"1=Build, 2=Trade, 3=Dev Cards(Play/Select), 4=End: ",2
bot,"[1, 2, 3]",int,"Player Trade (1), Bank/Port Trade (2), Cancel (3): ",2
bot,"['brick', 'wood', 'sheep', 'wheat', 'ore']",resource,Which resource would you like to trade (give away): ,ore
bot,"['brick', 'wood', 'sheep', 'wheat', 'ore']",resource,Which resource would you like to receive: ,brick
bot,"[1, 2, 3]",int,"Player Trade (1), Bank/Port Trade (2), Cancel (3): ",1
bot,"['brick', 'wood', 'sheep', 'wheat', 'ore']",resource,Which resource would you like to trade (give away): ,wood
bot,"[1, 2, 3, 4]",int,How many would you like to trade: ,2
bot,"['brick', 'wood', 'sheep', 'wheat', 'ore']",resource,Which resource would you like to trade: ,wood
bot,"[1, 2, 3]",int,How many would you like to trade: ,2
bot,"['Y', 'N']",action,Yellow would you like to trade wood for wood [Y/N]: ,N
bot,"['Y', 'N']",action,Blue would you like to trade wood for wood [Y/N]: ,N
bot,"[1, 2, 3, 4]",int,"1=Build, 2=Trade, 3=Dev Cards(Play/Select), 4=End: ",3
bot,"[1, 2, 3]",int,"1=Collect, 2=Play, 3=End:",2
bot,"[1, 2, 3]",int,"1=Collect, 2=Play, 3=End:",1
bot,"[1, 2, 3]",int,"1=Collect, 2=Play, 3=End:",1
bot,"[1, 2, 3]",int,"1=Collect, 2=Play, 3=End:",1
bot,"[1, 2, 3]",int,"1=Collect, 2=Play, 3=End:",1
bot,"[1, 2, 3]",int,"1=Collect, 2=Play, 3=End:",1
bot,"[1, 2, 3]",int,"1=Collect, 2=Play, 3=End:",1
bot,"[1, 2, 3]",int,"1=Collect, 2=Play, 3=End:",3
bot,"[1, 2, 3, 4]",int,"1=Build, 2=Trade, 3=Dev Cards(Play/Select), 4=End: ",4
bot,"[1, 2, 3, 4]",int,"1=Build, 2=Trade, 3=Dev Cards(Play/Select), 4=End: ",2
bot,"[1, 2, 3]",int,"Player Trade (1), Bank/Port Trade (2), Cancel (3): ",1
bot,"['brick', 'wood', 'sheep', 'wheat', 'ore']",resource,Which resource would you like to trade (give away): ,wood
bot,"[1, 2, 3, 4]",int,How many would you like to trade: ,1
bot,"['brick', 'wood', 'sheep', 'wheat', 'ore']",resource,Which resource would you like to trade: ,sheep
bot,"[1, 2, 3]",int,How many would you like to trade: ,2
bot,"['Y', 'N']",action,Blue would you like to trade wood for sheep [Y/N]: ,N
bot,"[1, 2, 3, 4]",int,"1=Build, 2=Trade, 3=Dev Cards(Play/Select), 4=End: ",3
bot,"[1, 2, 3]",int,"1=Collect, 2=Play, 3=End:",2
bot,"[1, 2, 3]",int,"1=Collect, 2=Play, 3=End:",2
bot,"[1, 2, 3]",int,"1=Collect, 2=Play, 3=End:",2
bot,"[1, 2, 3]",int,"1=Collect, 2=Play, 3=End:",3
bot,"[1, 2, 3, 4]",int,"1=Build, 2=Trade, 3=Dev Cards(Play/Select), 4=End: ",1
bot,"[1, 2, 3, 4]",int,"1=Settlement, 2=City, 3=Road, 4=End: ",3
bot,"[1, 2, 3, 4]",int,"1=Settlement, 2=City, 3=Road, 4=End: ",2
bot,"[1, 2, 3, 4]",int,"1=Settlement, 2=City, 3=Road, 4=End: ",4
bot,"range(0, 18)",int,Choosen a Tile [0-18] to move the Robber to: ,14
bot,['Green'],player,Choose a player to steal from {'Green'}: ,Green
bot,"[1, 4]",int,"1=Build, 2=Trade, 3=Dev Cards(Play/Select), 4=End: ",1
bot,"[1, 2, 3, 4]",int,"1=Settlement, 2=City, 3=Road, 4=End: ",1
bot,"[1, 2, 3, 4]",int,"1=Settlement, 2=City, 3=Road, 4=End: ",1
bot,"[1, 2, 3, 4]",int,"1=Settlement, 2=City, 3=Road, 4=End: ",2
bot,"[1, 2, 3, 4]",int,"1=Settlement, 2=City, 3=Road, 4=End: ",1
bot,"[1, 2, 3, 4]",int,"1=Settlement, 2=City, 3=Road, 4=End: ",4
bot,"[1, 4]",int,"1=Build, 2=Trade, 3=Dev Cards(Play/Select), 4=End: ",1
bot,"[1, 2, 3, 4]",int,"1=Settlement, 2=City, 3=Road, 4=End: ",2
bot,"[1, 2, 3, 4]",int,"1=Settlement, 2=City, 3=Road, 4=End: ",1
bot,"[1, 2, 3, 4]",int,"1=Settlement, 2=City, 3=Road, 4=End: ",4
bot,"[1, 4]",int,"1=Build, 2=Trade, 3=Dev Cards(Play/Select), 4=End: ",1
bot,"[1, 2, 3, 4]",int,"1=Settlement, 2=City, 3=Road, 4=End: ",4
bot,"[1, 4]",int,"1=Build, 2=Trade, 3=Dev Cards(Play/Select), 4=End: ",1
bot,"[1, 2, 3, 4]",int,"1=Settlement, 2=City, 3=Road, 4=End: ",1
bot,"[1, 2, 3, 4]",int,"1=Settlement, 2=City, 3=Road, 4=End: ",2
bot,"[1, 2, 3, 4]",int,"1=Settlement, 2=City, 3=Road, 4=End: ",3
bot,"[1, 2, 3, 4]",int,"1=Settlement, 2=City, 3=Road, 4=End: ",3
bot,"[1, 2, 3, 4]",int,"1=Settlement, 2=City, 3=Road, 4=End: ",3
bot,"[1, 2, 3, 4]",int,"1=Settlement, 2=City, 3=Road, 4=End: ",2
bot,"[1, 2, 3, 4]",int,"1=Settlement, 2=City, 3=Road, 4=End: ",4
bot,"[1, 4]",int,"1=Build, 2=Trade, 3=Dev Cards(Play/Select), 4=End: ",1
bot,"[1, 2, 3, 4]",int,"1=Settlement, 2=City, 3=Road, 4=End: ",3
bot,"[1, 2, 3, 4]",int,"1=Settlement, 2=City, 3=Road, 4=End: ",4
bot,"[2, 4]",int,"1=Build, 2=Trade, 3=Dev Cards(Play/Select), 4=End: ",4
bot,[4],int,"1=Build, 2=Trade, 3=Dev Cards(Play/Select), 4=End: ",4
bot,"[2, 4]",int,"1=Build, 2=Trade, 3=Dev Cards(Play/Select), 4=End: ",2
bot,"[1, 2, 3]",int,"Player Trade (1), Bank/Port Trade (2), Cancel (3): ",3
bot,"[2, 4]",int,"1=Build, 2=Trade, 3=Dev Cards(Play/Select), 4=End: ",2
bot,"[1, 2, 3]",int,"Player Trade (1), Bank/Port Trade (2), Cancel (3): ",3
bot,"[2, 4]",int,"1=Build, 2=Trade, 3=Dev Cards(Play/Select), 4=End: ",2
bot,"[1, 2, 3]",int,"Player Trade (1), Bank/Port Trade (2), Cancel (3): ",1
bot,"['brick', 'wood', 'sheep', 'wheat', 'ore']",resource,Which resource would you like to trade (give away): ,wheat
bot,"[1, 2, 3, 4]",int,How many would you like to trade: ,2
bot,"['brick', 'wood', 'sheep', 'wheat', 'ore']",resource,Which resource would you like to trade: ,ore
bot,"[1, 2, 3]",int,How many would you like to trade: ,1
bot,"[2, 4]",int,"1=Build, 2=Trade, 3=Dev Cards(Play/Select), 4=End: ",2
bot,"[1, 2, 3]",int,"Player Trade (1), Bank/Port Trade (2), Cancel (3): ",3
bot,"[2, 4]",int,"1=Build, 2=Trade, 3=Dev Cards(Play/Select), 4=End: ",2
bot,"[1, 2, 3]",int,"Player Trade (1), Bank/Port Trade (2), Cancel (3): ",3
bot,"[2, 4]",int,"1=Build, 2=Trade, 3=Dev Cards(Play/Select), 4=End: ",2
bot,"[1, 2, 3]",int,"Player Trade (1), Bank/Port Trade (2), Cancel (3): ",3
bot,"[2, 4]",int,"1=Build, 2=Trade, 3=Dev Cards(Play/Select), 4=End: ",4
bot,"range(0, 18)",int,Choosen a Tile [0-18] to move the Robber to: ,2
bot,[4],int,"1=Build, 2=Trade, 3=Dev Cards(Play/Select), 4=End: ",4
bot,"[2, 4]",int,"1=Build, 2=Trade, 3=Dev Cards(Play/Select), 4=End: ",2
bot,"[1, 2, 3]",int,"Player Trade (1), Bank/Port Trade (2), Cancel (3): ",2
bot,"['brick', 'wood', 'sheep', 'wheat', 'ore']",resource,Which resource would you like to trade (give away): ,wood
bot,"['brick', 'wood', 'sheep', 'wheat', 'ore']",resource,Which resource would you like to receive: ,ore
bot,"[1, 2, 3]",int,"Player Trade (1), Bank/Port Trade (2), Cancel (3): ",2
bot,"['brick', 'wood', 'sheep', 'wheat', 'ore']",resource,Which resource would you like to trade (give away): ,brick
bot,"['brick', 'wood', 'sheep', 'wheat', 'ore']",resource,Which resource would you like to receive: ,brick
bot,"[1, 2, 3]",int,"Player Trade (1), Bank/Port Trade (2), Cancel (3): ",3
bot,"[2, 4]",int,"1=Build, 2=Trade, 3=Dev Cards(Play/Select), 4=End: ",4
bot,"[2, 4]",int,"1=Build, 2=Trade, 3=Dev Cards(Play/Select), 4=End: ",4
bot,"[2, 4]",int,"1=Build, 2=Trade, 3=Dev Cards(Play/Select), 4=End: ",2
bot,"[1, 2, 3]",int,"Player Trade (1), Bank/Port Trade (2), Cancel (3): ",3
bot,"[2, 4]",int,"1=Build, 2=Trade, 3=Dev Cards(Play/Select), 4=End: ",4
bot,[4],int,"1=Build, 2=Trade, 3=Dev Cards(Play/Select), 4=End: ",4
bot,"[2, 4]",int,"1=Build, 2=Trade, 3=Dev Cards(Play/Select), 4=End: ",4
bot,"[2, 4]",int,"1=Build, 2=Trade, 3=Dev Cards(Play/Select), 4=End: ",4
bot,"[2, 4]",int,"1=Build, 2=Trade, 3=Dev Cards(Play/Select), 4=End: ",2
bot,"[1, 2, 3]",int,"Player Trade (1), Bank/Port Trade (2), Cancel (3): ",3
bot,"[2, 4]",int,"1=Build, 2=Trade, 3=Dev Cards(Play/Select), 4=End: ",4
bot,"[2, 4]",int,"1=Build, 2=Trade, 3=Dev Cards(Play/Select), 4=End: ",4
bot,"[2, 4]",int,"1=Build, 2=Trade, 3=Dev Cards(Play/Select), 4=End: ",4
bot,"range(0, 18)",int,Choosen a Tile [0-18] to move the Robber to: ,7
bot,['Green'],player,Choose a player to steal from {'Green'}: ,Green
bot,"['sheep', 'brick', 'ore']",resource,"Which resource would you like to discard: brick, wood, sheep, wheat, ore: ",sheep
bot,"['brick', 'ore']",resource,"Which resource would you like to discard: brick, wood, sheep, wheat, ore: ",brick
bot,"['brick', 'ore']",resource,"Which resource would you like to discard: brick, wood, sheep, wheat, ore: ",ore
bot,"['brick', 'ore']",resource,"Which resource would you like to discard: brick, wood, sheep, wheat, ore: ",brick
bot,"['wheat', 'wood', 'sheep']",resource,"Which resource would you like to discard: brick, wood, sheep, wheat, ore: ",wheat
bot,"['wheat', 'wood', 'sheep']",resource,"Which resource would you like to discard: brick, wood, sheep, wheat, ore: ",wood
bot,"['wheat', 'wood', 'sheep']",resource,"Which resource would you like to discard: brick, wood, sheep, wheat, ore: ",wheat
bot,"['wood', 'sheep']",resource,"Which resource would you like to discard: brick, wood, sheep, wheat, ore: ",sheep
bot,"['wheat', 'wood', 'sheep']",resource,"Which resource would you like to discard: brick, wood, sheep, wheat, ore: ",sheep
bot,"['wheat', 'wood', 'sheep']",resource,"Which resource would you like to discard: brick, wood, sheep, wheat, ore: ",wheat
bot,"['wheat', 'wood', 'sheep']",resource,"Which resource would you like to discard: brick, wood, sheep, wheat, ore: ",wheat
bot,"['wood', 'sheep']",resource,"Which resource would you like to discard: brick, wood, sheep, wheat, ore: ",sheep
bot,"['wood', 'sheep']",resource,"Which resource would you like to discard: brick, wood, sheep, wheat, ore: ",sheep
bot,"[2, 4]",int,"1=Build, 2=Trade, 3=Dev Cards(Play/Select), 4=End: ",4
bot,"[2, 4]",int,"1=Build, 2=Trade, 3=Dev Cards(Play/Select), 4=End: ",2
bot,"[1, 2, 3]",int,"Player Trade (1), Bank/Port Trade (2), Cancel (3): ",3
bot,"[2, 4]",int,"1=Build, 2=Trade, 3=Dev Cards(Play/Select), 4=End: ",4
bot,"range(0, 18)",int,Choosen a Tile [0-18] to move the Robber to: ,1
bot,['Yellow'],player,Choose a player to steal from {'Yellow'}: ,Yellow
bot,"[2, 4]",int,"1=Build, 2=Trade, 3=Dev Cards(Play/Select), 4=End: ",2
bot,"[1, 2, 3]",int,"Player Trade (1), Bank/Port Trade (2), Cancel (3): ",3
bot,"[2, 4]",int,"1=Build, 2=Trade, 3=Dev Cards(Play/Select), 4=End: ",4
bot,"range(0, 18)",int,Choosen a Tile [0-18] to move the Robber to: ,13
bot,"['Yellow', 'Blue']",player,"Choose a player to steal from {'Yellow', 'Blue'}: ",Yellow
bot,"[1, 2, 4]",int,"1=Build, 2=Trade, 3=Dev Cards(Play/Select), 4=End: ",4
bot,"[2, 4]",int,"1=Build, 2=Trade, 3=Dev Cards(Play/Select), 4=End: ",2
bot,"[1, 2, 3]",int,"Player Trade (1), Bank/Port Trade (2), Cancel (3): ",1
bot,"['brick', 'wood', 'sheep', 'wheat', 'ore']",resource,Which resource would you like to trade (give away): ,wheat
bot,"[1, 2, 3, 4]",int,How many would you like to trade: ,1
bot,"['brick', 'wood', 'sheep', 'wheat', 'ore']",resource,Which resource would you like to trade: ,brick
bot,"[1, 2, 3]",int,How many would you like to trade: ,2
bot,"['Y', 'N']",action,Blue would you like to trade wheat for brick [Y/N]: ,Y
bot,"['Y', 'N']",action,Green would you like to trade wheat for brick [Y/N]: ,N
bot,"[2, 4]",int,"1=Build, 2=Trade, 3=Dev Cards(Play/Select), 4=End: ",2
bot,"[1, 2, 3]",int,"Player Trade (1), Bank/Port Trade (2), Cancel (3): ",3
bot,"[2, 4]",int,"1=Build, 2=Trade, 3=Dev Cards(Play/Select), 4=End: ",2
bot,"[1, 2, 3]",int,"Player Trade (1), Bank/Port Trade (2), Cancel (3): ",2
bot,"['brick', 'wood', 'sheep', 'wheat', 'ore']",resource,Which resource would you like to trade (give away): ,sheep
bot,"['brick', 'wood', 'sheep', 'wheat', 'ore']",resource,Which resource would you like to receive: ,wheat
bot,"[2, 4]",int,"1=Build, 2=Trade, 3=Dev Cards(Play/Select), 4=End: ",4
bot,"range(0, 18)",int,Choosen a Tile [0-18] to move the Robber to: ,8
bot,['Green'],player,Choose a player to steal from {'Green'}: ,Green
bot,"['wood', 'wheat', 'brick', 'sheep']",resource,"Which resource would you like to discard: brick, wood, sheep, wheat, ore: ",wheat
bot,"['wood', 'brick', 'sheep']",resource,"Which resource would you like to discard: brick, wood, sheep, wheat, ore: ",brick
bot,"['wood', 'sheep']",resource,"Which resource would you like to discard: brick, wood, sheep, wheat, ore: ",sheep
bot,['wood'],resource,"Which resource would you like to discard: brick, wood, sheep, wheat, ore: ",wood
bot,"[2, 4]",int,"1=Build, 2=Trade, 3=Dev Cards(Play/Select), 4=End: ",2
bot,"[1, 2, 3]",int,"Player Trade (1), Bank/Port Trade (2), Cancel (3): ",3
bot,"[2, 4]",int,"1=Build, 2=Trade, 3=Dev Cards(Play/Select), 4=End: ",2
bot,"[1, 2, 3]",int,"Player Trade (1), Bank/Port Trade (2), Cancel (3): ",3
bot,"[2, 4]",int,"1=Build, 2=Trade, 3=Dev Cards(Play/Select), 4=End: ",2
bot,"[1, 2, 3]",int,"Player Trade (1), Bank/Port Trade (2), Cancel (3): ",2
bot,"['brick', 'wood', 'sheep', 'wheat', 'ore']",resource,Which resource would you like to trade (give away): ,brick
bot,"['brick', 'wood', 'sheep', 'wheat', 'ore']",resource,Which resource would you like to receive: ,sheep
bot,"[1, 2, 3]",int,"Player Trade (1), Bank/Port Trade (2), Cancel (3): ",1
bot,"['brick', 'wood', 'sheep', 'wheat', 'ore']",resource,Which resource would you like to trade (give away): ,ore
bot,"[1, 2, 3, 4]",int,How many would you like to trade: ,2
bot,"['brick', 'wood', 'sheep', 'wheat', 'ore']",resource,Which resource would you like to trade: ,wheat
bot,"[1, 2, 3]",int,How many would you like to trade: ,1
bot,"['Y', 'N']",action,Red would you like to trade ore for wheat [Y/N]: ,N
bot,"[2, 4]",int,"1=Build, 2=Trade, 3=Dev Cards(Play/Select), 4=End: ",2
bot,"[1, 2, 3]",int,"Player Trade (1), Bank/Port Trade (2), Cancel (3): ",1
bot,"['brick', 'wood', 'sheep', 'wheat', 'ore']",resource,Which resource would you like to trade (give away): ,sheep
bot,"[1, 2, 3, 4]",int,How many would you like to trade: ,4
bot,"['brick', 'wood', 'sheep', 'wheat', 'ore']",resource,Which resource would you like to trade: ,sheep
bot,"[1, 2, 3]",int,How many would you like to trade: ,3
bot,"[2, 4]",int,"1=Build, 2=Trade, 3=Dev Cards(Play/Select), 4=End: ",2
bot,"[1, 2, 3]",int,"Player Trade (1), Bank/Port Trade (2), Cancel (3): ",1
bot,"['brick', 'wood', 'sheep', 'wheat', 'ore']",resource,Which resource would you like to trade (give away): ,sheep
bot,"[1, 2, 3, 4]",int,How many would you like to trade: ,2
bot,"['brick', 'wood', 'sheep', 'wheat', 'ore']",resource,Which resource would you like to trade: ,wheat
bot,"[1, 2, 3]",int,How many would you like to trade: ,3
bot,"[2, 4]",int,"1=Build, 2=Trade, 3=Dev Cards(Play/Select), 4=End: ",4
bot,"[2, 4]",int,"1=Build, 2=Trade, 3=Dev Cards(Play/Select), 4=End: ",4
bot,"[1, 2, 4]",int,"1=Build, 2=Trade, 3=Dev Cards(Play/Select), 4=End: ",1
bot,"[1, 2, 3, 4]",int,"1=Settlement, 2=City, 3=Road, 4=End: ",4
bot,"[1, 2, 4]",int,"1=Build, 2=Trade, 3=Dev Cards(Play/Select), 4=End: ",4
bot,"[2, 4]",int,"1=Build, 2=Trade, 3=Dev Cards(Play/Select), 4=End: ",2
bot,"[1, 2, 3]",int,"Player Trade (1), Bank/Port Trade (2), Cancel (3): ",2
bot,"['brick', 'wood', 'sheep', 'wheat', 'ore']",resource,Which resource would you like to trade (give away): ,wheat
bot,"['brick', 'wood', 'sheep', 'wheat', 'ore']",resource,Which resource would you like to receive: ,sheep
bot,"[2, 4]",int,"1=Build, 2=Trade, 3=Dev Cards(Play/Select), 4=End: ",2
bot,"[1, 2, 3]",int,"Player Trade (1), Bank/Port Trade (2), Cancel (3): ",3
bot,"[2, 4]",int,"1=Build, 2=Trade, 3=Dev Cards(Play/Select), 4=End: ",2
bot,"[1, 2, 3]",int,"Player Trade (1), Bank/Port Trade (2), Cancel (3): ",3
bot,"[2, 4]",int,"1=Build, 2=Trade, 3=Dev Cards(Play/Select), 4=End: ",4
bot,"range(0, 18)",int,Choosen a Tile [0-18] to move the Robber to: ,13
bot,['Yellow'],player,Choose a player to steal from {'Yellow'}: ,Yellow
bot,"['wood', 'wheat']",resource,"Which resource would you like to discard: brick, wood, sheep, wheat, ore: ",wheat
bot,"['wood', 'wheat']",resource,"Which resource would you like to discard: brick, wood, sheep, wheat, ore: ",wood
bot,"['wood', 'wheat']",resource,"Which resource would you like to discard: brick, wood, sheep, wheat, ore: ",wood
bot,"['wood', 'wheat']",resource,"Which resource would you like to discard: brick, wood, sheep, wheat, ore: ",wood
bot,"[2, 4]",int,"1=Build, 2=Trade, 3=Dev Cards(Play/Select), 4=End: ",2
bot,"[1, 2, 3]",int,"Player Trade (1), Bank/Port Trade (2), Cancel (3): ",3
bot,"[2, 4]",int,"1=Build, 2=Trade, 3=Dev Cards(Play/Select), 4=End: ",2
bot,"[1, 2, 3]",int,"Player Trade (1), Bank/Port Trade (2), Cancel (3): ",3
bot,"[2, 4]",int,"1=Build, 2=Trade, 3=Dev Cards(Play/Select), 4=End: ",4
bot,"[2, 4]",int,"1=Build, 2=Trade, 3=Dev Cards(Play/Select), 4=End: ",2
bot,"[1, 2, 3]",int,"Player Trade (1), Bank/Port Trade (2), Cancel (3): ",3
bot,"[2, 4]",int,"1=Build, 2=Trade, 3=Dev Cards(Play/Select), 4=End: ",2
bot,"[1, 2, 3]",int,"Player Trade (1), Bank/Port Trade (2), Cancel (3): ",3
bot,"[2, 4]",int,"1=Build, 2=Trade, 3=Dev Cards(Play/Select), 4=End: ",2
bot,"[1, 2, 3]",int,"Player Trade (1), Bank/Port Trade (2), Cancel (3): ",3
bot,"[2, 4]",int,"1=Build, 2=Trade, 3=Dev Cards(Play/Select), 4=End: ",4
bot,"[1, 2, 4]",int,"1=Build, 2=Trade, 3=Dev Cards(Play/Select), 4=End: ",2
bot,"[1, 2, 3]",int,"Player Trade (1), Bank/Port Trade (2), Cancel (3): ",3
bot,"[1, 2, 4]",int,"1=Build, 2=Trade, 3=Dev Cards(Play/Select), 4=End: ",4
bot,"[2, 4]",int,"1=Build, 2=Trade, 3=Dev Cards(Play/Select), 4=End: ",4
bot,"[2, 4]",int,"1=Build, 2=Trade, 3=Dev Cards(Play/Select), 4=End: ",4
bot,"[2, 4]",int,"1=Build, 2=Trade, 3=Dev Cards(Play/Select), 4=End: ",4
bot,"[1, 2, 4]",int,"1=Build, 2=Trade, 3=Dev Cards(Play/Select), 4=End: ",1
bot,"[1, 2, 3, 4]",int,"1=Settlement, 2=City, 3=Road, 4=End: ",4
bot,"[1, 2, 4]",int,"1=Build, 2=Trade, 3=Dev Cards(Play/Select), 4=End: ",1
bot,"[1, 2, 3, 4]",int,"1=Settlement, 2=City, 3=Road, 4=End: ",3
bot,"[7, 11, 13, 19, 52, 58, 60, 64]",int,Choose road location - [0-71]: ,19
bot,"[1, 2, 3, 4]",int,"1=Settlement, 2=City, 3=Road, 4=End: ",1
bot,"[1, 2, 3, 4]",int,"1=Settlement, 2=City, 3=Road, 4=End: ",1
bot,"[1, 2, 3, 4]",int,"1=Settlement, 2=City, 3=Road, 4=End: ",2
bot,"[1, 2, 3, 4]",int,"1=Settlement, 2=City, 3=Road, 4=End: ",1
bot,"[1, 2, 3, 4]",int,"1=Settlement, 2=City, 3=Road, 4=End: ",3
bot,"[7, 11, 13, 11, 26, 52, 58, 60, 64]",int,Choose road location - [0-71]: ,11
bot,"[1, 2, 3, 4]",int,"1=Settlement, 2=City, 3=Road, 4=End: ",2
bot,"[1, 2, 3, 4]",int,"1=Settlement, 2=City, 3=Road, 4=End: ",1
bot,"[1, 2, 3, 4]",int,"1=Settlement, 2=City, 3=Road, 4=End: ",4
bot,"[2, 4]",int,"1=Build, 2=Trade, 3=Dev Cards(Play/Select), 4=End: ",4
bot,"[2, 4]",int,"1=Build, 2=Trade, 3=Dev Cards(Play/Select), 4=End: ",2
bot,"[1, 2, 3]",int,"Player Trade (1), Bank/Port Trade (2), Cancel (3): ",2
bot,"['brick', 'wood', 'sheep', 'wheat', 'ore']",resource,Which resource would you like to trade (give away): ,ore
bot,"['brick', 'wood', 'sheep', 'wheat', 'ore']",resource,Which resource would you like to receive: ,wood
bot,"[1, 2, 3]",int,"Player Trade (1), Bank/Port Trade (2), Cancel (3): ",1
bot,"['brick', 'wood', 'sheep', 'wheat', 'ore']",resource,Which resource would you like to trade (give away): ,sheep
bot,"[1, 2, 3, 4]",int,How many would you like to trade: ,4
bot,"['brick', 'wood', 'sheep', 'wheat', 'ore']",resource,Which resource would you like to trade: ,ore
bot,"[1, 2, 3]",int,How many would you like to trade: ,1
bot,"['Y', 'N']",action,Blue would you like to trade sheep for ore [Y/N]: ,N
bot,"['Y', 'N']",action,Green would you like to trade sheep for ore [Y/N]: ,N
bot,"[2, 4]",int,"1=Build, 2=Trade, 3=Dev Cards(Play/Select), 4=End: ",4
bot,"[2, 4]",int,"1=Build, 2=Trade, 3=Dev Cards(Play/Select), 4=End: ",4
bot,"[2, 4]",int,"1=Build, 2=Trade, 3=Dev Cards(Play/Select), 4=End: ",2
bot,"[1, 2, 3]",int,"Player Trade (1), Bank/Port Trade (2), Cancel (3): ",3
bot,"[2, 4]",int,"1=Build, 2=Trade, 3=Dev Cards(Play/Select), 4=End: ",4
bot,"range(0, 18)",int,Choosen a Tile [0-18] to move the Robber to: ,10
bot,"['Blue', 'Green']",player,"Choose a player to steal from {'Blue', 'Green'}: ",Blue
bot,"['wheat', 'sheep', 'brick', 'ore']",resource,"Which resource would you like to discard: brick, wood, sheep, wheat, ore: ",wheat
bot,"['sheep', 'brick', 'ore']",resource,"Which resource would you like to discard: brick, wood, sheep, wheat, ore: ",ore
bot,"['sheep', 'brick', 'ore']",resource,"Which resource would you like to discard: brick, wood, sheep, wheat, ore: ",ore
bot,"['sheep', 'brick', 'ore']",resource,"Which resource would you like to discard: brick, wood, sheep, wheat, ore: ",ore
bot,"['sheep', 'brick', 'ore']",resource,"Which resource would you like to discard: brick, wood, sheep, wheat, ore: ",sheep
bot,"['wheat', 'wood', 'sheep']",resource,"Which resource would you like to discard: brick, wood, sheep, wheat, ore: ",wood
bot,"['wheat', 'wood', 'sheep']",resource,"Which resource would you like to discard: brick, wood, sheep, wheat, ore: ",wheat
bot,"['wood', 'sheep']",resource,"Which resource would you like to discard: brick, wood, sheep, wheat, ore: ",wood
bot,"['wood', 'sheep']",resource,"Which resource would you like to discard: brick, wood, sheep, wheat, ore: ",wood
bot,"[2, 4]",int,"1=Build, 2=Trade, 3=Dev Cards(Play/Select), 4=End: ",4
bot,"[2, 4]",int,"1=Build, 2=Trade, 3=Dev Cards(Play/Select), 4=End: ",4
bot,"[2, 4]",int,"1=Build, 2=Trade, 3=Dev Cards(Play/Select), 4=End: ",2
bot,"[1, 2, 3]",int,"Player Trade (1), Bank/Port Trade (2), Cancel (3): ",3
bot,"[2, 4]",int,"1=Build, 2=Trade, 3=Dev Cards(Play/Select), 4=End: ",4
bot,"[2, 4]",int,"1=Build, 2=Trade, 3=Dev Cards(Play/Select), 4=End: ",2
bot,"[1, 2, 3]",int,"Player Trade (1), Bank/Port Trade (2), Cancel (3): ",3
bot,"[2, 4]",int,"1=Build, 2=Trade, 3=Dev Cards(Play/Select), 4=End: ",2
bot,"[1, 2, 3]",int,"Player Trade (1), Bank/Port Trade (2), Cancel (3): ",3
bot,"[2, 4]",int,"1=Build, 2=Trade, 3=Dev Cards(Play/Select), 4=End: ",4
bot,"range(0, 18)",int,Choosen a Tile [0-18] to move the Robber to: ,10
bot,"range(0, 18)",int,Choosen a Tile [0-18] to move the Robber to: ,4
bot,['Yellow'],player,Choose a player to steal from {'Yellow'}: ,Yellow
bot,"['wheat', 'brick', 'ore']",resource,"Which resource would you like to discard: brick, wood, sheep, wheat, ore: ",ore
bot,"['wheat', 'brick', 'ore']",resource,"Which resource would you like to discard: brick, wood, sheep, wheat, ore: ",ore
bot,"['wheat', 'brick', 'ore']",resource,"Which resource would you like to discard: brick, wood, sheep, wheat, ore: ",ore
bot,"['wheat', 'brick', 'ore']",resource,"Which resource would you like to discard: brick, wood, sheep, wheat, ore: ",brick
bot,"['wheat', 'wood', 'sheep']",resource,"Which resource would you like to discard: brick, wood, sheep, wheat, ore: ",wheat
bot,"['wood', 'sheep']",resource,"Which resource would you like to discard: brick, wood, sheep, wheat, ore: ",wood
bot,"['wood', 'sheep']",resource,"Which resource would you like to discard: brick, wood, sheep, wheat, ore: ",wood
bot,"['wood', 'sheep']",resource,"Which resource would you like to discard: brick, wood, sheep, wheat, ore: ",wood
bot,"[2, 4]",int,"1=Build, 2=Trade, 3=Dev Cards(Play/Select), 4=End: ",2
bot,"[1, 2, 3]",int,"Player Trade (1), Bank/Port Trade (2), Cancel (3): ",2
bot,"['brick', 'wood', 'sheep', 'wheat', 'ore']",resource,Which resource would you like to trade (give away): ,brick
bot,"['brick', 'wood', 'sheep', 'wheat', 'ore']",resource,Which resource would you like to receive: ,wood
bot,"[1, 2, 3]",int,"Player Trade (1), Bank/Port Trade (2), Cancel (3): ",1
bot,"['brick', 'wood', 'sheep', 'wheat', 'ore']",resource,Which resource would you like to trade (give away): ,brick
bot,"[1, 2, 3, 4]",int,How many would you like to trade: ,2
bot,"['brick', 'wood', 'sheep', 'wheat', 'ore']",resource,Which resource would you like to trade: ,wood
bot,"[1, 2, 3]",int,How many would you like to trade: ,2
bot,"[2, 4]",int,"1=Build, 2=Trade, 3=Dev Cards(Play/Select), 4=End: ",4
bot,"[2, 4]",int,"1=Build, 2=Trade, 3=Dev Cards(Play/Select), 4=End: ",4
bot,"[2, 4]",int,"1=Build, 2=Trade, 3=Dev Cards(Play/Select), 4=End: ",4
bot,"[2, 4]",int,"1=Build, 2=Trade, 3=Dev Cards(Play/Select), 4=End: ",4
bot,"range(0, 18)",int,Choosen a Tile [0-18] to move the Robber to: ,12
bot,['Blue'],player,Choose a player to steal from {'Blue'}: ,Blue
bot,"[1, 2, 4]",int,"1=Build, 2=Trade, 3=Dev Cards(Play/Select), 4=End: ",1
bot,"[1, 2, 3, 4]",int,"1=Settlement, 2=City, 3=Road, 4=End: ",1
bot,"[1, 2, 3, 4]",int,"1=Settlement, 2=City, 3=Road, 4=End: ",2
bot,"[1, 2, 3, 4]",int,"1=Settlement, 2=City, 3=Road, 4=End: ",1
bot,"[1, 2, 3, 4]",int,"1=Settlement, 2=City, 3=Road, 4=End: ",2
bot,"[1, 2, 3, 4]",int,"1=Settlement, 2=City, 3=Road, 4=End: ",4
bot,"[1, 2, 4]",int,"1=Build, 2=Trade, 3=Dev Cards(Play/Select), 4=End: ",1
bot,"[1, 2, 3, 4]",int,"1=Settlement, 2=City, 3=Road, 4=End: ",1
bot,"[1, 2, 3, 4]",int,"1=Settlement, 2=City, 3=Road, 4=End: ",1
bot,"[1, 2, 3, 4]",int,"1=Settlement, 2=City, 3=Road, 4=End: ",1
bot,"[1, 2, 3, 4]",int,"1=Settlement, 2=City, 3=Road, 4=End: ",1
bot,"[1, 2, 3, 4]",int,"1=Settlement, 2=City, 3=Road, 4=End: ",4
bot,"[1, 2, 4]",int,"1=Build, 2=Trade, 3=Dev Cards(Play/Select), 4=End: ",2
bot,"[1, 2, 3]",int,"Player Trade (1), Bank/Port Trade (2), Cancel (3): ",2
bot,"['brick', 'wood', 'sheep', 'wheat', 'ore']",resource,Which resource would you like to trade (give away): ,wheat
bot,"['brick', 'wood', 'sheep', 'wheat', 'ore']",resource,Which resource would you like to receive: ,sheep
bot,"[1, 2, 3]",int,"Player Trade (1), Bank/Port Trade (2), Cancel (3): ",1
bot,"['brick', 'wood', 'sheep', 'wheat', 'ore']",resource,Which resource would you like to trade (give away): ,ore
bot,"[1, 2, 3, 4]",int,How many would you like to trade: ,1
bot,"['brick', 'wood', 'sheep', 'wheat', 'ore']",resource,Which resource would you like to trade: ,brick
bot,"[1, 2, 3]",int,How many would you like to trade: ,2
bot,"[1, 2, 4]",int,"1=Build, 2=Trade, 3=Dev Cards(Play/Select), 4=End: ",2
bot,"[1, 2, 3]",int,"Player Trade (1), Bank/Port Trade (2), Cancel (3): ",3
bot,"[1, 2, 4]",int,"1=Build, 2=Trade, 3=Dev Cards(Play/Select), 4=End: ",1
bot,"[1, 2, 3, 4]",int,"1=Settlement, 2=City, 3=Road, 4=End: ",1
bot,"[1, 2, 3, 4]",int,"1=Settlement, 2=City, 3=Road, 4=End: ",4
bot,"[1, 2, 4]",int,"1=Build, 2=Trade, 3=Dev Cards(Play/Select), 4=End: ",2
bot,"[1, 2, 3]",int,"Player Trade (1), Bank/Port Trade (2), Cancel (3): ",1
bot,"['brick', 'wood', 'sheep', 'wheat', 'ore']",resource,Which resource would you like to trade (give away): ,ore
bot,"[1, 2, 3, 4]",int,How many would you like to trade: ,1
bot,"['brick', 'wood', 'sheep', 'wheat', 'ore']",resource,Which resource would you like to trade: ,sheep
bot,"[1, 2, 3]",int,How many would you like to trade: ,3
bot,"[1, 2, 4]",int,"1=Build, 2=Trade, 3=Dev Cards(Play/Select), 4=End: ",4
bot,"[2, 4]",int,"1=Build, 2=Trade, 3=Dev Cards(Play/Select), 4=End: ",2
bot,"[1, 2, 3]",int,"Player Trade (1), Bank/Port Trade (2), Cancel (3): ",1
bot,"['brick', 'wood', 'sheep', 'wheat', 'ore']",resource,Which resource would you like to trade (give away): ,ore
bot,"[1, 2, 3, 4]",int,How many would you like to trade: ,1
bot,"['brick', 'wood', 'sheep', 'wheat', 'ore']",resource,Which resource would you like to trade: ,brick
bot,"[1, 2, 3]",int,How many would you like to trade: ,3
bot,"['Y', 'N']",action,Red would you like to trade ore for brick [Y/N]: ,N
bot,"[2, 4]",int,"1=Build, 2=Trade, 3=Dev Cards(Play/Select), 4=End: ",2
bot,"[1, 2, 3]",int,"Player Trade (1), Bank/Port Trade (2), Cancel (3): ",2
bot,"['brick', 'wood', 'sheep', 'wheat', 'ore']",resource,Which resource would you like to trade (give away): ,ore
bot,"['brick', 'wood', 'sheep', 'wheat', 'ore']",resource,Which resource would you like to receive: ,wheat
bot,"[1, 2, 3]",int,"Player Trade (1), Bank/Port Trade (2), Cancel (3): ",2
bot,"['brick', 'wood', 'sheep', 'wheat', 'ore']",resource,Which resource would you like to trade (give away): ,sheep
bot,"['brick', 'wood', 'sheep', 'wheat', 'ore']",resource,Which resource would you like to receive: ,wheat
bot,"[2, 4]",int,"1=Build, 2=Trade, 3=Dev Cards(Play/Select), 4=End: ",2
bot,"[1, 2, 3]",int,"Player Trade (1), Bank/Port Trade (2), Cancel (3): ",2
bot,"['brick', 'wood', 'sheep', 'wheat', 'ore']",resource,Which resource would you like to trade (give away): ,brick
bot,"['brick', 'wood', 'sheep', 'wheat', 'ore']",resource,Which resource would you like to receive: ,sheep
bot,"[1, 2, 3]",int,"Player Trade (1), Bank/Port Trade (2), Cancel (3): ",2
bot,"['brick', 'wood', 'sheep', 'wheat', 'ore']",resource,Which resource would you like to trade (give away): ,wood
bot,"['brick', 'wood', 'sheep', 'wheat', 'ore']",resource,Which resource would you like to receive: ,wood
bot,"[1, 2, 3]",int,"Player Trade (1), Bank/Port Trade (2), Cancel (3): ",3
bot,"[2, 4]",int,"1=Build, 2=Trade, 3=Dev Cards(Play/Select), 4=End: ",4
bot,"[2, 4]",int,"1=Build, 2=Trade, 3=Dev Cards(Play/Select), 4=End: ",2
bot,"[1, 2, 3]",int,"Player Trade (1), Bank/Port Trade (2), Cancel (3): ",1
bot,"['brick', 'wood', 'sheep', 'wheat', 'ore']",resource,Which resource would you like to trade (give away): ,sheep
bot,"[1, 2, 3, 4]",int,How many would you like to trade: ,3
bot,"['brick', 'wood', 'sheep', 'wheat', 'ore']",resource,Which resource would you like to trade: ,ore
bot,"[1, 2, 3]",int,How many would you like to trade: ,2
bot,"['Y', 'N']",action,Yellow would you like to trade sheep for ore [Y/N]: ,N
bot,"[2, 4]",int,"1=Build, 2=Trade, 3=Dev Cards(Play/Select), 4=End: ",4
bot,"[2, 4]",int,"1=Build, 2=Trade, 3=Dev Cards(Play/Select), 4=End: ",2
bot,"[1, 2, 3]",int,"Player Trade (1), Bank/Port Trade (2), Cancel (3): ",2
bot,"['brick', 'wood', 'sheep', 'wheat', 'ore']",resource,Which resource would you like to trade (give away): ,sheep
bot,"['brick', 'wood', 'sheep', 'wheat', 'ore']",resource,Which resource would you like to receive: ,wheat
bot,"[1, 2, 3]",int,"Player Trade (1), Bank/Port Trade (2), Cancel (3): ",2
bot,"['brick', 'wood', 'sheep', 'wheat', 'ore']",resource,Which resource would you like to trade (give away): ,wood
bot,"['brick', 'wood', 'sheep', 'wheat', 'ore']",resource,Which resource would you like to receive: ,ore
bot,"[1, 2, 3]",int,"Player Trade (1), Bank/Port Trade (2), Cancel (3): ",3
bot,"[2, 4]",int,"1=Build, 2=Trade, 3=Dev Cards(Play/Select), 4=End: ",4
bot,"[1, 2, 4]",int,"1=Build, 2=Trade, 3=Dev Cards(Play/Select), 4=End: ",2
bot,"[1, 2, 3]",int,"Player Trade (1), Bank/Port Trade (2), Cancel (3): ",3
bot,"[1, 2, 4]",int,"1=Build, 2=Trade, 3=Dev Cards(Play/Select), 4=End: ",1
bot,"[1, 2, 3, 4]",int,"1=Settlement, 2=City, 3=Road, 4=End: ",1
bot,"[1, 2, 3, 4]",int,"1=Settlement, 2=City, 3=Road, 4=End: ",2
bot,"[1, 2, 3, 4]",int,"1=Settlement, 2=City, 3=Road, 4=End: ",4
bot,"[1, 2, 4]",int,"1=Build, 2=Trade, 3=Dev Cards(Play/Select), 4=End: ",2
bot,"[1, 2, 3]",int,"Player Trade (1), Bank/Port Trade (2), Cancel (3): ",2
bot,"['brick', 'wood', 'sheep', 'wheat', 'ore']",resource,Which resource would you like to trade (give away): ,ore
bot,"['brick', 'wood', 'sheep', 'wheat', 'ore']",resource,Which resource would you like to receive: ,wheat
bot,"[1, 2, 4]",int,"1=Build, 2=Trade, 3=Dev Cards(Play/Select), 4=End: ",1
bot,"[1, 2, 3, 4]",int,"1=Settlement, 2=City, 3=Road, 4=End: ",3
bot,"[6, 10, 7, 13, 26, 52, 58, 60, 64]",int,Choose road location - [0-71]: ,58
bot,"[1, 2, 3, 4]",int,"1=Settlement, 2=City, 3=Road, 4=End: ",2
bot,"[1, 2, 3, 4]",int,"1=Settlement, 2=City, 3=Road, 4=End: ",3
bot,"[1, 2, 3, 4]",int,"1=Settlement, 2=City, 3=Road, 4=End: ",4
bot,"[2, 4]",int,"1=Build, 2=Trade, 3=Dev Cards(Play/Select), 4=End: ",2
bot,"[1, 2, 3]",int,"Player Trade (1), Bank/Port Trade (2), Cancel (3): ",3
bot,"[2, 4]",int,"1=Build, 2=Trade, 3=Dev Cards(Play/Select), 4=End: ",4
bot,"range(0, 18)",int,Choosen a Tile [0-18] to move the Robber to: ,10
bot,"['Blue', 'Green']",player,"Choose a player to steal from {'Blue', 'Green'}: ",Blue
bot,"['wheat', 'wood', 'sheep']",resource,"Which resource would you like to discard: brick, wood, sheep, wheat, ore: ",wood
bot,"['wheat', 'wood', 'sheep']",resource,"Which resource would you like to discard: brick, wood, sheep, wheat, ore: ",wood
bot,"['wheat', 'sheep']",resource,"Which resource would you like to discard: brick, wood, sheep, wheat, ore: ",wheat
bot,"['wheat', 'sheep']",resource,"Which resource would you like to discard: brick, wood, sheep, wheat, ore: ",wheat
bot,"['wheat', 'sheep']",resource,"Which resource would you like to discard: brick, wood, sheep, wheat, ore: ",sheep
bot,"['wheat', 'wood', 'sheep']",resource,"Which resource would you like to discard: brick, wood, sheep, wheat, ore: ",wheat
bot,"['wheat', 'wood', 'sheep']",resource,"Which resource would you like to discard: brick, wood, sheep, wheat, ore: ",wood
bot,"['wheat', 'sheep']",resource,"Which resource would you like to discard: brick, wood, sheep, wheat, ore: ",sheep
bot,['wheat'],resource,"Which resource would you like to discard: brick, wood, sheep, wheat, ore: ",wheat
bot,"[2, 4]",int,"1=Build, 2=Trade, 3=Dev Cards(Play/Select), 4=End: ",4
bot,"[2, 4]",int,"1=Build, 2=Trade, 3=Dev Cards(Play/Select), 4=End: ",2
bot,"[1, 2, 3]",int,"Player Trade (1), Bank/Port Trade (2), Cancel (3): ",1
bot,"['brick', 'wood', 'sheep', 'wheat', 'ore']",resource,Which resource would you like to trade (give away): ,wheat
bot,"[1, 2, 3, 4]",int,How many would you like to trade: ,3
bot,"['brick', 'wood', 'sheep', 'wheat', 'ore']",resource,Which resource would you like to trade: ,brick
bot,"[1, 2, 3]",int,How many would you like to trade: ,1
bot,"['Y', 'N']",action,Red would you like to trade wheat for brick [Y/N]: ,Y
bot,"['Y', 'N']",action,Yellow would you like to trade wheat for brick [Y/N]: ,N
bot,"['Y', 'N']",action,Green would you like to trade wheat for brick [Y/N]: ,N
bot,"[2, 4]",int,"1=Build, 2=Trade, 3=Dev Cards(Play/Select), 4=End: ",2
bot,"[1, 2, 3]",int,"Player Trade (1), Bank/Port Trade (2), Cancel (3): ",2
bot,"['brick', 'wood', 'sheep', 'wheat', 'ore']",resource,Which resource would you like to trade (give away): ,ore
bot,"['brick', 'wood', 'sheep', 'wheat', 'ore']",resource,Which resource would you like to receive: ,sheep
bot,"[1, 2, 3]",int,"Player Trade (1), Bank/Port Trade (2), Cancel (3): ",1
bot,"['brick', 'wood', 'sheep', 'wheat', 'ore']",resource,Which resource would you like to trade (give away): ,ore
bot,"[1, 2, 3, 4]",int,How many would you like to trade: ,1
bot,"['brick', 'wood', 'sheep', 'wheat', 'ore']",resource,Which resource would you like to trade: ,ore
bot,"[1, 2, 3]",int,How many would you like to trade: ,2
bot,"[2, 4]",int,"1=Build, 2=Trade, 3=Dev Cards(Play/Select), 4=End: ",2
bot,"[1, 2, 3]",int,"Player Trade (1), Bank/Port Trade (2), Cancel (3): ",3
bot,"[2, 4]",int,"1=Build, 2=Trade, 3=Dev Cards(Play/Select), 4=End: ",2
bot,"[1, 2, 3]",int,"Player Trade (1), Bank/Port Trade (2), Cancel (3): ",2
bot,"['brick', 'wood', 'sheep', 'wheat', 'ore']",resource,Which resource would you like to trade (give away): ,sheep
bot,"['brick', 'wood', 'sheep', 'wheat', 'ore']",resource,Which resource would you like to receive: ,wheat
bot,"[2, 4]",int,"1=Build, 2=Trade, 3=Dev Cards(Play/Select), 4=End: ",4
bot,"range(0, 18)",int,Choosen a Tile [0-18] to move the Robber to: ,0
bot,['Red'],player,Choose a player to steal from {'Red'}: ,Red
bot,"[2, 4]",int,"1=Build, 2=Trade, 3=Dev Cards(Play/Select), 4=End: ",2
bot,"[1, 2, 3]",int,"Player Trade (1), Bank/Port Trade (2), Cancel (3): ",1
bot,"['brick', 'wood', 'sheep', 'wheat', 'ore']",resource,Which resource would you like to trade (give away): ,ore
bot,"[1, 2, 3, 4]",int,How many would you like to trade: ,4
bot,"['brick', 'wood', 'sheep', 'wheat', 'ore']",resource,Which resource would you like to trade: ,wheat
bot,"[1, 2, 3]",int,How many would you like to trade: ,1
bot,"[2, 4]",int,"1=Build, 2=Trade, 3=Dev Cards(Play/Select), 4=End: ",4
bot,"[2, 4]",int,"1=Build, 2=Trade, 3=Dev Cards(Play/Select), 4=End: ",4
bot,"[1, 2, 3, 4]",int,"1=Build, 2=Trade, 3=Dev Cards(Play/Select), 4=End: ",4
bot,"[2, 4]",int,"1=Build, 2=Trade, 3=Dev Cards(Play/Select), 4=End: ",4
bot,"[2, 4]",int,"1=Build, 2=Trade, 3=Dev Cards(Play/Select), 4=End: ",2
bot,"[1, 2, 3]",int,"Player Trade (1), Bank/Port Trade (2), Cancel (3): ",3
bot,"[2, 4]",int,"1=Build, 2=Trade, 3=Dev Cards(Play/Select), 4=End: ",2
bot,"[1, 2, 3]",int,"Player Trade (1), Bank/Port Trade (2), Cancel (3): ",3
bot,"[2, 4]",int,"1=Build, 2=Trade, 3=Dev Cards(Play/Select), 4=End: ",2
bot,"[1, 2, 3]",int,"Player Trade (1), Bank/Port Trade (2), Cancel (3): ",2
bot,"['brick', 'wood', 'sheep', 'wheat', 'ore']",resource,Which resource would you like to trade (give away): ,sheep
bot,"['brick', 'wood', 'sheep', 'wheat', 'ore']",resource,Which resource would you like to receive: ,wood
bot,"[1, 2, 3]",int,"Player Trade (1), Bank/Port Trade (2), Cancel (3): ",2
bot,"['brick', 'wood', 'sheep', 'wheat', 'ore']",resource,Which resource would you like to trade (give away): ,ore
bot,"['brick', 'wood', 'sheep', 'wheat', 'ore']",resource,Which resource would you like to receive: ,wheat
bot,"[1, 2, 3]",int,"Player Trade (1), Bank/Port Trade (2), Cancel (3): ",2
bot,"['brick', 'wood', 'sheep', 'wheat', 'ore']",resource,Which resource would you like to trade (give away): ,ore
bot,"['brick', 'wood', 'sheep', 'wheat', 'ore']",resource,Which resource would you like to receive: ,wheat
bot,"[1, 2, 3]",int,"Player Trade (1), Bank/Port Trade (2), Cancel (3): ",1
bot,"['brick', 'wood', 'sheep', 'wheat', 'ore']",resource,Which resource would you like to trade (give away): ,sheep
bot,"[1, 2, 3, 4]",int,How many would you like to trade: ,3
bot,"['brick', 'wood', 'sheep', 'wheat', 'ore']",resource,Which resource would you like to trade: ,wheat
bot,"[1, 2, 3]",int,How many would you like to trade: ,2
bot,"['Y', 'N']",action,Yellow would you like to trade sheep for wheat [Y/N]: ,N
bot,"[2, 4]",int,"1=Build, 2=Trade, 3=Dev Cards(Play/Select), 4=End: ",2
bot,"[1, 2, 3]",int,"Player Trade (1), Bank/Port Trade (2), Cancel (3): ",2
bot,"['brick', 'wood', 'sheep', 'wheat', 'ore']",resource,Which resource would you like to trade (give away): ,ore
bot,"['brick', 'wood', 'sheep', 'wheat', 'ore']",resource,Which resource would you like to receive: ,ore
bot,"[1, 2, 3]",int,"Player Trade (1), Bank/Port Trade (2), Cancel (3): ",1
bot,"['brick', 'wood', 'sheep', 'wheat', 'ore']",resource,Which resource would you like to trade (give away): ,wood
bot,"[1, 2, 3, 4]",int,How many would you like to trade: ,3
bot,"['brick', 'wood', 'sheep', 'wheat', 'ore']",resource,Which resource would you like to trade: ,brick
bot,"[1, 2, 3]",int,How many would you like to trade: ,3
bot,"[2, 4]",int,"1=Build, 2=Trade, 3=Dev Cards(Play/Select), 4=End: ",4
bot,"range(0, 18)",int,Choosen a Tile [0-18] to move the Robber to: ,2
bot,"['wheat', 'sheep', 'wood', 'ore']",resource,"Which resource would you like to discard: brick, wood, sheep, wheat, ore: ",sheep
bot,"['wheat', 'sheep', 'wood', 'ore']",resource,"Which resource would you like to discard: brick, wood, sheep, wheat, ore: ",wood
bot,"['wheat', 'sheep', 'ore']",resource,"Which resource would you like to discard: brick, wood, sheep, wheat, ore: ",ore
bot,"['wheat', 'sheep', 'ore']",resource,"Which resource would you like to discard: brick, wood, sheep, wheat, ore: ",sheep
bot,"['wheat', 'sheep', 'ore']",resource,"Which resource would you like to discard: brick, wood, sheep, wheat, ore: ",wheat
bot,"['wheat', 'sheep', 'ore']",resource,"Which resource would you like to discard: brick, wood, sheep, wheat, ore: ",sheep
bot,['wheat'],resource,"Which resource would you like to discard: brick, wood, sheep, wheat, ore: ",wheat
bot,['wheat'],resource,"Which resource would you like to discard: brick, wood, sheep, wheat, ore: ",wheat
bot,['wheat'],resource,"Which resource would you like to discard: brick, wood, sheep, wheat, ore: ",wheat
bot,['wheat'],resource,"Which resource would you like to discard: brick, wood, sheep, wheat, ore: ",wheat
bot,"[2, 4]",int,"1=Build, 2=Trade, 3=Dev Cards(Play/Select), 4=End: ",2
bot,"[1, 2, 3]",int,"Player Trade (1), Bank/Port Trade (2), Cancel (3): ",3
bot,"[2, 4]",int,"1=Build, 2=Trade, 3=Dev Cards(Play/Select), 4=End: ",4
bot,"[1, 2, 3, 4]",int,"1=Build, 2=Trade, 3=Dev Cards(Play/Select), 4=End: ",3
bot,"[1, 2, 3]",int,"1=Collect, 2=Play, 3=End:",2
bot,"[1, 2, 3]",int,"1=Collect, 2=Play, 3=End:",1
bot,"[1, 2, 3]",int,"1=Collect, 2=Play, 3=End:",1
bot,"[1, 2, 3]",int,"1=Collect, 2=Play, 3=End:",1
bot,"[1, 2, 3]",int,"1=Collect, 2=Play, 3=End:",2
bot,['knight'],card,"Which dev card would you like to play from - [Knight(color=None, played=False, player=None, name='knight')]: ",knight
bot,"range(0, 18)",int,Choosen a Tile [0-18] to move the Robber to: ,16
bot,"[2, 4]",int,"1=Build, 2=Trade, 3=Dev Cards(Play/Select), 4=End: ",4
bot,"[2, 4]",int,"1=Build, 2=Trade, 3=Dev Cards(Play/Select), 4=End: ",2
bot,"[1, 2, 3]",int,"Player Trade (1), Bank/Port Trade (2), Cancel (3): ",3
bot,"[2, 4]",int,"1=Build, 2=Trade, 3=Dev Cards(Play/Select), 4=End: ",2
bot,"[1, 2, 3]",int,"Player Trade (1), Bank/Port Trade (2), Cancel (3): ",2
bot,"['brick', 'wood', 'sheep', 'wheat', 'ore']",resource,Which resource would you like to trade (give away): ,brick
bot,"['brick', 'wood', 'sheep', 'wheat', 'ore']",resource,Which resource would you like to receive: ,brick
bot,"[1, 2, 3]",int,"Player Trade (1), Bank/Port Trade (2), Cancel (3): ",2
bot,"['brick', 'wood', 'sheep', 'wheat', 'ore']",resource,Which resource would you like to trade (give away): ,sheep
bot,"['brick', 'wood', 'sheep', 'wheat', 'ore']",resource,Which resource would you like to receive: ,ore
bot,"[1, 2, 3]",int,"Player Trade (1), Bank/Port Trade (2), Cancel (3): ",2
bot,"['brick', 'wood', 'sheep', 'wheat', 'ore']",resource,Which resource would you like to trade (give away): ,brick
bot,"['brick', 'wood', 'sheep', 'wheat', 'ore']",resource,Which resource would you like to receive: ,brick
bot,"[1, 2, 3]",int,"Player Trade (1), Bank/Port Trade (2), Cancel (3): ",1
bot,"['brick', 'wood', 'sheep', 'wheat', 'ore']",resource,Which resource would you like to trade (give away): ,brick
bot,"[1, 2, 3, 4]",int,How many would you like to trade: ,3
bot,"['brick', 'wood', 'sheep', 'wheat', 'ore']",resource,Which resource would you like to trade: ,wood
bot,"[1, 2, 3]",int,How many would you like to trade: ,3
bot,"['Y', 'N']",action,Red would you like to trade brick for wood [Y/N]: ,Y
bot,"[2, 4]",int,"1=Build, 2=Trade, 3=Dev Cards(Play/Select), 4=End: ",4
bot,"[2, 4]",int,"1=Build, 2=Trade, 3=Dev Cards(Play/Select), 4=End: ",4
bot,"[1, 2, 4]",int,"1=Build, 2=Trade, 3=Dev Cards(Play/Select), 4=End: ",1
bot,"[1, 2, 3, 4]",int,"1=Settlement, 2=City, 3=Road, 4=End: ",4
bot,"[1, 2, 4]",int,"1=Build, 2=Trade, 3=Dev Cards(Play/Select), 4=End: ",2
bot,"[1, 2, 3]",int,"Player Trade (1), Bank/Port Trade (2), Cancel (3): ",2
bot,"['brick', 'wood', 'sheep', 'wheat', 'ore']",resource,Which resource would you like to trade (give away): ,ore
bot,"['brick', 'wood', 'sheep', 'wheat', 'ore']",resource,Which resource would you like to receive: ,brick
bot,"[1, 2, 3]",int,"Player Trade (1), Bank/Port Trade (2), Cancel (3): ",3
bot,"[1, 2, 4]",int,"1=Build, 2=Trade, 3=Dev Cards(Play/Select), 4=End: ",2
bot,"[1, 2, 3]",int,"Player Trade (1), Bank/Port Trade (2), Cancel (3): ",3
bot,"[1, 2, 4]",int,"1=Build, 2=Trade, 3=Dev Cards(Play/Select), 4=End: ",4
bot,"[2, 4]",int,"1=Build, 2=Trade, 3=Dev Cards(Play/Select), 4=End: ",2
bot,"[1, 2, 3]",int,"Player Trade (1), Bank/Port Trade (2), Cancel (3): ",1
bot,"['brick', 'wood', 'sheep', 'wheat', 'ore']",resource,Which resource would you like to trade (give away): ,sheep
bot,"[1, 2, 3, 4]",int,How many would you like to trade: ,4
bot,"['brick', 'wood', 'sheep', 'wheat', 'ore']",resource,Which resource would you like to trade: ,wheat
bot,"[1, 2, 3]",int,How many would you like to trade: ,1
bot,"[2, 4]",int,"1=Build, 2=Trade, 3=Dev Cards(Play/Select), 4=End: ",4
bot,"[2, 4]",int,"1=Build, 2=Trade, 3=Dev Cards(Play/Select), 4=End: ",4
bot,"[2, 4]",int,"1=Build, 2=Trade, 3=Dev Cards(Play/Select), 4=End: ",2
bot,"[1, 2, 3]",int,"Player Trade (1), Bank/Port Trade (2), Cancel (3): ",1
bot,"['brick', 'wood', 'sheep', 'wheat', 'ore']",resource,Which resource would you like to trade (give away): ,wheat
bot,"[1, 2, 3, 4]",int,How many would you like to trade: ,2
bot,"['brick', 'wood', 'sheep', 'wheat', 'ore']",resource,Which resource would you like to trade: ,wheat
bot,"[1, 2, 3]",int,How many would you like to trade: ,1
bot,"['Y', 'N']",action,Red would you like to trade wheat for wheat [Y/N]: ,Y
bot,"['Y', 'N']",action,Blue would you like to trade wheat for wheat [Y/N]: ,N
bot,"[2, 4]",int,"1=Build, 2=Trade, 3=Dev Cards(Play/Select), 4=End: ",2
bot,"[1, 2, 3]",int,"Player Trade (1), Bank/Port Trade (2), Cancel (3): ",3
bot,"[2, 4]",int,"1=Build, 2=Trade, 3=Dev Cards(Play/Select), 4=End: ",2
bot,"[1, 2, 3]",int,"Player Trade (1), Bank/Port Trade (2), Cancel (3): ",1
bot,"['brick', 'wood', 'sheep', 'wheat', 'ore']",resource,Which resource would you like to trade (give away): ,brick
bot,"[1, 2, 3, 4]",int,How many would you like to trade: ,2
bot,"['brick', 'wood', 'sheep', 'wheat', 'ore']",resource,Which resource would you like to trade: ,wheat
bot,"[1, 2, 3]",int,How many would you like to trade: ,2
bot,"['Y', 'N']",action,Red would you like to trade brick for wheat [Y/N]: ,N
bot,"[2, 4]",int,"1=Build, 2=Trade, 3=Dev Cards(Play/Select), 4=End: ",2
bot,"[1, 2, 3]",int,"Player Trade (1), Bank/Port Trade (2), Cancel (3): ",2
bot,"['brick', 'wood', 'sheep', 'wheat', 'ore']",resource,Which resource would you like to trade (give away): ,ore
bot,"['brick', 'wood', 'sheep', 'wheat', 'ore']",resource,Which resource would you like to receive: ,brick
bot,"[1, 2, 3]",int,"Player Trade (1), Bank/Port Trade (2), Cancel (3): ",2
bot,"['brick', 'wood', 'sheep', 'wheat', 'ore']",resource,Which resource would you like to trade (give away): ,wood
bot,"['brick', 'wood', 'sheep', 'wheat', 'ore']",resource,Which resource would you like to receive: ,wood
bot,"[1, 2, 3]",int,"Player Trade (1), Bank/Port Trade (2), Cancel (3): ",3
bot,"[2, 4]",int,"1=Build, 2=Trade, 3=Dev Cards(Play/Select), 4=End: ",2
bot,"[1, 2, 3]",int,"Player Trade (1), Bank/Port Trade (2), Cancel (3): ",2
bot,"['brick', 'wood', 'sheep', 'wheat', 'ore']",resource,Which resource would you like to trade (give away): ,ore
bot,"['brick', 'wood', 'sheep', 'wheat', 'ore']",resource,Which resource would you like to receive: ,wheat
bot,"[1, 2, 3]",int,"Player Trade (1), Bank/Port Trade (2), Cancel (3): ",1
bot,"['brick', 'wood', 'sheep', 'wheat', 'ore']",resource,Which resource would you like to trade (give away): ,wood
bot,"[1, 2, 3, 4]",int,How many would you like to trade: ,3
bot,"['brick', 'wood', 'sheep', 'wheat', 'ore']",resource,Which resource would you like to trade: ,brick
bot,"[1, 2, 3]",int,How many would you like to trade: ,1
bot,"['Y', 'N']",action,Red would you like to trade wood for brick [Y/N]: ,N
bot,"[2, 4]",int,"1=Build, 2=Trade, 3=Dev Cards(Play/Select), 4=End: ",2
bot,"[1, 2, 3]",int,"Player Trade (1), Bank/Port Trade (2), Cancel (3): ",3
bot,"[2, 4]",int,"1=Build, 2=Trade, 3=Dev Cards(Play/Select), 4=End: ",2
bot,"[1, 2, 3]",int,"Player Trade (1), Bank/Port Trade (2), Cancel (3): ",1
bot,"['brick', 'wood', 'sheep', 'wheat', 'ore']",resource,Which resource would you like to trade (give away): ,wood
bot,"[1, 2, 3, 4]",int,How many would you like to trade: ,4
bot,"['brick', 'wood', 'sheep', 'wheat', 'ore']",resource,Which resource would you like to trade: ,sheep
bot,"[1, 2, 3]",int,How many would you like to trade: ,3
bot,"['Y', 'N']",action,Red would you like to trade wood for sheep [Y/N]: ,N
bot,"[2, 4]",int,"1=Build, 2=Trade, 3=Dev Cards(Play/Select), 4=End: ",2
bot,"[1, 2, 3]",int,"Player Trade (1), Bank/Port Trade (2), Cancel (3): ",2
bot,"['brick', 'wood', 'sheep', 'wheat', 'ore']",resource,Which resource would you like to trade (give away): ,wheat
bot,"['brick', 'wood', 'sheep', 'wheat', 'ore']",resource,Which resource would you like to receive: ,brick
bot,"[1, 2, 4]",int,"1=Build, 2=Trade, 3=Dev Cards(Play/Select), 4=End: ",2
bot,"[1, 2, 3]",int,"Player Trade (1), Bank/Port Trade (2), Cancel (3): ",3
bot,"[1, 2, 4]",int,"1=Build, 2=Trade, 3=Dev Cards(Play/Select), 4=End: ",4
bot,"[1, 2, 4]",int,"1=Build, 2=Trade, 3=Dev Cards(Play/Select), 4=End: ",1
bot,"[1, 2, 3, 4]",int,"1=Settlement, 2=City, 3=Road, 4=End: ",2
bot,"[9, 43]",int,Choose city location - [0-53]:,9
bot,"[1, 2, 3, 4]",int,"1=Settlement, 2=City, 3=Road, 4=End: ",1
bot,"[1, 2, 3, 4]",int,"1=Settlement, 2=City, 3=Road, 4=End: ",1
bot,"[1, 2, 3, 4]",int,"1=Settlement, 2=City, 3=Road, 4=End: ",2
bot,"[1, 2, 3, 4]",int,"1=Settlement, 2=City, 3=Road, 4=End: ",2
bot,"[1, 2, 3, 4]",int,"1=Settlement, 2=City, 3=Road, 4=End: ",3
bot,"[6, 10, 7, 13, 26, 51, 64, 52, 60, 64]",int,Choose road location - [0-71]: ,64
bot,"[1, 2, 3, 4]",int,"1=Settlement, 2=City, 3=Road, 4=End: ",4
bot,"[1, 2, 4]",int,"1=Build, 2=Trade, 3=Dev Cards(Play/Select), 4=End: ",4
bot,"[2, 4]",int,"1=Build, 2=Trade, 3=Dev Cards(Play/Select), 4=End: ",4
bot,"[2, 4]",int,"1=Build, 2=Trade, 3=Dev Cards(Play/Select), 4=End: ",4
bot,"[1, 2, 4]",int,"1=Build, 2=Trade, 3=Dev Cards(Play/Select), 4=End: ",4
bot,"[1, 2, 4]",int,"1=Build, 2=Trade, 3=Dev Cards(Play/Select), 4=End: ",2
bot,"[1, 2, 3]",int,"Player Trade (1), Bank/Port Trade (2), Cancel (3): ",1
bot,"['brick', 'wood', 'sheep', 'wheat', 'ore']",resource,Which resource would you like to trade (give away): ,sheep
bot,"[1, 2, 3, 4]",int,How many would you like to trade: ,1
bot,"['brick', 'wood', 'sheep', 'wheat', 'ore']",resource,Which resource would you like to trade: ,wood
bot,"[1, 2, 3]",int,How many would you like to trade: ,2
bot,"['Y', 'N']",action,Yellow would you like to trade sheep for wood [Y/N]: ,N
bot,"[1, 2, 4]",int,"1=Build, 2=Trade, 3=Dev Cards(Play/Select), 4=End: ",4
bot,"[2, 4]",int,"1=Build, 2=Trade, 3=Dev Cards(Play/Select), 4=End: ",2
bot,"[1, 2, 3]",int,"Player Trade (1), Bank/Port Trade (2), Cancel (3): ",1
bot,"['brick', 'wood', 'sheep', 'wheat', 'ore']",resource,Which resource would you like to trade (give away): ,wheat
bot,"[1, 2, 3, 4]",int,How many would you like to trade: ,2
bot,"['brick', 'wood', 'sheep', 'wheat', 'ore']",resource,Which resource would you like to trade: ,wheat
bot,"[1, 2, 3]",int,How many would you like to trade: ,2
bot,"['Y', 'N']",action,Blue would you like to trade wheat for wheat [Y/N]: ,Y
bot,"['Y', 'N']",action,Green would you like to trade wheat for wheat [Y/N]: ,Y
bot,"[2, 4]",int,"1=Build, 2=Trade, 3=Dev Cards(Play/Select), 4=End: ",4
bot,"[2, 4]",int,"1=Build, 2=Trade, 3=Dev Cards(Play/Select), 4=End: ",2
bot,"[1, 2, 3]",int,"Player Trade (1), Bank/Port Trade (2), Cancel (3): ",3
bot,"[2, 4]",int,"1=Build, 2=Trade, 3=Dev Cards(Play/Select), 4=End: ",4
bot,"[1, 2, 4]",int,"1=Build, 2=Trade, 3=Dev Cards(Play/Select), 4=End: ",1
bot,"[1, 2, 3, 4]",int,"1=Settlement, 2=City, 3=Road, 4=End: ",3
bot,"[24, 26, 34, 37, 45, 47, 52]",int,Choose road location - [0-71]: ,52
bot,"[1, 2, 3, 4]",int,"1=Settlement, 2=City, 3=Road, 4=End: ",1
bot,"[1, 2, 3, 4]",int,"1=Settlement, 2=City, 3=Road, 4=End: ",4
bot,"[2, 4]",int,"1=Build, 2=Trade, 3=Dev Cards(Play/Select), 4=End: ",2
bot,"[1, 2, 3]",int,"Player Trade (1), Bank/Port Trade (2), Cancel (3): ",1
bot,"['brick', 'wood', 'sheep', 'wheat', 'ore']",resource,Which resource would you like to trade (give away): ,brick
bot,"[1, 2, 3, 4]",int,How many would you like to trade: ,3
bot,"['brick', 'wood', 'sheep', 'wheat', 'ore']",resource,Which resource would you like to trade: ,sheep
bot,"[1, 2, 3]",int,How many would you like to trade: ,2
bot,"['Y', 'N']",action,Red would you like to trade brick for sheep [Y/N]: ,Y
bot,"[1, 2, 4]",int,"1=Build, 2=Trade, 3=Dev Cards(Play/Select), 4=End: ",1
bot,"[1, 2, 3, 4]",int,"1=Settlement, 2=City, 3=Road, 4=End: ",3
bot,"[24, 26, 34, 37, 45, 47, 45, 60]",int,Choose road location - [0-71]: ,47
bot,"[1, 2, 3, 4]",int,"1=Settlement, 2=City, 3=Road, 4=End: ",4
bot,"[2, 4]",int,"1=Build, 2=Trade, 3=Dev Cards(Play/Select), 4=End: ",4
bot,"[1, 2, 3, 4]",int,"1=Build, 2=Trade, 3=Dev Cards(Play/Select), 4=End: ",3
bot,"[1, 2, 3]",int,"1=Collect, 2=Play, 3=End:",3
bot,"[1, 2, 3, 4]",int,"1=Build, 2=Trade, 3=Dev Cards(Play/Select), 4=End: ",3
bot,"[1, 2, 3]",int,"1=Collect, 2=Play, 3=End:",2
bot,"[1, 2, 3]",int,"1=Collect, 2=Play, 3=End:",3
bot,"[1, 2, 3, 4]",int,"1=Build, 2=Trade, 3=Dev Cards(Play/Select), 4=End: ",2
bot,"[1, 2, 3]",int,"Player Trade (1), Bank/Port Trade (2), Cancel (3): ",1
bot,"['brick', 'wood', 'sheep', 'wheat', 'ore']",resource,Which resource would you like to trade (give away): ,wheat
bot,"[1, 2, 3, 4]",int,How many would you like to trade: ,2
bot,"['brick', 'wood', 'sheep', 'wheat', 'ore']",resource,Which resource would you like to trade: ,ore
bot,"[1, 2, 3]",int,How many would you like to trade: ,1
bot,"['Y', 'N']",action,Blue would you like to trade wheat for ore [Y/N]: ,N
bot,"['Y', 'N']",action,Green would you like to trade wheat for ore [Y/N]: ,N
bot,"[1, 2, 3, 4]",int,"1=Build, 2=Trade, 3=Dev Cards(Play/Select), 4=End: ",2
bot,"[1, 2, 3]",int,"Player Trade (1), Bank/Port Trade (2), Cancel (3): ",1
bot,"['brick', 'wood', 'sheep', 'wheat', 'ore']",resource,Which resource would you like to trade (give away): ,wood
bot,"[1, 2, 3, 4]",int,How many would you like to trade: ,4
bot,"['brick', 'wood', 'sheep', 'wheat', 'ore']",resource,Which resource would you like to trade: ,ore
bot,"[1, 2, 3]",int,How many would you like to trade: ,2
bot,"['Y', 'N']",action,Yellow would you like to trade wood for ore [Y/N]: ,N
bot,"['Y', 'N']",action,Blue would you like to trade wood for ore [Y/N]: ,N
bot,"[1, 2, 3, 4]",int,"1=Build, 2=Trade, 3=Dev Cards(Play/Select), 4=End: ",2
bot,"[1, 2, 3]",int,"Player Trade (1), Bank/Port Trade (2), Cancel (3): ",3
bot,"[1, 2, 3, 4]",int,"1=Build, 2=Trade, 3=Dev Cards(Play/Select), 4=End: ",2
bot,"[1, 2, 3]",int,"Player Trade (1), Bank/Port Trade (2), Cancel (3): ",2
bot,"['brick', 'wood', 'sheep', 'wheat', 'ore']",resource,Which resource would you like to trade (give away): ,wood
bot,"['brick', 'wood', 'sheep', 'wheat', 'ore']",resource,Which resource would you like to receive: ,ore
bot,"[1, 2, 3, 4]",int,"1=Build, 2=Trade, 3=Dev Cards(Play/Select), 4=End: ",1
bot,"[1, 2, 3, 4]",int,"1=Settlement, 2=City, 3=Road, 4=End: ",1
bot,"[8, 51]",int,Choose settlement location - [0-53]:,8
bot,[51],int,Choose settlement location - [0-53]:,51
bot,"[1, 2, 3, 4]",int,"1=Settlement, 2=City, 3=Road, 4=End: ",1
bot,"[8, 51]",int,Choose settlement location - [0-53]:,51
bot,[8],int,Choose settlement location - [0-53]:,8
bot,"[1, 2, 3, 4]",int,"1=Settlement, 2=City, 3=Road, 4=End: ",2
bot,"[1, 2, 3, 4]",int,"1=Settlement, 2=City, 3=Road, 4=End: ",1
bot,"[8, 51]",int,Choose settlement location - [0-53]:,8
bot,[51],int,Choose settlement location - [0-53]:,51
bot,"[1, 2, 3, 4]",int,"1=Settlement, 2=City, 3=Road, 4=End: ",2
bot,"[1, 2, 3, 4]",int,"1=Settlement, 2=City, 3=Road, 4=End: ",4
bot,"[1, 2, 3, 4]",int,"1=Build, 2=Trade, 3=Dev Cards(Play/Select), 4=End: ",4
bot,"[2, 4]",int,"1=Build, 2=Trade, 3=Dev Cards(Play/Select), 4=End: ",4
bot,"range(0, 18)",int,Choosen a Tile [0-18] to move the Robber to: ,14
bot,"['Red', 'Green']",player,"Choose a player to steal from {'Red', 'Green'}: ",Red
bot,"['wood', 'sheep', 'brick', 'ore']",resource,"Which resource would you like to discard: brick, wood, sheep, wheat, ore: ",wood
bot,"['sheep', 'brick', 'ore']",resource,"Which resource would you like to discard: brick, wood, sheep, wheat, ore: ",brick
bot,"['sheep', 'brick', 'ore']",resource,"Which resource would you like to discard: brick, wood, sheep, wheat, ore: ",brick
bot,"['sheep', 'ore']",resource,"Which resource would you like to discard: brick, wood, sheep, wheat, ore: ",sheep
bot,"['sheep', 'ore']",resource,"Which resource would you like to discard: brick, wood, sheep, wheat, ore: ",sheep
bot,"['sheep', 'ore']",resource,"Which resource would you like to discard: brick, wood, sheep, wheat, ore: ",sheep
bot,['ore'],resource,"Which resource would you like to discard: brick, wood, sheep, wheat, ore: ",ore
bot,"['sheep', 'wood', 'ore']",resource,"Which resource would you like to discard: brick, wood, sheep, wheat, ore: ",wood
bot,"['sheep', 'wood', 'ore']",resource,"Which resource would you like to discard: brick, wood, sheep, wheat, ore: ",wood
bot,"['sheep', 'ore']",resource,"Which resource would you like to discard: brick, wood, sheep, wheat, ore: ",sheep
bot,"['sheep', 'ore']",resource,"Which resource would you like to discard: brick, wood, sheep, wheat, ore: ",sheep
bot,"['sheep', 'ore']",resource,"Which resource would you like to discard: brick, wood, sheep, wheat, ore: ",sheep
bot,"['wheat', 'wood', 'sheep']",resource,"Which resource would you like to discard: brick, wood, sheep, wheat, ore: ",sheep
bot,"['wheat', 'wood', 'sheep']",resource,"Which resource would you like to discard: brick, wood, sheep, wheat, ore: ",wood
bot,"['wheat', 'wood', 'sheep']",resource,"Which resource would you like to discard: brick, wood, sheep, wheat, ore: ",wheat
bot,"['wheat', 'wood', 'sheep']",resource,"Which resource would you like to discard: brick, wood, sheep, wheat, ore: ",wood
bot,"['wheat', 'sheep']",resource,"Which resource would you like to discard: brick, wood, sheep, wheat, ore: ",sheep
bot,"['wheat', 'sheep']",resource,"Which resource would you like to discard: brick, wood, sheep, wheat, ore: ",sheep
bot,"[2, 4]",int,"1=Build, 2=Trade, 3=Dev Cards(Play/Select), 4=End: ",4
bot,"range(0, 18)",int,Choosen a Tile [0-18] to move the Robber to: ,17
bot,"['Yellow', 'Red']",player,"Choose a player to steal from {'Yellow', 'Red'}: ",Red
bot,"[2, 4]",int,"1=Build, 2=Trade, 3=Dev Cards(Play/Select), 4=End: ",2
bot,"[1, 2, 3]",int,"Player Trade (1), Bank/Port Trade (2), Cancel (3): ",1
bot,"['brick', 'wood', 'sheep', 'wheat', 'ore']",resource,Which resource would you like to trade (give away): ,wood
bot,"[1, 2, 3, 4]",int,How many would you like to trade: ,1
bot,"['brick', 'wood', 'sheep', 'wheat', 'ore']",resource,Which resource would you like to trade: ,ore
bot,"[1, 2, 3]",int,How many would you like to trade: ,3
bot,"[2, 4]",int,"1=Build, 2=Trade, 3=Dev Cards(Play/Select), 4=End: ",2
bot,"[1, 2, 3]",int,"Player Trade (1), Bank/Port Trade (2), Cancel (3): ",1
bot,"['brick', 'wood', 'sheep', 'wheat', 'ore']",resource,Which resource would you like to trade (give away): ,sheep
bot,"[1, 2, 3, 4]",int,How many would you like to trade: ,3
bot,"['brick', 'wood', 'sheep', 'wheat', 'ore']",resource,Which resource would you like to trade: ,wheat
bot,"[1, 2, 3]",int,How many would you like to trade: ,1
bot,"['Y', 'N']",action,Yellow would you like to trade sheep for wheat [Y/N]: ,N
bot,"['Y', 'N']",action,Blue would you like to trade sheep for wheat [Y/N]: ,Y
bot,"[2, 4]",int,"1=Build, 2=Trade, 3=Dev Cards(Play/Select), 4=End: ",2
bot,"[1, 2, 3]",int,"Player Trade (1), Bank/Port Trade (2), Cancel (3): ",3
bot,"[2, 4]",int,"1=Build, 2=Trade, 3=Dev Cards(Play/Select), 4=End: ",4
bot,"[2, 4]",int,"1=Build, 2=Trade, 3=Dev Cards(Play/Select), 4=End: ",4
bot,"[2, 4]",int,"1=Build, 2=Trade, 3=Dev Cards(Play/Select), 4=End: ",2
bot,"[1, 2, 3]",int,"Player Trade (1), Bank/Port Trade (2), Cancel (3): ",2
bot,"['brick', 'wood', 'sheep', 'wheat', 'ore']",resource,Which resource would you like to trade (give away): ,wheat
bot,"['brick', 'wood', 'sheep', 'wheat', 'ore']",resource,Which resource would you like to receive: ,wheat
bot,"[1, 2, 3]",int,"Player Trade (1), Bank/Port Trade (2), Cancel (3): ",2
bot,"['brick', 'wood', 'sheep', 'wheat', 'ore']",resource,Which resource would you like to trade (give away): ,wood
bot,"['brick', 'wood', 'sheep', 'wheat', 'ore']",resource,Which resource would you like to receive: ,brick
bot,"[1, 2, 3]",int,"Player Trade (1), Bank/Port Trade (2), Cancel (3): ",1
bot,"['brick', 'wood', 'sheep', 'wheat', 'ore']",resource,Which resource would you like to trade (give away): ,sheep
bot,"[1, 2, 3, 4]",int,How many would you like to trade: ,3
bot,"['brick', 'wood', 'sheep', 'wheat', 'ore']",resource,Which resource would you like to trade: ,wheat
bot,"[1, 2, 3]",int,How many would you like to trade: ,1
bot,"['Y', 'N']",action,Blue would you like to trade sheep for wheat [Y/N]: ,Y
bot,"[2, 4]",int,"1=Build, 2=Trade, 3=Dev Cards(Play/Select), 4=End: ",2
bot,"[1, 2, 3]",int,"Player Trade (1), Bank/Port Trade (2), Cancel (3): ",3
bot,"[2, 4]",int,"1=Build, 2=Trade, 3=Dev Cards(Play/Select), 4=End: ",2
bot,"[1, 2, 3]",int,"Player Trade (1), Bank/Port Trade (2), Cancel (3): ",2
bot,"['brick', 'wood', 'sheep', 'wheat', 'ore']",resource,Which resource would you like to trade (give away): ,ore
bot,"['brick', 'wood', 'sheep', 'wheat', 'ore']",resource,Which resource would you like to receive: ,wheat
bot,"[2, 4]",int,"1=Build, 2=Trade, 3=Dev Cards(Play/Select), 4=End: ",2
bot,"[1, 2, 3]",int,"Player Trade (1), Bank/Port Trade (2), Cancel (3): ",3
bot,"[2, 4]",int,"1=Build, 2=Trade, 3=Dev Cards(Play/Select), 4=End: ",4
bot,"range(0, 18)",int,Choosen a Tile [0-18] to move the Robber to: ,17
bot,"range(0, 18)",int,Choosen a Tile [0-18] to move the Robber to: ,11
bot,['ore'],resource,"Which resource would you like to discard: brick, wood, sheep, wheat, ore: ",ore
bot,['ore'],resource,"Which resource would you like to discard: brick, wood, sheep, wheat, ore: ",ore
bot,['ore'],resource,"Which resource would you like to discard: brick, wood, sheep, wheat, ore: ",ore
bot,['ore'],resource,"Which resource would you like to discard: brick, wood, sheep, wheat, ore: ",ore
bot,['wheat'],resource,"Which resource would you like to discard: brick, wood, sheep, wheat, ore: ",wheat
bot,['wheat'],resource,"Which resource would you like to discard: brick, wood, sheep, wheat, ore: ",wheat
bot,['wheat'],resource,"Which resource would you like to discard: brick, wood, sheep, wheat, ore: ",wheat
bot,['wheat'],resource,"Which resource would you like to discard: brick, wood, sheep, wheat, ore: ",wheat
bot,['wheat'],resource,"Which resource would you like to discard: brick, wood, sheep, wheat, ore: ",wheat
bot,"[2, 4]",int,"1=Build, 2=Trade, 3=Dev Cards(Play/Select), 4=End: ",4
bot,"[2, 4]",int,"1=Build, 2=Trade, 3=Dev Cards(Play/Select), 4=End: ",4
bot,"[2, 4]",int,"1=Build, 2=Trade, 3=Dev Cards(Play/Select), 4=End: ",2
bot,"[1, 2, 3]",int,"Player Trade (1), Bank/Port Trade (2), Cancel (3): ",2
bot,"['brick', 'wood', 'sheep', 'wheat', 'ore']",resource,Which resource would you like to trade (give away): ,sheep
bot,"['brick', 'wood', 'sheep', 'wheat', 'ore']",resource,Which resource would you like to receive: ,wheat
bot,"[1, 2, 3]",int,"Player Trade (1), Bank/Port Trade (2), Cancel (3): ",3
bot,"[2, 4]",int,"1=Build, 2=Trade, 3=Dev Cards(Play/Select), 4=End: ",4
bot,"[2, 4]",int,"1=Build, 2=Trade, 3=Dev Cards(Play/Select), 4=End: ",4
bot,"[2, 4]",int,"1=Build, 2=Trade, 3=Dev Cards(Play/Select), 4=End: ",4
bot,"range(0, 18)",int,Choosen a Tile [0-18] to move the Robber to: ,6
bot,['ore'],resource,"Which resource would you like to discard: brick, wood, sheep, wheat, ore: ",ore
bot,['ore'],resource,"Which resource would you like to discard: brick, wood, sheep, wheat, ore: ",ore
bot,['ore'],resource,"Which resource would you like to discard: brick, wood, sheep, wheat, ore: ",ore
bot,['ore'],resource,"Which resource would you like to discard: brick, wood, sheep, wheat, ore: ",ore
bot,"['wheat', 'sheep']",resource,"Which resource would you like to discard: brick, wood, sheep, wheat, ore: ",sheep
bot,"['wheat', 'sheep']",resource,"Which resource would you like to discard: brick, wood, sheep, wheat, ore: ",wheat
bot,"['wheat', 'sheep']",resource,"Which resource would you like to discard: brick, wood, sheep, wheat, ore: ",sheep
bot,['wheat'],resource,"Which resource would you like to discard: brick, wood, sheep, wheat, ore: ",wheat
bot,"[2, 4]",int,"1=Build, 2=Trade, 3=Dev Cards(Play/Select), 4=End: ",2
bot,"[1, 2, 3]",int,"Player Trade (1), Bank/Port Trade (2), Cancel (3): ",3
bot,"[2, 4]",int,"1=Build, 2=Trade, 3=Dev Cards(Play/Select), 4=End: ",2
bot,"[1, 2, 3]",int,"Player Trade (1), Bank/Port Trade (2), Cancel (3): ",1
bot,"['brick', 'wood', 'sheep', 'wheat', 'ore']",resource,Which resource would you like to trade (give away): ,wheat
bot,"[1, 2, 3, 4]",int,How many would you like to trade: ,4
bot,"['brick', 'wood', 'sheep', 'wheat', 'ore']",resource,Which resource would you like to trade: ,sheep
bot,"[1, 2, 3]",int,How many would you like to trade: ,2
bot,"['Y', 'N']",action,Blue would you like to trade wheat for sheep [Y/N]: ,Y
bot,"[2, 4]",int,"1=Build, 2=Trade, 3=Dev Cards(Play/Select), 4=End: ",2
bot,"[1, 2, 3]",int,"Player Trade (1), Bank/Port Trade (2), Cancel (3): ",2
bot,"['brick', 'wood', 'sheep', 'wheat', 'ore']",resource,Which resource would you like to trade (give away): ,wheat
bot,"['brick', 'wood', 'sheep', 'wheat', 'ore']",resource,Which resource would you like to receive: ,ore
bot,"[2, 4]",int,"1=Build, 2=Trade, 3=Dev Cards(Play/Select), 4=End: ",4
bot,"[2, 4]",int,"1=Build, 2=Trade, 3=Dev Cards(Play/Select), 4=End: ",4
bot,"range(0, 18)",int,Choosen a Tile [0-18] to move the Robber to: ,7
bot,['Green'],player,Choose a player to steal from {'Green'}: ,Green
bot,"[2, 4]",int,"1=Build, 2=Trade, 3=Dev Cards(Play/Select), 4=End: ",4
bot,"[2, 4]",int,"1=Build, 2=Trade, 3=Dev Cards(Play/Select), 4=End: ",4
bot,"[2, 4]",int,"1=Build, 2=Trade, 3=Dev Cards(Play/Select), 4=End: ",4
bot,"[2, 4]",int,"1=Build, 2=Trade, 3=Dev Cards(Play/Select), 4=End: ",4
bot,"[2, 4]",int,"1=Build, 2=Trade, 3=Dev Cards(Play/Select), 4=End: ",4
bot,"range(0, 18)",int,Choosen a Tile [0-18] to move the Robber to: ,7
bot,"range(0, 18)",int,Choosen a Tile [0-18] to move the Robber to: ,10
bot,['Green'],player,Choose a player to steal from {'Green'}: ,Green
bot,"['sheep', 'ore']",resource,"Which resource would you like to discard: brick, wood, sheep, wheat, ore: ",sheep
bot,"['sheep', 'ore']",resource,"Which resource would you like to discard: brick, wood, sheep, wheat, ore: ",ore
bot,"['sheep', 'ore']",resource,"Which resource would you like to discard: brick, wood, sheep, wheat, ore: ",ore
bot,"['sheep', 'ore']",resource,"Which resource would you like to discard: brick, wood, sheep, wheat, ore: ",sheep
bot,"['sheep', 'wood', 'ore']",resource,"Which resource would you like to discard: brick, wood, sheep, wheat, ore: ",ore
bot,"['wood', 'sheep']",resource,"Which resource would you like to discard: brick, wood, sheep, wheat, ore: ",sheep
bot,"['wood', 'sheep']",resource,"Which resource would you like to discard: brick, wood, sheep, wheat, ore: ",sheep
bot,"['wood', 'sheep']",resource,"Which resource would you like to discard: brick, wood, sheep, wheat, ore: ",wood
bot,"['wood', 'wheat', 'brick', 'sheep']",resource,"Which resource would you like to discard: brick, wood, sheep, wheat, ore: ",wood
bot,"['wood', 'wheat', 'brick', 'sheep']",resource,"Which resource would you like to discard: brick, wood, sheep, wheat, ore: ",brick
bot,"['wheat', 'wood', 'sheep']",resource,"Which resource would you like to discard: brick, wood, sheep, wheat, ore: ",wood
bot,"['wheat', 'sheep']",resource,"Which resource would you like to discard: brick, wood, sheep, wheat, ore: ",wheat
bot,"['wheat', 'sheep']",resource,"Which resource would you like to discard: brick, wood, sheep, wheat, ore: ",wheat
bot,"['wheat', 'sheep']",resource,"Which resource would you like to discard: brick, wood, sheep, wheat, ore: ",wheat
bot,"[2, 4]",int,"1=Build, 2=Trade, 3=Dev Cards(Play/Select), 4=End: ",2
bot,"[1, 2, 3]",int,"Player Trade (1), Bank/Port Trade (2), Cancel (3): ",2
bot,"['brick', 'wood', 'sheep', 'wheat', 'ore']",resource,Which resource would you like to trade (give away): ,sheep
bot,"['brick', 'wood', 'sheep', 'wheat', 'ore']",resource,Which resource would you like to receive: ,brick
bot,"[2, 4]",int,"1=Build, 2=Trade, 3=Dev Cards(Play/Select), 4=End: ",4
bot,"[1, 2, 4]",int,"1=Build, 2=Trade, 3=Dev Cards(Play/Select), 4=End: ",4
bot,"range(0, 18)",int,Choosen a Tile [0-18] to move the Robber to: ,7
bot,['Green'],player,Choose a player to steal from {'Green'}: ,Green
bot,"[2, 4]",int,"1=Build, 2=Trade, 3=Dev Cards(Play/Select), 4=End: ",2
bot,"[1, 2, 3]",int,"Player Trade (1), Bank/Port Trade (2), Cancel (3): ",2
bot,"['brick', 'wood', 'sheep', 'wheat', 'ore']",resource,Which resource would you like to trade (give away): ,brick
bot,"['brick', 'wood', 'sheep', 'wheat', 'ore']",resource,Which resource would you like to receive: ,wheat
bot,"[1, 2, 3]",int,"Player Trade (1), Bank/Port Trade (2), Cancel (3): ",3
bot,"[2, 4]",int,"1=Build, 2=Trade, 3=Dev Cards(Play/Select), 4=End: ",2
bot,"[1, 2, 3]",int,"Player Trade (1), Bank/Port Trade (2), Cancel (3): ",1
bot,"['brick', 'wood', 'sheep', 'wheat', 'ore']",resource,Which resource would you like to trade (give away): ,wheat
bot,"[1, 2, 3, 4]",int,How many would you like to trade: ,3
bot,"['brick', 'wood', 'sheep', 'wheat', 'ore']",resource,Which resource would you like to trade: ,ore
bot,"[1, 2, 3]",int,How many would you like to trade: ,3
bot,"['Y', 'N']",action,Green would you like to trade wheat for ore [Y/N]: ,N
bot,"[2, 4]",int,"1=Build, 2=Trade, 3=Dev Cards(Play/Select), 4=End: ",2
bot,"[1, 2, 3]",int,"Player Trade (1), Bank/Port Trade (2), Cancel (3): ",1
bot,"['brick', 'wood', 'sheep', 'wheat', 'ore']",resource,Which resource would you like to trade (give away): ,sheep
bot,"[1, 2, 3, 4]",int,How many would you like to trade: ,1
bot,"['brick', 'wood', 'sheep', 'wheat', 'ore']",resource,Which resource would you like to trade: ,wheat
bot,"[1, 2, 3]",int,How many would you like to trade: ,1
bot,"['Y', 'N']",action,Yellow would you like to trade sheep for wheat [Y/N]: ,N
bot,"['Y', 'N']",action,Blue would you like to trade sheep for wheat [Y/N]: ,Y
bot,"[2, 4]",int,"1=Build, 2=Trade, 3=Dev Cards(Play/Select), 4=End: ",2
bot,"[1, 2, 3]",int,"Player Trade (1), Bank/Port Trade (2), Cancel (3): ",1
bot,"['brick', 'wood', 'sheep', 'wheat', 'ore']",resource,Which resource would you like to trade (give away): ,brick
bot,"[1, 2, 3, 4]",int,How many would you like to trade: ,3
bot,"['brick', 'wood', 'sheep', 'wheat', 'ore']",resource,Which resource would you like to trade: ,wood
bot,"[1, 2, 3]",int,How many would you like to trade: ,2
bot,"[2, 4]",int,"1=Build, 2=Trade, 3=Dev Cards(Play/Select), 4=End: ",4
bot,"range(0, 18)",int,Choosen a Tile [0-18] to move the Robber to: ,6
bot,"[2, 4]",int,"1=Build, 2=Trade, 3=Dev Cards(Play/Select), 4=End: ",2
bot,"[1, 2, 3]",int,"Player Trade (1), Bank/Port Trade (2), Cancel (3): ",2
bot,"['brick', 'wood', 'sheep', 'wheat', 'ore']",resource,Which resource would you like to trade (give away): ,wood
bot,"['brick', 'wood', 'sheep', 'wheat', 'ore']",resource,Which resource would you like to receive: ,brick
bot,"[1, 2, 3]",int,"Player Trade (1), Bank/Port Trade (2), Cancel (3): ",1
bot,"['brick', 'wood', 'sheep', 'wheat', 'ore']",resource,Which resource would you like to trade (give away): ,wheat
bot,"[1, 2, 3, 4]",int,How many would you like to trade: ,3
bot,"['brick', 'wood', 'sheep', 'wheat', 'ore']",resource,Which resource would you like to trade: ,wheat
bot,"[1, 2, 3]",int,How many would you like to trade: ,3
bot,"['Y', 'N']",action,Blue would you like to trade wheat for wheat [Y/N]: ,Y
bot,"['Y', 'N']",action,Green would you like to trade wheat for wheat [Y/N]: ,Y
bot,"[2, 4]",int,"1=Build, 2=Trade, 3=Dev Cards(Play/Select), 4=End: ",2
bot,"[1, 2, 3]",int,"Player Trade (1), Bank/Port Trade (2), Cancel (3): ",1
bot,"['brick', 'wood', 'sheep', 'wheat', 'ore']",resource,Which resource would you like to trade (give away): ,wood
bot,"[1, 2, 3, 4]",int,How many would you like to trade: ,1
bot,"['brick', 'wood', 'sheep', 'wheat', 'ore']",resource,Which resource would you like to trade: ,brick
bot,"[1, 2, 3]",int,How many would you like to trade: ,2
bot,"[2, 4]",int,"1=Build, 2=Trade, 3=Dev Cards(Play/Select), 4=End: ",2
bot,"[1, 2, 3]",int,"Player Trade (1), Bank/Port Trade (2), Cancel (3): ",1
bot,"['brick', 'wood', 'sheep', 'wheat', 'ore']",resource,Which resource would you like to trade (give away): ,ore
bot,"[1, 2, 3, 4]",int,How many would you like to trade: ,1
bot,"['brick', 'wood', 'sheep', 'wheat', 'ore']",resource,Which resource would you like to trade: ,wheat
bot,"[1, 2, 3]",int,How many would you like to trade: ,2
bot,"['Y', 'N']",action,Red would you like to trade ore for wheat [Y/N]: ,Y
bot,"['Y', 'N']",action,Green would you like to trade ore for wheat [Y/N]: ,N
bot,"[2, 4]",int,"1=Build, 2=Trade, 3=Dev Cards(Play/Select), 4=End: ",2
bot,"[1, 2, 3]",int,"Player Trade (1), Bank/Port Trade (2), Cancel (3): ",2
bot,"['brick', 'wood', 'sheep', 'wheat', 'ore']",resource,Which resource would you like to trade (give away): ,brick
bot,"['brick', 'wood', 'sheep', 'wheat', 'ore']",resource,Which resource would you like to receive: ,wheat
bot,"[1, 2, 3]",int,"Player Trade (1), Bank/Port Trade (2), Cancel (3): ",3
bot,"[2, 4]",int,"1=Build, 2=Trade, 3=Dev Cards(Play/Select), 4=End: ",4
bot,"[2, 4]",int,"1=Build, 2=Trade, 3=Dev Cards(Play/Select), 4=End: ",2
bot,"[1, 2, 3]",int,"Player Trade (1), Bank/Port Trade (2), Cancel (3): ",3
bot,"[2, 4]",int,"1=Build, 2=Trade, 3=Dev Cards(Play/Select), 4=End: ",4
bot,"range(0, 18)",int,Choosen a Tile [0-18] to move the Robber to: ,11
bot,"[1, 2, 4]",int,"1=Build, 2=Trade, 3=Dev Cards(Play/Select), 4=End: ",1
bot,"[1, 2, 3, 4]",int,"1=Settlement, 2=City, 3=Road, 4=End: ",2
bot,"[1, 2, 3, 4]",int,"1=Settlement, 2=City, 3=Road, 4=End: ",4
bot,"[1, 2, 4]",int,"1=Build, 2=Trade, 3=Dev Cards(Play/Select), 4=End: ",4
bot,"[2, 4]",int,"1=Build, 2=Trade, 3=Dev Cards(Play/Select), 4=End: ",4
bot,"[2, 4]",int,"1=Build, 2=Trade, 3=Dev Cards(Play/Select), 4=End: ",2
bot,"[1, 2, 3]",int,"Player Trade (1), Bank/Port Trade (2), Cancel (3): ",2
bot,"['brick', 'wood', 'sheep', 'wheat', 'ore']",resource,Which resource would you like to trade (give away): ,brick
bot,"['brick', 'wood', 'sheep', 'wheat', 'ore']",resource,Which resource would you like to receive: ,ore
bot,"[1, 2, 3]",int,"Player Trade (1), Bank/Port Trade (2), Cancel (3): ",3
bot,"[2, 4]",int,"1=Build, 2=Trade, 3=Dev Cards(Play/Select), 4=End: ",4
bot,"[1, 2, 4]",int,"1=Build, 2=Trade, 3=Dev Cards(Play/Select), 4=End: ",4
bot,"[1, 2, 4]",int,"1=Build, 2=Trade, 3=Dev Cards(Play/Select), 4=End: ",1
bot,"[1, 2, 3, 4]",int,"1=Settlement, 2=City, 3=Road, 4=End: ",1
bot,"[1, 2, 3, 4]",int,"1=Settlement, 2=City, 3=Road, 4=End: ",1
bot,"[1, 2, 3, 4]",int,"1=Settlement, 2=City, 3=Road, 4=End: ",4
bot,"[1, 2, 4]",int,"1=Build, 2=Trade, 3=Dev Cards(Play/Select), 4=End: ",4
bot,"[1, 2, 3, 4]",int,"1=Build, 2=Trade, 3=Dev Cards(Play/Select), 4=End: ",3
bot,"[1, 2, 3]",int,"1=Collect, 2=Play, 3=End:",2
bot,"[1, 2, 3]",int,"1=Collect, 2=Play, 3=End:",3
bot,"[1, 2, 3, 4]",int,"1=Build, 2=Trade, 3=Dev Cards(Play/Select), 4=End: ",1
bot,"[1, 2, 3, 4]",int,"1=Settlement, 2=City, 3=Road, 4=End: ",1
bot,"[8, 51]",int,Choose settlement location - [0-53]:,51
bot,[8],int,Choose settlement location - [0-53]:,8
bot,"[1, 2, 3, 4]",int,"1=Settlement, 2=City, 3=Road, 4=End: ",4
bot,"[1, 2, 3, 4]",int,"1=Build, 2=Trade, 3=Dev Cards(Play/Select), 4=End: ",2
bot,"[1, 2, 3]",int,"Player Trade (1), Bank/Port Trade (2), Cancel (3): ",3
bot,"[1, 2, 3, 4]",int,"1=Build, 2=Trade, 3=Dev Cards(Play/Select), 4=End: ",3
bot,"[1, 2, 3]",int,"1=Collect, 2=Play, 3=End:",2
bot,"[1, 2, 3]",int,"1=Collect, 2=Play, 3=End:",3
bot,"[1, 2, 3, 4]",int,"1=Build, 2=Trade, 3=Dev Cards(Play/Select), 4=End: ",4
bot,"[2, 4]",int,"1=Build, 2=Trade, 3=Dev Cards(Play/Select), 4=End: ",2
bot,"[1, 2, 3]",int,"Player Trade (1), Bank/Port Trade (2), Cancel (3): ",3
bot,"[2, 4]",int,"1=Build, 2=Trade, 3=Dev Cards(Play/Select), 4=End: ",2
bot,"[1, 2, 3]",int,"Player Trade (1), Bank/Port Trade (2), Cancel (3): ",3
bot,"[2, 4]",int,"1=Build, 2=Trade, 3=Dev Cards(Play/Select), 4=End: ",2
bot,"[1, 2, 3]",int,"Player Trade (1), Bank/Port Trade (2), Cancel (3): ",1
bot,"['brick', 'wood', 'sheep', 'wheat', 'ore']",resource,Which resource would you like to trade (give away): ,ore
bot,"[1, 2, 3, 4]",int,How many would you like to trade: ,3
bot,"['brick', 'wood', 'sheep', 'wheat', 'ore']",resource,Which resource would you like to trade: ,ore
bot,"[1, 2, 3]",int,How many would you like to trade: ,2
bot,"['Y', 'N']",action,Red would you like to trade ore for ore [Y/N]: ,Y
bot,"['Y', 'N']",action,Green would you like to trade ore for ore [Y/N]: ,Y
bot,"[2, 4]",int,"1=Build, 2=Trade, 3=Dev Cards(Play/Select), 4=End: ",2
bot,"[1, 2, 3]",int,"Player Trade (1), Bank/Port Trade (2), Cancel (3): ",1
bot,"['brick', 'wood', 'sheep', 'wheat', 'ore']",resource,Which resource would you like to trade (give away): ,wheat
bot,"[1, 2, 3, 4]",int,How many would you like to trade: ,4
bot,"['brick', 'wood', 'sheep', 'wheat', 'ore']",resource,Which resource would you like to trade: ,wood
bot,"[1, 2, 3]",int,How many would you like to trade: ,2
bot,"['Y', 'N']",action,Blue would you like to trade wheat for wood [Y/N]: ,N
bot,"['Y', 'N']",action,Green would you like to trade wheat for wood [Y/N]: ,N
bot,"[2, 4]",int,"1=Build, 2=Trade, 3=Dev Cards(Play/Select), 4=End: ",4
bot,"[1, 2, 4]",int,"1=Build, 2=Trade, 3=Dev Cards(Play/Select), 4=End: ",2
bot,"[1, 2, 3]",int,"Player Trade (1), Bank/Port Trade (2), Cancel (3): ",3
bot,"[1, 2, 4]",int,"1=Build, 2=Trade, 3=Dev Cards(Play/Select), 4=End: ",4
bot,"range(0, 18)",int,Choosen a Tile [0-18] to move the Robber to: ,13
bot,"['Yellow', 'Blue']",player,"Choose a player to steal from {'Yellow', 'Blue'}: ",Blue
bot,"['wood', 'brick', 'wheat', 'ore', 'sheep']",resource,"Which resource would you like to discard: brick, wood, sheep, wheat, ore: ",wheat
bot,"['wood', 'sheep', 'brick', 'ore']",resource,"Which resource would you like to discard: brick, wood, sheep, wheat, ore: ",brick
bot,"['wood', 'sheep', 'brick', 'ore']",resource,"Which resource would you like to discard: brick, wood, sheep, wheat, ore: ",wood
bot,"['wood', 'sheep', 'brick', 'ore']",resource,"Which resource would you like to discard: brick, wood, sheep, wheat, ore: ",brick
bot,"['sheep', 'wood', 'ore']",resource,"Which resource would you like to discard: brick, wood, sheep, wheat, ore: ",sheep
bot,"['wood', 'ore']",resource,"Which resource would you like to discard: brick, wood, sheep, wheat, ore: ",wood
bot,"['sheep', 'wood', 'ore']",resource,"Which resource would you like to discard: brick, wood, sheep, wheat, ore: ",ore
bot,"['sheep', 'wood', 'ore']",resource,"Which resource would you like to discard: brick, wood, sheep, wheat, ore: ",wood
bot,"['sheep', 'ore']",resource,"Which resource would you like to discard: brick, wood, sheep, wheat, ore: ",sheep
bot,"['sheep', 'ore']",resource,"Which resource would you like to discard: brick, wood, sheep, wheat, ore: ",ore
bot,"[1, 2, 4]",int,"1=Build, 2=Trade, 3=Dev Cards(Play/Select), 4=End: ",1
bot,"[1, 2, 3, 4]",int,"1=Settlement, 2=City, 3=Road, 4=End: ",3
bot,"[1, 2, 3, 4]",int,"1=Settlement, 2=City, 3=Road, 4=End: ",3
bot,"[1, 2, 3, 4]",int,"1=Settlement, 2=City, 3=Road, 4=End: ",2
bot,"[18, 34]",int,Choose city location - [0-53]:,34
bot,"[1, 2, 3, 4]",int,"1=Settlement, 2=City, 3=Road, 4=End: ",3
bot,"[1, 2, 3, 4]",int,"1=Settlement, 2=City, 3=Road, 4=End: ",3
bot,"[1, 2, 3, 4]",int,"1=Settlement, 2=City, 3=Road, 4=End: ",2
bot,"[1, 2, 3, 4]",int,"1=Settlement, 2=City, 3=Road, 4=End: ",1
bot,"[1, 2, 3, 4]",int,"1=Settlement, 2=City, 3=Road, 4=End: ",3
bot,"[1, 2, 3, 4]",int,"1=Settlement, 2=City, 3=Road, 4=End: ",3
bot,"[1, 2, 3, 4]",int,"1=Settlement, 2=City, 3=Road, 4=End: ",1
bot,"[1, 2, 3, 4]",int,"1=Settlement, 2=City, 3=Road, 4=End: ",4
bot,"[2, 4]",int,"1=Build, 2=Trade, 3=Dev Cards(Play/Select), 4=End: ",2
bot,"[1, 2, 3]",int,"Player Trade (1), Bank/Port Trade (2), Cancel (3): ",2
bot,"['brick', 'wood', 'sheep', 'wheat', 'ore']",resource,Which resource would you like to trade (give away): ,wheat
bot,"['brick', 'wood', 'sheep', 'wheat', 'ore']",resource,Which resource would you like to receive: ,sheep
bot,"[2, 4]",int,"1=Build, 2=Trade, 3=Dev Cards(Play/Select), 4=End: ",2
bot,"[1, 2, 3]",int,"Player Trade (1), Bank/Port Trade (2), Cancel (3): ",2
bot,"['brick', 'wood', 'sheep', 'wheat', 'ore']",resource,Which resource would you like to trade (give away): ,wood
bot,"['brick', 'wood', 'sheep', 'wheat', 'ore']",resource,Which resource would you like to receive: ,sheep
bot,"[1, 2, 3]",int,"Player Trade (1), Bank/Port Trade (2), Cancel (3): ",1
bot,"['brick', 'wood', 'sheep', 'wheat', 'ore']",resource,Which resource would you like to trade (give away): ,sheep
bot,"[1, 2, 3, 4]",int,How many would you like to trade: ,2
bot,"['brick', 'wood', 'sheep', 'wheat', 'ore']",resource,Which resource would you like to trade: ,wood
bot,"[1, 2, 3]",int,How many would you like to trade: ,3
bot,"['Y', 'N']",action,Yellow would you like to trade sheep for wood [Y/N]: ,N
bot,"[2, 4]",int,"1=Build, 2=Trade, 3=Dev Cards(Play/Select), 4=End: ",4
bot,"[2, 4]",int,"1=Build, 2=Trade, 3=Dev Cards(Play/Select), 4=End: ",4
bot,"[2, 4]",int,"1=Build, 2=Trade, 3=Dev Cards(Play/Select), 4=End: ",2
bot,"[1, 2, 3]",int,"Player Trade (1), Bank/Port Trade (2), Cancel (3): ",3
bot,"[2, 4]",int,"1=Build, 2=Trade, 3=Dev Cards(Play/Select), 4=End: ",4
bot,"[1, 2, 4]",int,"1=Build, 2=Trade, 3=Dev Cards(Play/Select), 4=End: ",2
bot,"[1, 2, 3]",int,"Player Trade (1), Bank/Port Trade (2), Cancel (3): ",1
bot,"['brick', 'wood', 'sheep', 'wheat', 'ore']",resource,Which resource would you like to trade (give away): ,brick
bot,"[1, 2, 3, 4]",int,How many would you like to trade: ,3
bot,"['brick', 'wood', 'sheep', 'wheat', 'ore']",resource,Which resource would you like to trade: ,ore
bot,"[1, 2, 3]",int,How many would you like to trade: ,2
bot,"[1, 2, 4]",int,"1=Build, 2=Trade, 3=Dev Cards(Play/Select), 4=End: ",4
bot,"[2, 4]",int,"1=Build, 2=Trade, 3=Dev Cards(Play/Select), 4=End: ",4
bot,"range(0, 18)",int,Choosen a Tile [0-18] to move the Robber to: ,1
bot,['Yellow'],player,Choose a player to steal from {'Yellow'}: ,Yellow
bot,"['sheep', 'brick', 'ore']",resource,"Which resource would you like to discard: brick, wood, sheep, wheat, ore: ",brick
bot,"['sheep', 'ore']",resource,"Which resource would you like to discard: brick, wood, sheep, wheat, ore: ",ore
bot,"['sheep', 'ore']",resource,"Which resource would you like to discard: brick, wood, sheep, wheat, ore: ",sheep
bot,"['sheep', 'ore']",resource,"Which resource would you like to discard: brick, wood, sheep, wheat, ore: ",sheep
bot,"['sheep', 'ore']",resource,"Which resource would you like to discard: brick, wood, sheep, wheat, ore: ",sheep
bot,['ore'],resource,"Which resource would you like to discard: brick, wood, sheep, wheat, ore: ",ore
bot,"['wood', 'wheat', 'brick', 'sheep']",resource,"Which resource would you like to discard: brick, wood, sheep, wheat, ore: ",sheep
bot,"['wood', 'wheat', 'brick', 'sheep']",resource,"Which resource would you like to discard: brick, wood, sheep, wheat, ore: ",sheep
bot,"['wood', 'brick', 'wheat']",resource,"Which resource would you like to discard: brick, wood, sheep, wheat, ore: ",wheat
bot,"['wood', 'brick', 'wheat']",resource,"Which resource would you like to discard: brick, wood, sheep, wheat, ore: ",brick
bot,"[2, 4]",int,"1=Build, 2=Trade, 3=Dev Cards(Play/Select), 4=End: ",4
bot,"[2, 4]",int,"1=Build, 2=Trade, 3=Dev Cards(Play/Select), 4=End: ",2
bot,"[1, 2, 3]",int,"Player Trade (1), Bank/Port Trade (2), Cancel (3): ",3
bot,"[2, 4]",int,"1=Build, 2=Trade, 3=Dev Cards(Play/Select), 4=End: ",2
bot,"[1, 2, 3]",int,"Player Trade (1), Bank/Port Trade (2), Cancel (3): ",1
bot,"['brick', 'wood', 'sheep', 'wheat', 'ore']",resource,Which resource would you like to trade (give away): ,wheat
bot,"[1, 2, 3, 4]",int,How many would you like to trade: ,3
bot,"['brick', 'wood', 'sheep', 'wheat', 'ore']",resource,Which resource would you like to trade: ,sheep
bot,"[1, 2, 3]",int,How many would you like to trade: ,3
bot,"['Y', 'N']",action,Blue would you like to trade wheat for sheep [Y/N]: ,N
bot,"[2, 4]",int,"1=Build, 2=Trade, 3=Dev Cards(Play/Select), 4=End: ",2
bot,"[1, 2, 3]",int,"Player Trade (1), Bank/Port Trade (2), Cancel (3): ",1
bot,"['brick', 'wood', 'sheep', 'wheat', 'ore']",resource,Which resource would you like to trade (give away): ,ore
bot,"[1, 2, 3, 4]",int,How many would you like to trade: ,3
bot,"['brick', 'wood', 'sheep', 'wheat', 'ore']",resource,Which resource would you like to trade: ,brick
bot,"[1, 2, 3]",int,How many would you like to trade: ,2
bot,"['Y', 'N']",action,Red would you like to trade ore for brick [Y/N]: ,N
bot,"[2, 4]",int,"1=Build, 2=Trade, 3=Dev Cards(Play/Select), 4=End: ",4
bot,"[2, 4]",int,"1=Build, 2=Trade, 3=Dev Cards(Play/Select), 4=End: ",4
bot,"[2, 4]",int,"1=Build, 2=Trade, 3=Dev Cards(Play/Select), 4=End: ",4
bot,"[1, 2, 4]",int,"1=Build, 2=Trade, 3=Dev Cards(Play/Select), 4=End: ",2
bot,"[1, 2, 3]",int,"Player Trade (1), Bank/Port Trade (2), Cancel (3): ",1
bot,"['brick', 'wood', 'sheep', 'wheat', 'ore']",resource,Which resource would you like to trade (give away): ,sheep
bot,"[1, 2, 3, 4]",int,How many would you like to trade: ,4
bot,"['brick', 'wood', 'sheep', 'wheat', 'ore']",resource,Which resource would you like to trade: ,ore
bot,"[1, 2, 3]",int,How many would you like to trade: ,1
bot,"['Y', 'N']",action,Yellow would you like to trade sheep for ore [Y/N]: ,N
bot,"[1, 2, 4]",int,"1=Build, 2=Trade, 3=Dev Cards(Play/Select), 4=End: ",2
bot,"[1, 2, 3]",int,"Player Trade (1), Bank/Port Trade (2), Cancel (3): ",3
bot,"[1, 2, 4]",int,"1=Build, 2=Trade, 3=Dev Cards(Play/Select), 4=End: ",1
bot,"[1, 2, 3, 4]",int,"1=Settlement, 2=City, 3=Road, 4=End: ",4
bot,"[1, 2, 4]",int,"1=Build, 2=Trade, 3=Dev Cards(Play/Select), 4=End: ",1
bot,"[1, 2, 3, 4]",int,"1=Settlement, 2=City, 3=Road, 4=End: ",4
bot,"[1, 2, 4]",int,"1=Build, 2=Trade, 3=Dev Cards(Play/Select), 4=End: ",1
bot,"[1, 2, 3, 4]",int,"1=Settlement, 2=City, 3=Road, 4=End: ",3
bot,"[6, 10, 7, 13, 26, 51, 60, 69, 70]",int,Choose road location - [0-71]: ,26
bot,"[1, 2, 3, 4]",int,"1=Settlement, 2=City, 3=Road, 4=End: ",2
bot,"[1, 2, 3, 4]",int,"1=Settlement, 2=City, 3=Road, 4=End: ",1
bot,"[1, 2, 3, 4]",int,"1=Settlement, 2=City, 3=Road, 4=End: ",4
bot,"[2, 4]",int,"1=Build, 2=Trade, 3=Dev Cards(Play/Select), 4=End: ",2
bot,"[1, 2, 3]",int,"Player Trade (1), Bank/Port Trade (2), Cancel (3): ",1
bot,"['brick', 'wood', 'sheep', 'wheat', 'ore']",resource,Which resource would you like to trade (give away): ,brick
bot,"[1, 2, 3, 4]",int,How many would you like to trade: ,2
bot,"['brick', 'wood', 'sheep', 'wheat', 'ore']",resource,Which resource would you like to trade: ,wood
bot,"[1, 2, 3]",int,How many would you like to trade: ,1
bot,"[2, 4]",int,"1=Build, 2=Trade, 3=Dev Cards(Play/Select), 4=End: ",2
bot,"[1, 2, 3]",int,"Player Trade (1), Bank/Port Trade (2), Cancel (3): ",2
bot,"['brick', 'wood', 'sheep', 'wheat', 'ore']",resource,Which resource would you like to trade (give away): ,wood
bot,"['brick', 'wood', 'sheep', 'wheat', 'ore']",resource,Which resource would you like to receive: ,wood
bot,"[1, 2, 3]",int,"Player Trade (1), Bank/Port Trade (2), Cancel (3): ",2
bot,"['brick', 'wood', 'sheep', 'wheat', 'ore']",resource,Which resource would you like to trade (give away): ,wheat
bot,"['brick', 'wood', 'sheep', 'wheat', 'ore']",resource,Which resource would you like to receive: ,brick
bot,"[1, 2, 3]",int,"Player Trade (1), Bank/Port Trade (2), Cancel (3): ",1
bot,"['brick', 'wood', 'sheep', 'wheat', 'ore']",resource,Which resource would you like to trade (give away): ,wood
bot,"[1, 2, 3, 4]",int,How many would you like to trade: ,1
bot,"['brick', 'wood', 'sheep', 'wheat', 'ore']",resource,Which resource would you like to trade: ,sheep
bot,"[1, 2, 3]",int,How many would you like to trade: ,3
bot,"['Y', 'N']",action,Blue would you like to trade wood for sheep [Y/N]: ,Y
bot,"['Y', 'N']",action,Green would you like to trade wood for sheep [Y/N]: ,Y
bot,"[2, 4]",int,"1=Build, 2=Trade, 3=Dev Cards(Play/Select), 4=End: ",2
bot,"[1, 2, 3]",int,"Player Trade (1), Bank/Port Trade (2), Cancel (3): ",1
bot,"['brick', 'wood', 'sheep', 'wheat', 'ore']",resource,Which resource would you like to trade (give away): ,sheep
bot,"[1, 2, 3, 4]",int,How many would you like to trade: ,2
bot,"['brick', 'wood', 'sheep', 'wheat', 'ore']",resource,Which resource would you like to trade: ,wheat
bot,"[1, 2, 3]",int,How many would you like to trade: ,2
bot,"['Y', 'N']",action,Yellow would you like to trade sheep for wheat [Y/N]: ,N
bot,"[2, 4]",int,"1=Build, 2=Trade, 3=Dev Cards(Play/Select), 4=End: ",4
bot,"[2, 4]",int,"1=Build, 2=Trade, 3=Dev Cards(Play/Select), 4=End: ",2
bot,"[1, 2, 3]",int,"Player Trade (1), Bank/Port Trade (2), Cancel (3): ",1
bot,"['brick', 'wood', 'sheep', 'wheat', 'ore']",resource,Which resource would you like to trade (give away): ,wood
bot,"[1, 2, 3, 4]",int,How many would you like to trade: ,3
bot,"['brick', 'wood', 'sheep', 'wheat', 'ore']",resource,Which resource would you like to trade: ,sheep
bot,"[1, 2, 3]",int,How many would you like to trade: ,1
bot,"['Y', 'N']",action,Red would you like to trade wood for sheep [Y/N]: ,Y
bot,"[2, 4]",int,"1=Build, 2=Trade, 3=Dev Cards(Play/Select), 4=End: ",2
bot,"[1, 2, 3]",int,"Player Trade (1), Bank/Port Trade (2), Cancel (3): ",2
bot,"['brick', 'wood', 'sheep', 'wheat', 'ore']",resource,Which resource would you like to trade (give away): ,brick
bot,"['brick', 'wood', 'sheep', 'wheat', 'ore']",resource,Which resource would you like to receive: ,wheat
bot,"[1, 2, 3]",int,"Player Trade (1), Bank/Port Trade (2), Cancel (3): ",3
bot,"[2, 4]",int,"1=Build, 2=Trade, 3=Dev Cards(Play/Select), 4=End: ",4
bot,"[2, 4]",int,"1=Build, 2=Trade, 3=Dev Cards(Play/Select), 4=End: ",4
bot,"[2, 4]",int,"1=Build, 2=Trade, 3=Dev Cards(Play/Select), 4=End: ",4
bot,"[1, 2, 3, 4]",int,"1=Build, 2=Trade, 3=Dev Cards(Play/Select), 4=End: ",1
bot,"[1, 2, 3, 4]",int,"1=Settlement, 2=City, 3=Road, 4=End: ",3
bot,"[6, 10, 7, 13, 27, 35, 51, 60, 69, 70]",int,Choose road location - [0-71]: ,27
bot,"[1, 2, 3, 4]",int,"1=Settlement, 2=City, 3=Road, 4=End: ",2
bot,"[1, 2, 3, 4]",int,"1=Settlement, 2=City, 3=Road, 4=End: ",3
bot,"[1, 2, 3, 4]",int,"1=Settlement, 2=City, 3=Road, 4=End: ",2
bot,"[1, 2, 3, 4]",int,"1=Settlement, 2=City, 3=Road, 4=End: ",1
bot,"[1, 2, 3, 4]",int,"1=Settlement, 2=City, 3=Road, 4=End: ",1
bot,"[1, 2, 3, 4]",int,"1=Settlement, 2=City, 3=Road, 4=End: ",3
bot,"[1, 2, 3, 4]",int,"1=Settlement, 2=City, 3=Road, 4=End: ",4
bot,"[1, 2, 3, 4]",int,"1=Build, 2=Trade, 3=Dev Cards(Play/Select), 4=End: ",4
bot,"[2, 4]",int,"1=Build, 2=Trade, 3=Dev Cards(Play/Select), 4=End: ",4
bot,"[2, 4]",int,"1=Build, 2=Trade, 3=Dev Cards(Play/Select), 4=End: ",4
bot,"range(0, 18)",int,Choosen a Tile [0-18] to move the Robber to: ,7
bot,"['wheat', 'sheep', 'wood', 'ore']",resource,"Which resource would you like to discard: brick, wood, sheep, wheat, ore: ",ore
bot,"['wheat', 'sheep', 'wood', 'ore']",resource,"Which resource would you like to discard: brick, wood, sheep, wheat, ore: ",sheep
bot,"['wheat', 'wood', 'ore']",resource,"Which resource would you like to discard: brick, wood, sheep, wheat, ore: ",ore
bot,"['wheat', 'wood', 'ore']",resource,"Which resource would you like to discard: brick, wood, sheep, wheat, ore: ",wheat
bot,"['wood', 'ore']",resource,"Which resource would you like to discard: brick, wood, sheep, wheat, ore: ",wood
bot,"['wood', 'ore']",resource,"Which resource would you like to discard: brick, wood, sheep, wheat, ore: ",wood
bot,"['wood', 'ore']",resource,"Which resource would you like to discard: brick, wood, sheep, wheat, ore: ",wood
bot,"['wood', 'ore']",resource,"Which resource would you like to discard: brick, wood, sheep, wheat, ore: ",wood
bot,"['wood', 'ore']",resource,"Which resource would you like to discard: brick, wood, sheep, wheat, ore: ",ore
bot,"['wheat', 'wood', 'sheep']",resource,"Which resource would you like to discard: brick, wood, sheep, wheat, ore: ",sheep
bot,"['wheat', 'wood', 'sheep']",resource,"Which resource would you like to discard: brick, wood, sheep, wheat, ore: ",sheep
bot,"['wheat', 'wood', 'sheep']",resource,"Which resource would you like to discard: brick, wood, sheep, wheat, ore: ",sheep
bot,"['wheat', 'wood', 'sheep']",resource,"Which resource would you like to discard: brick, wood, sheep, wheat, ore: ",wood
bot,"['wheat', 'wood', 'sheep']",resource,"Which resource would you like to discard: brick, wood, sheep, wheat, ore: ",sheep
bot,"[2, 4]",int,"1=Build, 2=Trade, 3=Dev Cards(Play/Select), 4=End: ",4
bot,"[2, 4]",int,"1=Build, 2=Trade, 3=Dev Cards(Play/Select), 4=End: ",4
bot,"range(0, 18)",int,Choosen a Tile [0-18] to move the Robber to: ,0
bot,['Red'],player,Choose a player to steal from {'Red'}: ,Red
bot,['ore'],resource,"Which resource would you like to discard: brick, wood, sheep, wheat, ore: ",ore
bot,['ore'],resource,"Which resource would you like to discard: brick, wood, sheep, wheat, ore: ",ore
bot,['ore'],resource,"Which resource would you like to discard: brick, wood, sheep, wheat, ore: ",ore
bot,['ore'],resource,"Which resource would you like to discard: brick, wood, sheep, wheat, ore: ",ore
bot,"['wood', 'sheep']",resource,"Which resource would you like to discard: brick, wood, sheep, wheat, ore: ",sheep
bot,"['wood', 'sheep']",resource,"Which resource would you like to discard: brick, wood, sheep, wheat, ore: ",wood
bot,"['wood', 'sheep']",resource,"Which resource would you like to discard: brick, wood, sheep, wheat, ore: ",wood
bot,"['wood', 'sheep']",resource,"Which resource would you like to discard: brick, wood, sheep, wheat, ore: ",wood
bot,"[2, 4]",int,"1=Build, 2=Trade, 3=Dev Cards(Play/Select), 4=End: ",2
bot,"[1, 2, 3]",int,"Player Trade (1), Bank/Port Trade (2), Cancel (3): ",3
bot,"[2, 4]",int,"1=Build, 2=Trade, 3=Dev Cards(Play/Select), 4=End: ",2
bot,"[1, 2, 3]",int,"Player Trade (1), Bank/Port Trade (2), Cancel (3): ",3
bot,"[2, 4]",int,"1=Build, 2=Trade, 3=Dev Cards(Play/Select), 4=End: ",4
bot,"[2, 4]",int,"1=Build, 2=Trade, 3=Dev Cards(Play/Select), 4=End: ",2
bot,"[1, 2, 3]",int,"Player Trade (1), Bank/Port Trade (2), Cancel (3): ",2
bot,"['brick', 'wood', 'sheep', 'wheat', 'ore']",resource,Which resource would you like to trade (give away): ,sheep
bot,"['brick', 'wood', 'sheep', 'wheat', 'ore']",resource,Which resource would you like to receive: ,ore
bot,"[1, 2, 3]",int,"Player Trade (1), Bank/Port Trade (2), Cancel (3): ",3
bot,"[2, 4]",int,"1=Build, 2=Trade, 3=Dev Cards(Play/Select), 4=End: ",2
bot,"[1, 2, 3]",int,"Player Trade (1), Bank/Port Trade (2), Cancel (3): ",1
bot,"['brick', 'wood', 'sheep', 'wheat', 'ore']",resource,Which resource would you like to trade (give away): ,sheep
bot,"[1, 2, 3, 4]",int,How many would you like to trade: ,1
bot,"['brick', 'wood', 'sheep', 'wheat', 'ore']",resource,Which resource would you like to trade: ,brick
bot,"[1, 2, 3]",int,How many would you like to trade: ,3
bot,"['Y', 'N']",action,Yellow would you like to trade sheep for brick [Y/N]: ,Y
bot,"[2, 4]",int,"1=Build, 2=Trade, 3=Dev Cards(Play/Select), 4=End: ",4
bot,"[2, 4]",int,"1=Build, 2=Trade, 3=Dev Cards(Play/Select), 4=End: ",2
bot,"[1, 2, 3]",int,"Player Trade (1), Bank/Port Trade (2), Cancel (3): ",2
bot,"['brick', 'wood', 'sheep', 'wheat', 'ore']",resource,Which resource would you like to trade (give away): ,sheep
bot,"['brick', 'wood', 'sheep', 'wheat', 'ore']",resource,Which resource would you like to receive: ,sheep
bot,"[1, 2, 3]",int,"Player Trade (1), Bank/Port Trade (2), Cancel (3): ",2
bot,"['brick', 'wood', 'sheep', 'wheat', 'ore']",resource,Which resource would you like to trade (give away): ,wood
bot,"['brick', 'wood', 'sheep', 'wheat', 'ore']",resource,Which resource would you like to receive: ,ore
bot,"[1, 2, 3]",int,"Player Trade (1), Bank/Port Trade (2), Cancel (3): ",2
bot,"['brick', 'wood', 'sheep', 'wheat', 'ore']",resource,Which resource would you like to trade (give away): ,ore
bot,"['brick', 'wood', 'sheep', 'wheat', 'ore']",resource,Which resource would you like to receive: ,brick
bot,"[1, 2, 3]",int,"Player Trade (1), Bank/Port Trade (2), Cancel (3): ",2
bot,"['brick', 'wood', 'sheep', 'wheat', 'ore']",resource,Which resource would you like to trade (give away): ,wheat
bot,"['brick', 'wood', 'sheep', 'wheat', 'ore']",resource,Which resource would you like to receive: ,brick
bot,"[2, 4]",int,"1=Build, 2=Trade, 3=Dev Cards(Play/Select), 4=End: ",2
bot,"[1, 2, 3]",int,"Player Trade (1), Bank/Port Trade (2), Cancel (3): ",1
bot,"['brick', 'wood', 'sheep', 'wheat', 'ore']",resource,Which resource would you like to trade (give away): ,brick
bot,"[1, 2, 3, 4]",int,How many would you like to trade: ,4
bot,"['brick', 'wood', 'sheep', 'wheat', 'ore']",resource,Which resource would you like to trade: ,sheep
bot,"[1, 2, 3]",int,How many would you like to trade: ,2
bot,"[2, 4]",int,"1=Build, 2=Trade, 3=Dev Cards(Play/Select), 4=End: ",4
bot,"[2, 4]",int,"1=Build, 2=Trade, 3=Dev Cards(Play/Select), 4=End: ",4
bot,"[2, 4]",int,"1=Build, 2=Trade, 3=Dev Cards(Play/Select), 4=End: ",2
bot,"[1, 2, 3]",int,"Player Trade (1), Bank/Port Trade (2), Cancel (3): ",2
bot,"['brick', 'wood', 'sheep', 'wheat', 'ore']",resource,Which resource would you like to trade (give away): ,wood
bot,"['brick', 'wood', 'sheep', 'wheat', 'ore']",resource,Which resource would you like to receive: ,wood
bot,"[1, 2, 3]",int,"Player Trade (1), Bank/Port Trade (2), Cancel (3): ",2
bot,"['brick', 'wood', 'sheep', 'wheat', 'ore']",resource,Which resource would you like to trade (give away): ,wheat
bot,"['brick', 'wood', 'sheep', 'wheat', 'ore']",resource,Which resource would you like to receive: ,brick
bot,"[1, 2, 3]",int,"Player Trade (1), Bank/Port Trade (2), Cancel (3): ",2
bot,"['brick', 'wood', 'sheep', 'wheat', 'ore']",resource,Which resource would you like to trade (give away): ,wood
bot,"['brick', 'wood', 'sheep', 'wheat', 'ore']",resource,Which resource would you like to receive: ,ore
bot,"[1, 2, 3]",int,"Player Trade (1), Bank/Port Trade (2), Cancel (3): ",1
bot,"['brick', 'wood', 'sheep', 'wheat', 'ore']",resource,Which resource would you like to trade (give away): ,sheep
bot,"[1, 2, 3, 4]",int,How many would you like to trade: ,1
bot,"['brick', 'wood', 'sheep', 'wheat', 'ore']",resource,Which resource would you like to trade: ,brick
bot,"[1, 2, 3]",int,How many would you like to trade: ,2
bot,"['Y', 'N']",action,Blue would you like to trade sheep for brick [Y/N]: ,N
bot,"[2, 4]",int,"1=Build, 2=Trade, 3=Dev Cards(Play/Select), 4=End: ",4
bot,"[2, 4]",int,"1=Build, 2=Trade, 3=Dev Cards(Play/Select), 4=End: ",2
bot,"[1, 2, 3]",int,"Player Trade (1), Bank/Port Trade (2), Cancel (3): ",1
bot,"['brick', 'wood', 'sheep', 'wheat', 'ore']",resource,Which resource would you like to trade (give away): ,sheep
bot,"[1, 2, 3, 4]",int,How many would you like to trade: ,2
bot,"['brick', 'wood', 'sheep', 'wheat', 'ore']",resource,Which resource would you like to trade: ,sheep
bot,"[1, 2, 3]",int,How many would you like to trade: ,2
bot,"['Y', 'N']",action,Yellow would you like to trade sheep for sheep [Y/N]: ,N
bot,"[2, 4]",int,"1=Build, 2=Trade, 3=Dev Cards(Play/Select), 4=End: ",4
bot,"range(0, 18)",int,Choosen a Tile [0-18] to move the Robber to: ,2
bot,"['wheat', 'sheep', 'ore']",resource,"Which resource would you like to discard: brick, wood, sheep, wheat, ore: ",wheat
bot,"['wheat', 'sheep', 'ore']",resource,"Which resource would you like to discard: brick, wood, sheep, wheat, ore: ",wheat
bot,"['sheep', 'ore']",resource,"Which resource would you like to discard: brick, wood, sheep, wheat, ore: ",sheep
bot,"['sheep', 'ore']",resource,"Which resource would you like to discard: brick, wood, sheep, wheat, ore: ",sheep
bot,"['wheat', 'wood', 'sheep']",resource,"Which resource would you like to discard: brick, wood, sheep, wheat, ore: ",wood
bot,"['wheat', 'sheep']",resource,"Which resource would you like to discard: brick, wood, sheep, wheat, ore: ",sheep
bot,"['wheat', 'sheep']",resource,"Which resource would you like to discard: brick, wood, sheep, wheat, ore: ",wheat
bot,"['wheat', 'sheep']",resource,"Which resource would you like to discard: brick, wood, sheep, wheat, ore: ",sheep
bot,"['wheat', 'sheep']",resource,"Which resource would you like to discard: brick, wood, sheep, wheat, ore: ",wheat
bot,"[2, 4]",int,"1=Build, 2=Trade, 3=Dev Cards(Play/Select), 4=End: ",2
bot,"[1, 2, 3]",int,"Player Trade (1), Bank/Port Trade (2), Cancel (3): ",1
bot,"['brick', 'wood', 'sheep', 'wheat', 'ore']",resource,Which resource would you like to trade (give away): ,ore
bot,"[1, 2, 3, 4]",int,How many would you like to trade: ,4
bot,"['brick', 'wood', 'sheep', 'wheat', 'ore']",resource,Which resource would you like to trade: ,sheep
bot,"[1, 2, 3]",int,How many would you like to trade: ,3
bot,"['Y', 'N']",action,Red would you like to trade ore for sheep [Y/N]: ,Y
bot,"[2, 4]",int,"1=Build, 2=Trade, 3=Dev Cards(Play/Select), 4=End: ",2
bot,"[1, 2, 3]",int,"Player Trade (1), Bank/Port Trade (2), Cancel (3): ",1
bot,"['brick', 'wood', 'sheep', 'wheat', 'ore']",resource,Which resource would you like to trade (give away): ,wood
bot,"[1, 2, 3, 4]",int,How many would you like to trade: ,3
bot,"['brick', 'wood', 'sheep', 'wheat', 'ore']",resource,Which resource would you like to trade: ,sheep
bot,"[1, 2, 3]",int,How many would you like to trade: ,1
bot,"[2, 4]",int,"1=Build, 2=Trade, 3=Dev Cards(Play/Select), 4=End: ",4
bot,"[2, 4]",int,"1=Build, 2=Trade, 3=Dev Cards(Play/Select), 4=End: ",4
bot,"[2, 4]",int,"1=Build, 2=Trade, 3=Dev Cards(Play/Select), 4=End: ",2
bot,"[1, 2, 3]",int,"Player Trade (1), Bank/Port Trade (2), Cancel (3): ",3
bot,"[2, 4]",int,"1=Build, 2=Trade, 3=Dev Cards(Play/Select), 4=End: ",4
bot,"[2, 4]",int,"1=Build, 2=Trade, 3=Dev Cards(Play/Select), 4=End: ",4
bot,"[2, 4]",int,"1=Build, 2=Trade, 3=Dev Cards(Play/Select), 4=End: ",4
bot,"[2, 4]",int,"1=Build, 2=Trade, 3=Dev Cards(Play/Select), 4=End: ",2
bot,"[1, 2, 3]",int,"Player Trade (1), Bank/Port Trade (2), Cancel (3): ",3
bot,"[2, 4]",int,"1=Build, 2=Trade, 3=Dev Cards(Play/Select), 4=End: ",4
bot,"[2, 4]",int,"1=Build, 2=Trade, 3=Dev Cards(Play/Select), 4=End: ",2
bot,"[1, 2, 3]",int,"Player Trade (1), Bank/Port Trade (2), Cancel (3): ",3
bot,"[2, 4]",int,"1=Build, 2=Trade, 3=Dev Cards(Play/Select), 4=End: ",2
bot,"[1, 2, 3]",int,"Player Trade (1), Bank/Port Trade (2), Cancel (3): ",1
bot,"['brick', 'wood', 'sheep', 'wheat', 'ore']",resource,Which resource would you like to trade (give away): ,ore
bot,"[1, 2, 3, 4]",int,How many would you like to trade: ,3
bot,"['brick', 'wood', 'sheep', 'wheat', 'ore']",resource,Which resource would you like to trade: ,wood
bot,"[1, 2, 3]",int,How many would you like to trade: ,2
bot,"['Y', 'N']",action,Red would you like to trade ore for wood [Y/N]: ,Y
bot,"['Y', 'N']",action,Green would you like to trade ore for wood [Y/N]: ,N
bot,"[2, 4]",int,"1=Build, 2=Trade, 3=Dev Cards(Play/Select), 4=End: ",4
bot,"range(0, 18)",int,Choosen a Tile [0-18] to move the Robber to: ,12
bot,"['wood', 'sheep', 'brick', 'ore']",resource,"Which resource would you like to discard: brick, wood, sheep, wheat, ore: ",sheep
bot,"['wood', 'sheep', 'brick', 'ore']",resource,"Which resource would you like to discard: brick, wood, sheep, wheat, ore: ",sheep
bot,"['wood', 'sheep', 'brick', 'ore']",resource,"Which resource would you like to discard: brick, wood, sheep, wheat, ore: ",brick
bot,"['wood', 'sheep', 'brick', 'ore']",resource,"Which resource would you like to discard: brick, wood, sheep, wheat, ore: ",brick
bot,"['sheep', 'wood', 'ore']",resource,"Which resource would you like to discard: brick, wood, sheep, wheat, ore: ",sheep
bot,"['sheep', 'ore']",resource,"Which resource would you like to discard: brick, wood, sheep, wheat, ore: ",ore
bot,"['sheep', 'ore']",resource,"Which resource would you like to discard: brick, wood, sheep, wheat, ore: ",sheep
bot,"['sheep', 'ore']",resource,"Which resource would you like to discard: brick, wood, sheep, wheat, ore: ",sheep
bot,['ore'],resource,"Which resource would you like to discard: brick, wood, sheep, wheat, ore: ",ore
bot,"['wheat', 'wood', 'sheep']",resource,"Which resource would you like to discard: brick, wood, sheep, wheat, ore: ",wood
bot,"['wheat', 'wood', 'sheep']",resource,"Which resource would you like to discard: brick, wood, sheep, wheat, ore: ",wheat
bot,"['wheat', 'wood', 'sheep']",resource,"Which resource would you like to discard: brick, wood, sheep, wheat, ore: ",wood
bot,"['wheat', 'sheep']",resource,"Which resource would you like to discard: brick, wood, sheep, wheat, ore: ",sheep
bot,"[2, 4]",int,"1=Build, 2=Trade, 3=Dev Cards(Play/Select), 4=End: ",4
bot,"[2, 4]",int,"1=Build, 2=Trade, 3=Dev Cards(Play/Select), 4=End: ",4
bot,"[1, 2, 4]",int,"1=Build, 2=Trade, 3=Dev Cards(Play/Select), 4=End: ",2
bot,"[1, 2, 3]",int,"Player Trade (1), Bank/Port Trade (2), Cancel (3): ",3
bot,"[1, 2, 4]",int,"1=Build, 2=Trade, 3=Dev Cards(Play/Select), 4=End: ",4
bot,"[2, 4]",int,"1=Build, 2=Trade, 3=Dev Cards(Play/Select), 4=End: ",4
bot,"[2, 4]",int,"1=Build, 2=Trade, 3=Dev Cards(Play/Select), 4=End: ",2
bot,"[1, 2, 3]",int,"Player Trade (1), Bank/Port Trade (2), Cancel (3): ",1
bot,"['brick', 'wood', 'sheep', 'wheat', 'ore']",resource,Which resource would you like to trade (give away): ,brick
bot,"[1, 2, 3, 4]",int,How many would you like to trade: ,4
bot,"['brick', 'wood', 'sheep', 'wheat', 'ore']",resource,Which resource would you like to trade: ,wheat
bot,"[1, 2, 3]",int,How many would you like to trade: ,2
bot,"[2, 4]",int,"1=Build, 2=Trade, 3=Dev Cards(Play/Select), 4=End: ",4
bot,"[2, 4]",int,"1=Build, 2=Trade, 3=Dev Cards(Play/Select), 4=End: ",4
bot,"[1, 2, 4]",int,"1=Build, 2=Trade, 3=Dev Cards(Play/Select), 4=End: ",2
bot,"[1, 2, 3]",int,"Player Trade (1), Bank/Port Trade (2), Cancel (3): ",2
bot,"['brick', 'wood', 'sheep', 'wheat', 'ore']",resource,Which resource would you like to trade (give away): ,sheep
bot,"['brick', 'wood', 'sheep', 'wheat', 'ore']",resource,Which resource would you like to receive: ,brick
bot,"[1, 2, 3]",int,"Player Trade (1), Bank/Port Trade (2), Cancel (3): ",3
bot,"[1, 2, 4]",int,"1=Build, 2=Trade, 3=Dev Cards(Play/Select), 4=End: ",4
bot,"range(0, 18)",int,Choosen a Tile [0-18] to move the Robber to: ,13
bot,['Blue'],player,Choose a player to steal from {'Blue'}: ,Blue
bot,"['wood', 'sheep', 'brick', 'ore']",resource,"Which resource would you like to discard: brick, wood, sheep, wheat, ore: ",sheep
bot,"['wood', 'brick', 'ore']",resource,"Which resource would you like to discard: brick, wood, sheep, wheat, ore: ",wood
bot,"['wood', 'brick', 'ore']",resource,"Which resource would you like to discard: brick, wood, sheep, wheat, ore: ",wood
bot,"['wood', 'brick', 'ore']",resource,"Which resource would you like to discard: brick, wood, sheep, wheat, ore: ",wood
bot,"['brick', 'ore']",resource,"Which resource would you like to discard: brick, wood, sheep, wheat, ore: ",brick
bot,"['wheat', 'sheep', 'ore']",resource,"Which resource would you like to discard: brick, wood, sheep, wheat, ore: ",wheat
bot,"['sheep', 'ore']",resource,"Which resource would you like to discard: brick, wood, sheep, wheat, ore: ",sheep
bot,['ore'],resource,"Which resource would you like to discard: brick, wood, sheep, wheat, ore: ",ore
bot,['ore'],resource,"Which resource would you like to discard: brick, wood, sheep, wheat, ore: ",ore
bot,"[2, 4]",int,"1=Build, 2=Trade, 3=Dev Cards(Play/Select), 4=End: ",4
bot,"[2, 4]",int,"1=Build, 2=Trade, 3=Dev Cards(Play/Select), 4=End: ",4
bot,"[1, 2, 4]",int,"1=Build, 2=Trade, 3=Dev Cards(Play/Select), 4=End: ",2
bot,"[1, 2, 3]",int,"Player Trade (1), Bank/Port Trade (2), Cancel (3): ",2
bot,"['brick', 'wood', 'sheep', 'wheat', 'ore']",resource,Which resource would you like to trade (give away): ,brick
bot,"['brick', 'wood', 'sheep', 'wheat', 'ore']",resource,Which resource would you like to receive: ,brick
bot,"[1, 2, 3]",int,"Player Trade (1), Bank/Port Trade (2), Cancel (3): ",3
bot,"[1, 2, 4]",int,"1=Build, 2=Trade, 3=Dev Cards(Play/Select), 4=End: ",4
bot,"range(0, 18)",int,Choosen a Tile [0-18] to move the Robber to: ,6
bot,"['wheat', 'wood', 'sheep']",resource,"Which resource would you like to discard: brick, wood, sheep, wheat, ore: ",sheep
bot,"['wheat', 'wood', 'sheep']",resource,"Which resource would you like to discard: brick, wood, sheep, wheat, ore: ",wood
bot,"['wheat', 'wood', 'sheep']",resource,"Which resource would you like to discard: brick, wood, sheep, wheat, ore: ",wood
bot,"['wheat', 'sheep']",resource,"Which resource would you like to discard: brick, wood, sheep, wheat, ore: ",sheep
bot,"[2, 4]",int,"1=Build, 2=Trade, 3=Dev Cards(Play/Select), 4=End: ",4
bot,"[2, 4]",int,"1=Build, 2=Trade, 3=Dev Cards(Play/Select), 4=End: ",2
bot,"[1, 2, 3]",int,"Player Trade (1), Bank/Port Trade (2), Cancel (3): ",2
bot,"['brick', 'wood', 'sheep', 'wheat', 'ore']",resource,Which resource would you like to trade (give away): ,ore
bot,"['brick', 'wood', 'sheep', 'wheat', 'ore']",resource,Which resource would you like to receive: ,brick
bot,"[2, 4]",int,"1=Build, 2=Trade, 3=Dev Cards(Play/Select), 4=End: ",2
bot,"[1, 2, 3]",int,"Player Trade (1), Bank/Port Trade (2), Cancel (3): ",3
bot,"[2, 4]",int,"1=Build, 2=Trade, 3=Dev Cards(Play/Select), 4=End: ",2
bot,"[1, 2, 3]",int,"Player Trade (1), Bank/Port Trade (2), Cancel (3): ",3
bot,"[2, 4]",int,"1=Build, 2=Trade, 3=Dev Cards(Play/Select), 4=End: ",2
bot,"[1, 2, 3]",int,"Player Trade (1), Bank/Port Trade (2), Cancel (3): ",2
bot,"['brick', 'wood', 'sheep', 'wheat', 'ore']",resource,Which resource would you like to trade (give away): ,brick
bot,"['brick', 'wood', 'sheep', 'wheat', 'ore']",resource,Which resource would you like to receive: ,brick
bot,"[1, 2, 3]",int,"Player Trade (1), Bank/Port Trade (2), Cancel (3): ",2
bot,"['brick', 'wood', 'sheep', 'wheat', 'ore']",resource,Which resource would you like to trade (give away): ,ore
bot,"['brick', 'wood', 'sheep', 'wheat', 'ore']",resource,Which resource would you like to receive: ,wood
bot,"[1, 2, 3]",int,"Player Trade (1), Bank/Port Trade (2), Cancel (3): ",2
bot,"['brick', 'wood', 'sheep', 'wheat', 'ore']",resource,Which resource would you like to trade (give away): ,ore
bot,"['brick', 'wood', 'sheep', 'wheat', 'ore']",resource,Which resource would you like to receive: ,brick
bot,"[1, 2, 3]",int,"Player Trade (1), Bank/Port Trade (2), Cancel (3): ",1
bot,"['brick', 'wood', 'sheep', 'wheat', 'ore']",resource,Which resource would you like to trade (give away): ,brick
bot,"[1, 2, 3, 4]",int,How many would you like to trade: ,3
bot,"['brick', 'wood', 'sheep', 'wheat', 'ore']",resource,Which resource would you like to trade: ,wood
bot,"[1, 2, 3]",int,How many would you like to trade: ,2
bot,"[2, 4]",int,"1=Build, 2=Trade, 3=Dev Cards(Play/Select), 4=End: ",4
bot,"range(0, 18)",int,Choosen a Tile [0-18] to move the Robber to: ,9
bot,"['brick', 'ore']",resource,"Which resource would you like to discard: brick, wood, sheep, wheat, ore: ",brick
bot,['ore'],resource,"Which resource would you like to discard: brick, wood, sheep, wheat, ore: ",ore
bot,['ore'],resource,"Which resource would you like to discard: brick, wood, sheep, wheat, ore: ",ore
bot,['ore'],resource,"Which resource would you like to discard: brick, wood, sheep, wheat, ore: ",ore
bot,"[2, 4]",int,"1=Build, 2=Trade, 3=Dev Cards(Play/Select), 4=End: ",2
bot,"[1, 2, 3]",int,"Player Trade (1), Bank/Port Trade (2), Cancel (3): ",2
bot,"['brick', 'wood', 'sheep', 'wheat', 'ore']",resource,Which resource would you like to trade (give away): ,wood
bot,"['brick', 'wood', 'sheep', 'wheat', 'ore']",resource,Which resource would you like to receive: ,ore
bot,"[1, 2, 3]",int,"Player Trade (1), Bank/Port Trade (2), Cancel (3): ",1
bot,"['brick', 'wood', 'sheep', 'wheat', 'ore']",resource,Which resource would you like to trade (give away): ,wheat
bot,"[1, 2, 3, 4]",int,How many would you like to trade: ,4
bot,"['brick', 'wood', 'sheep', 'wheat', 'ore']",resource,Which resource would you like to trade: ,wheat
bot,"[1, 2, 3]",int,How many would you like to trade: ,2
bot,"['Y', 'N']",action,Green would you like to trade wheat for wheat [Y/N]: ,N
bot,"[2, 4]",int,"1=Build, 2=Trade, 3=Dev Cards(Play/Select), 4=End: ",2
bot,"[1, 2, 3]",int,"Player Trade (1), Bank/Port Trade (2), Cancel (3): ",3
bot,"[2, 4]",int,"1=Build, 2=Trade, 3=Dev Cards(Play/Select), 4=End: ",2
bot,"[1, 2, 3]",int,"Player Trade (1), Bank/Port Trade (2), Cancel (3): ",3
bot,"[2, 4]",int,"1=Build, 2=Trade, 3=Dev Cards(Play/Select), 4=End: ",2
bot,"[1, 2, 3]",int,"Player Trade (1), Bank/Port Trade (2), Cancel (3): ",3
bot,"[2, 4]",int,"1=Build, 2=Trade, 3=Dev Cards(Play/Select), 4=End: ",4
bot,"[1, 2, 4]",int,"1=Build, 2=Trade, 3=Dev Cards(Play/Select), 4=End: ",1
bot,"[1, 2, 3, 4]",int,"1=Settlement, 2=City, 3=Road, 4=End: ",1
bot,"[1, 2, 3, 4]",int,"1=Settlement, 2=City, 3=Road, 4=End: ",1
bot,"[1, 2, 3, 4]",int,"1=Settlement, 2=City, 3=Road, 4=End: ",1
bot,"[1, 2, 3, 4]",int,"1=Settlement, 2=City, 3=Road, 4=End: ",4
bot,"[1, 2, 4]",int,"1=Build, 2=Trade, 3=Dev Cards(Play/Select), 4=End: ",1
bot,"[1, 2, 3, 4]",int,"1=Settlement, 2=City, 3=Road, 4=End: ",4
bot,"[1, 2, 4]",int,"1=Build, 2=Trade, 3=Dev Cards(Play/Select), 4=End: ",4
bot,"[2, 4]",int,"1=Build, 2=Trade, 3=Dev Cards(Play/Select), 4=End: ",4
bot,"[1, 2, 4]",int,"1=Build, 2=Trade, 3=Dev Cards(Play/Select), 4=End: ",2
bot,"[1, 2, 3]",int,"Player Trade (1), Bank/Port Trade (2), Cancel (3): ",2
bot,"['brick', 'wood', 'sheep', 'wheat', 'ore']",resource,Which resource would you like to trade (give away): ,sheep
bot,"['brick', 'wood', 'sheep', 'wheat', 'ore']",resource,Which resource would you like to receive: ,sheep
bot,"[1, 2, 3]",int,"Player Trade (1), Bank/Port Trade (2), Cancel (3): ",1
bot,"['brick', 'wood', 'sheep', 'wheat', 'ore']",resource,Which resource would you like to trade (give away): ,wheat
bot,"[1, 2, 3, 4]",int,How many would you like to trade: ,2
bot,"['brick', 'wood', 'sheep', 'wheat', 'ore']",resource,Which resource would you like to trade: ,sheep
bot,"[1, 2, 3]",int,How many would you like to trade: ,3
bot,"['Y', 'N']",action,Blue would you like to trade wheat for sheep [Y/N]: ,Y
bot,"['Y', 'N']",action,Green would you like to trade wheat for sheep [Y/N]: ,N
bot,"[1, 2, 4]",int,"1=Build, 2=Trade, 3=Dev Cards(Play/Select), 4=End: ",4
bot,"[2, 4]",int,"1=Build, 2=Trade, 3=Dev Cards(Play/Select), 4=End: ",4
bot,"[1, 2, 4]",int,"1=Build, 2=Trade, 3=Dev Cards(Play/Select), 4=End: ",4
bot,"range(0, 18)",int,Choosen a Tile [0-18] to move the Robber to: ,3
bot,['Green'],player,Choose a player to steal from {'Green'}: ,Green
bot,"['wood', 'wheat', 'brick', 'ore']",resource,"Which resource would you like to discard: brick, wood, sheep, wheat, ore: ",wheat
bot,"['wood', 'wheat', 'brick', 'ore']",resource,"Which resource would you like to discard: brick, wood, sheep, wheat, ore: ",brick
bot,"['wheat', 'wood', 'ore']",resource,"Which resource would you like to discard: brick, wood, sheep, wheat, ore: ",wheat
bot,"['wheat', 'wood', 'ore']",resource,"Which resource would you like to discard: brick, wood, sheep, wheat, ore: ",ore
bot,"[2, 4]",int,"1=Build, 2=Trade, 3=Dev Cards(Play/Select), 4=End: ",4
bot,"[2, 4]",int,"1=Build, 2=Trade, 3=Dev Cards(Play/Select), 4=End: ",4
bot,"[2, 4]",int,"1=Build, 2=Trade, 3=Dev Cards(Play/Select), 4=End: ",4
bot,"range(0, 18)",int,Choosen a Tile [0-18] to move the Robber to: ,14
bot,['Red'],player,Choose a player to steal from {'Red'}: ,Red
bot,"['sheep', 'ore']",resource,"Which resource would you like to discard: brick, wood, sheep, wheat, ore: ",ore
bot,"['sheep', 'ore']",resource,"Which resource would you like to discard: brick, wood, sheep, wheat, ore: ",sheep
bot,"['sheep', 'ore']",resource,"Which resource would you like to discard: brick, wood, sheep, wheat, ore: ",sheep
bot,['ore'],resource,"Which resource would you like to discard: brick, wood, sheep, wheat, ore: ",ore
bot,"[1, 2, 4]",int,"1=Build, 2=Trade, 3=Dev Cards(Play/Select), 4=End: ",2
bot,"[1, 2, 3]",int,"Player Trade (1), Bank/Port Trade (2), Cancel (3): ",1
bot,"['brick', 'wood', 'sheep', 'wheat', 'ore']",resource,Which resource would you like to trade (give away): ,brick
bot,"[1, 2, 3, 4]",int,How many would you like to trade: ,4
bot,"['brick', 'wood', 'sheep', 'wheat', 'ore']",resource,Which resource would you like to trade: ,sheep
bot,"[1, 2, 3]",int,How many would you like to trade: ,1
bot,"[1, 2, 4]",int,"1=Build, 2=Trade, 3=Dev Cards(Play/Select), 4=End: ",1
bot,"[1, 2, 3, 4]",int,"1=Settlement, 2=City, 3=Road, 4=End: ",2
bot,[18],int,Choose city location - [0-53]:,18
bot,"[1, 2, 3, 4]",int,"1=Settlement, 2=City, 3=Road, 4=End: ",1
bot,"[1, 2, 3, 4]",int,"1=Settlement, 2=City, 3=Road, 4=End: ",1
bot,"[1, 2, 3, 4]",int,"1=Settlement, 2=City, 3=Road, 4=End: ",2
bot,"[1, 2, 3, 4]",int,"1=Settlement, 2=City, 3=Road, 4=End: ",2
bot,"[1, 2, 3, 4]",int,"1=Settlement, 2=City, 3=Road, 4=End: ",4
bot,"[2, 4]",int,"1=Build, 2=Trade, 3=Dev Cards(Play/Select), 4=End: ",2
bot,"[1, 2, 3]",int,"Player Trade (1), Bank/Port Trade (2), Cancel (3): ",1
bot,"['brick', 'wood', 'sheep', 'wheat', 'ore']",resource,Which resource would you like to trade (give away): ,brick
bot,"[1, 2, 3, 4]",int,How many would you like to trade: ,2
bot,"['brick', 'wood', 'sheep', 'wheat', 'ore']",resource,Which resource would you like to trade: ,wheat
bot,"[1, 2, 3]",int,How many would you like to trade: ,2
bot,"[2, 4]",int,"1=Build, 2=Trade, 3=Dev Cards(Play/Select), 4=End: ",4
bot,"[2, 4]",int,"1=Build, 2=Trade, 3=Dev Cards(Play/Select), 4=End: ",4
bot,"[1, 2, 3, 4]",int,"1=Build, 2=Trade, 3=Dev Cards(Play/Select), 4=End: ",1
bot,"[1, 2, 3, 4]",int,"1=Settlement, 2=City, 3=Road, 4=End: ",1
bot,"[1, 2, 3, 4]",int,"1=Settlement, 2=City, 3=Road, 4=End: ",3
bot,"[1, 2, 3, 4]",int,"1=Settlement, 2=City, 3=Road, 4=End: ",2
bot,"[1, 2, 3, 4]",int,"1=Settlement, 2=City, 3=Road, 4=End: ",1
bot,"[1, 2, 3, 4]",int,"1=Settlement, 2=City, 3=Road, 4=End: ",2
bot,"[1, 2, 3, 4]",int,"1=Settlement, 2=City, 3=Road, 4=End: ",4
bot,"[1, 2, 3, 4]",int,"1=Build, 2=Trade, 3=Dev Cards(Play/Select), 4=End: ",3
bot,"[1, 2, 3]",int,"1=Collect, 2=Play, 3=End:",2
bot,"[1, 2, 3]",int,"1=Collect, 2=Play, 3=End:",3
bot,"[1, 2, 3, 4]",int,"1=Build, 2=Trade, 3=Dev Cards(Play/Select), 4=End: ",1
bot,"[1, 2, 3, 4]",int,"1=Settlement, 2=City, 3=Road, 4=End: ",1
bot,"[1, 2, 3, 4]",int,"1=Settlement, 2=City, 3=Road, 4=End: ",2
bot,"[1, 2, 3, 4]",int,"1=Settlement, 2=City, 3=Road, 4=End: ",4
bot,"[1, 2, 3, 4]",int,"1=Build, 2=Trade, 3=Dev Cards(Play/Select), 4=End: ",2
bot,"[1, 2, 3]",int,"Player Trade (1), Bank/Port Trade (2), Cancel (3): ",3
bot,"[1, 2, 3, 4]",int,"1=Build, 2=Trade, 3=Dev Cards(Play/Select), 4=End: ",3
bot,"[1, 2, 3]",int,"1=Collect, 2=Play, 3=End:",2
bot,"[1, 2, 3]",int,"1=Collect, 2=Play, 3=End:",2
bot,"[1, 2, 3]",int,"1=Collect, 2=Play, 3=End:",2
bot,"[1, 2, 3]",int,"1=Collect, 2=Play, 3=End:",1
bot,"[1, 2, 3]",int,"1=Collect, 2=Play, 3=End:",3
bot,"[2, 3, 4]",int,"1=Build, 2=Trade, 3=Dev Cards(Play/Select), 4=End: ",4
bot,"[2, 4]",int,"1=Build, 2=Trade, 3=Dev Cards(Play/Select), 4=End: ",4
bot,"[1, 2, 4]",int,"1=Build, 2=Trade, 3=Dev Cards(Play/Select), 4=End: ",2
bot,"[1, 2, 3]",int,"Player Trade (1), Bank/Port Trade (2), Cancel (3): ",1
bot,"['brick', 'wood', 'sheep', 'wheat', 'ore']",resource,Which resource would you like to trade (give away): ,sheep
bot,"[1, 2, 3, 4]",int,How many would you like to trade: ,3
bot,"['brick', 'wood', 'sheep', 'wheat', 'ore']",resource,Which resource would you like to trade: ,wheat
bot,"[1, 2, 3]",int,How many would you like to trade: ,3
bot,"['Y', 'N']",action,Blue would you like to trade sheep for wheat [Y/N]: ,N
bot,"[1, 2, 4]",int,"1=Build, 2=Trade, 3=Dev Cards(Play/Select), 4=End: ",1
bot,"[1, 2, 3, 4]",int,"1=Settlement, 2=City, 3=Road, 4=End: ",3
bot,"[24, 34, 37, 45, 37, 48, 53, 45, 60]",int,Choose road location - [0-71]: ,37
bot,"[1, 2, 3, 4]",int,"1=Settlement, 2=City, 3=Road, 4=End: ",4
bot,"[2, 4]",int,"1=Build, 2=Trade, 3=Dev Cards(Play/Select), 4=End: ",4
bot,"[2, 4]",int,"1=Build, 2=Trade, 3=Dev Cards(Play/Select), 4=End: ",4
bot,"[2, 3, 4]",int,"1=Build, 2=Trade, 3=Dev Cards(Play/Select), 4=End: ",4
bot,"[2, 4]",int,"1=Build, 2=Trade, 3=Dev Cards(Play/Select), 4=End: ",4
bot,"[2, 4]",int,"1=Build, 2=Trade, 3=Dev Cards(Play/Select), 4=End: ",2
bot,"[1, 2, 3]",int,"Player Trade (1), Bank/Port Trade (2), Cancel (3): ",3
bot,"[2, 4]",int,"1=Build, 2=Trade, 3=Dev Cards(Play/Select), 4=End: ",4
bot,"[1, 2, 4]",int,"1=Build, 2=Trade, 3=Dev Cards(Play/Select), 4=End: ",1
bot,"[1, 2, 3, 4]",int,"1=Settlement, 2=City, 3=Road, 4=End: ",1
bot,"[1, 2, 3, 4]",int,"1=Settlement, 2=City, 3=Road, 4=End: ",4
bot,"[1, 2, 4]",int,"1=Build, 2=Trade, 3=Dev Cards(Play/Select), 4=End: ",4
bot,"[1, 2, 3, 4]",int,"1=Build, 2=Trade, 3=Dev Cards(Play/Select), 4=End: ",4
bot,"[2, 4]",int,"1=Build, 2=Trade, 3=Dev Cards(Play/Select), 4=End: ",2
bot,"[1, 2, 3]",int,"Player Trade (1), Bank/Port Trade (2), Cancel (3): ",1
bot,"['brick', 'wood', 'sheep', 'wheat', 'ore']",resource,Which resource would you like to trade (give away): ,brick
bot,"[1, 2, 3, 4]",int,How many would you like to trade: ,2
bot,"['brick', 'wood', 'sheep', 'wheat', 'ore']",resource,Which resource would you like to trade: ,sheep
bot,"[1, 2, 3]",int,How many would you like to trade: ,1
bot,"['Y', 'N']",action,Red would you like to trade brick for sheep [Y/N]: ,Y
bot,"[2, 4]",int,"1=Build, 2=Trade, 3=Dev Cards(Play/Select), 4=End: ",4
bot,"[2, 4]",int,"1=Build, 2=Trade, 3=Dev Cards(Play/Select), 4=End: ",4
bot,"[1, 2, 4]",int,"1=Build, 2=Trade, 3=Dev Cards(Play/Select), 4=End: ",4
bot,"[1, 2, 3, 4]",int,"1=Build, 2=Trade, 3=Dev Cards(Play/Select), 4=End: ",1
bot,"[1, 2, 3, 4]",int,"1=Settlement, 2=City, 3=Road, 4=End: ",4
bot,"[1, 2, 3, 4]",int,"1=Build, 2=Trade, 3=Dev Cards(Play/Select), 4=End: ",2
bot,"[1, 2, 3]",int,"Player Trade (1), Bank/Port Trade (2), Cancel (3): ",2
bot,"['brick', 'wood', 'sheep', 'wheat', 'ore']",resource,Which resource would you like to trade (give away): ,ore
bot,"['brick', 'wood', 'sheep', 'wheat', 'ore']",resource,Which resource would you like to receive: ,brick
bot,"[1, 2, 3, 4]",int,"1=Build, 2=Trade, 3=Dev Cards(Play/Select), 4=End: ",2
bot,"[1, 2, 3]",int,"Player Trade (1), Bank/Port Trade (2), Cancel (3): ",2
bot,"['brick', 'wood', 'sheep', 'wheat', 'ore']",resource,Which resource would you like to trade (give away): ,ore
bot,"['brick', 'wood', 'sheep', 'wheat', 'ore']",resource,Which resource would you like to receive: ,wheat
bot,"[1, 2, 3]",int,"Player Trade (1), Bank/Port Trade (2), Cancel (3): ",1
bot,"['brick', 'wood', 'sheep', 'wheat', 'ore']",resource,Which resource would you like to trade (give away): ,sheep
bot,"[1, 2, 3, 4]",int,How many would you like to trade: ,2
bot,"['brick', 'wood', 'sheep', 'wheat', 'ore']",resource,Which resource would you like to trade: ,ore
bot,"[1, 2, 3]",int,How many would you like to trade: ,1
bot,"['Y', 'N']",action,Red would you like to trade sheep for ore [Y/N]: ,Y
bot,"['Y', 'N']",action,Blue would you like to trade sheep for ore [Y/N]: ,N
bot,"[1, 2, 3, 4]",int,"1=Build, 2=Trade, 3=Dev Cards(Play/Select), 4=End: ",1
bot,"[1, 2, 3, 4]",int,"1=Settlement, 2=City, 3=Road, 4=End: ",3
bot,"[8, 13, 15, 20, 51, 56, 63]",int,Choose road location - [0-71]: ,20
bot,"[1, 2, 3, 4]",int,"1=Settlement, 2=City, 3=Road, 4=End: ",4
bot,"[2, 3, 4]",int,"1=Build, 2=Trade, 3=Dev Cards(Play/Select), 4=End: ",4
bot,"[2, 4]",int,"1=Build, 2=Trade, 3=Dev Cards(Play/Select), 4=End: ",4
bot,"[2, 4]",int,"1=Build, 2=Trade, 3=Dev Cards(Play/Select), 4=End: ",4
bot,"range(0, 18)",int,Choosen a Tile [0-18] to move the Robber to: ,3
bot,['Green'],player,Choose a player to steal from {'Green'}: ,Green
bot,"['wood', 'brick', 'wheat', 'ore', 'sheep']",resource,"Which resource would you like to discard: brick, wood, sheep, wheat, ore: ",wood
bot,"['wood', 'brick', 'wheat', 'ore', 'sheep']",resource,"Which resource would you like to discard: brick, wood, sheep, wheat, ore: ",brick
bot,"['wood', 'brick', 'wheat', 'ore', 'sheep']",resource,"Which resource would you like to discard: brick, wood, sheep, wheat, ore: ",ore
bot,"['wood', 'brick', 'wheat', 'ore', 'sheep']",resource,"Which resource would you like to discard: brick, wood, sheep, wheat, ore: ",brick
bot,"['wheat', 'sheep', 'wood', 'ore']",resource,"Which resource would you like to discard: brick, wood, sheep, wheat, ore: ",sheep
bot,"['wheat', 'wood', 'ore']",resource,"Which resource would you like to discard: brick, wood, sheep, wheat, ore: ",wheat
bot,"['wood', 'ore']",resource,"Which resource would you like to discard: brick, wood, sheep, wheat, ore: ",ore
bot,"['wood', 'ore']",resource,"Which resource would you like to discard: brick, wood, sheep, wheat, ore: ",wood
bot,[4],int,"1=Build, 2=Trade, 3=Dev Cards(Play/Select), 4=End: ",4
bot,"[2, 4]",int,"1=Build, 2=Trade, 3=Dev Cards(Play/Select), 4=End: ",2
bot,"[1, 2, 3]",int,"Player Trade (1), Bank/Port Trade (2), Cancel (3): ",1
bot,"['brick', 'wood', 'sheep', 'wheat', 'ore']",resource,Which resource would you like to trade (give away): ,wood
bot,"[1, 2, 3, 4]",int,How many would you like to trade: ,1
bot,"['brick', 'wood', 'sheep', 'wheat', 'ore']",resource,Which resource would you like to trade: ,wheat
bot,"[1, 2, 3]",int,How many would you like to trade: ,3
bot,"[2, 4]",int,"1=Build, 2=Trade, 3=Dev Cards(Play/Select), 4=End: ",4
bot,"[2, 4]",int,"1=Build, 2=Trade, 3=Dev Cards(Play/Select), 4=End: ",2
bot,"[1, 2, 3]",int,"Player Trade (1), Bank/Port Trade (2), Cancel (3): ",3
bot,"[2, 4]",int,"1=Build, 2=Trade, 3=Dev Cards(Play/Select), 4=End: ",4
bot,"[2, 4]",int,"1=Build, 2=Trade, 3=Dev Cards(Play/Select), 4=End: ",2
bot,"[1, 2, 3]",int,"Player Trade (1), Bank/Port Trade (2), Cancel (3): ",3
bot,"[2, 4]",int,"1=Build, 2=Trade, 3=Dev Cards(Play/Select), 4=End: ",2
bot,"[1, 2, 3]",int,"Player Trade (1), Bank/Port Trade (2), Cancel (3): ",2
bot,"['brick', 'wood', 'sheep', 'wheat', 'ore']",resource,Which resource would you like to trade (give away): ,ore
bot,"['brick', 'wood', 'sheep', 'wheat', 'ore']",resource,Which resource would you like to receive: ,wood
bot,"[1, 2, 3]",int,"Player Trade (1), Bank/Port Trade (2), Cancel (3): ",2
bot,"['brick', 'wood', 'sheep', 'wheat', 'ore']",resource,Which resource would you like to trade (give away): ,wheat
bot,"['brick', 'wood', 'sheep', 'wheat', 'ore']",resource,Which resource would you like to receive: ,brick
bot,"[1, 2, 3]",int,"Player Trade (1), Bank/Port Trade (2), Cancel (3): ",3
bot,"[2, 4]",int,"1=Build, 2=Trade, 3=Dev Cards(Play/Select), 4=End: ",2
bot,"[1, 2, 3]",int,"Player Trade (1), Bank/Port Trade (2), Cancel (3): ",1
bot,"['brick', 'wood', 'sheep', 'wheat', 'ore']",resource,Which resource would you like to trade (give away): ,wood
bot,"[1, 2, 3, 4]",int,How many would you like to trade: ,2
bot,"['brick', 'wood', 'sheep', 'wheat', 'ore']",resource,Which resource would you like to trade: ,wood
bot,"[1, 2, 3]",int,How many would you like to trade: ,3
bot,"[2, 4]",int,"1=Build, 2=Trade, 3=Dev Cards(Play/Select), 4=End: ",2
bot,"[1, 2, 3]",int,"Player Trade (1), Bank/Port Trade (2), Cancel (3): ",2
bot,"['brick', 'wood', 'sheep', 'wheat', 'ore']",resource,Which resource would you like to trade (give away): ,sheep
bot,"['brick', 'wood', 'sheep', 'wheat', 'ore']",resource,Which resource would you like to receive: ,wheat
bot,"[1, 2, 3]",int,"Player Trade (1), Bank/Port Trade (2), Cancel (3): ",2
bot,"['brick', 'wood', 'sheep', 'wheat', 'ore']",resource,Which resource would you like to trade (give away): ,brick
bot,"['brick', 'wood', 'sheep', 'wheat', 'ore']",resource,Which resource would you like to receive: ,wheat
bot,"[1, 2, 3]",int,"Player Trade (1), Bank/Port Trade (2), Cancel (3): ",3
bot,"[2, 4]",int,"1=Build, 2=Trade, 3=Dev Cards(Play/Select), 4=End: ",2
bot,"[1, 2, 3]",int,"Player Trade (1), Bank/Port Trade (2), Cancel (3): ",3
bot,"[2, 4]",int,"1=Build, 2=Trade, 3=Dev Cards(Play/Select), 4=End: ",4
bot,"[2, 4]",int,"1=Build, 2=Trade, 3=Dev Cards(Play/Select), 4=End: ",2
bot,"[1, 2, 3]",int,"Player Trade (1), Bank/Port Trade (2), Cancel (3): ",1
bot,"['brick', 'wood', 'sheep', 'wheat', 'ore']",resource,Which resource would you like to trade (give away): ,wheat
bot,"[1, 2, 3, 4]",int,How many would you like to trade: ,3
bot,"['brick', 'wood', 'sheep', 'wheat', 'ore']",resource,Which resource would you like to trade: ,wheat
bot,"[1, 2, 3]",int,How many would you like to trade: ,2
bot,"[2, 4]",int,"1=Build, 2=Trade, 3=Dev Cards(Play/Select), 4=End: ",4
bot,"[2, 4]",int,"1=Build, 2=Trade, 3=Dev Cards(Play/Select), 4=End: ",2
bot,"[1, 2, 3]",int,"Player Trade (1), Bank/Port Trade (2), Cancel (3): ",3
bot,"[2, 4]",int,"1=Build, 2=Trade, 3=Dev Cards(Play/Select), 4=End: ",2
bot,"[1, 2, 3]",int,"Player Trade (1), Bank/Port Trade (2), Cancel (3): ",3
bot,"[2, 4]",int,"1=Build, 2=Trade, 3=Dev Cards(Play/Select), 4=End: ",2
bot,"[1, 2, 3]",int,"Player Trade (1), Bank/Port Trade (2), Cancel (3): ",3
bot,"[2, 4]",int,"1=Build, 2=Trade, 3=Dev Cards(Play/Select), 4=End: ",4
bot,"[2, 4]",int,"1=Build, 2=Trade, 3=Dev Cards(Play/Select), 4=End: ",2
bot,"[1, 2, 3]",int,"Player Trade (1), Bank/Port Trade (2), Cancel (3): ",1
bot,"['brick', 'wood', 'sheep', 'wheat', 'ore']",resource,Which resource would you like to trade (give away): ,ore
bot,"[1, 2, 3, 4]",int,How many would you like to trade: ,2
bot,"['brick', 'wood', 'sheep', 'wheat', 'ore']",resource,Which resource would you like to trade: ,brick
bot,"[1, 2, 3]",int,How many would you like to trade: ,3
bot,"[2, 4]",int,"1=Build, 2=Trade, 3=Dev Cards(Play/Select), 4=End: ",4
bot,"[2, 4]",int,"1=Build, 2=Trade, 3=Dev Cards(Play/Select), 4=End: ",4
bot,"[2, 4]",int,"1=Build, 2=Trade, 3=Dev Cards(Play/Select), 4=End: ",4
bot,"[2, 4]",int,"1=Build, 2=Trade, 3=Dev Cards(Play/Select), 4=End: ",4
bot,"[2, 4]",int,"1=Build, 2=Trade, 3=Dev Cards(Play/Select), 4=End: ",4
bot,"range(0, 18)",int,Choosen a Tile [0-18] to move the Robber to: ,6
bot,"['sheep', 'wood']",resource,"Which resource would you like to discard: brick, wood, sheep, wheat, ore: ",wood
bot,"['sheep', 'wood']",resource,"Which resource would you like to discard: brick, wood, sheep, wheat, ore: ",sheep
bot,"['sheep', 'wood']",resource,"Which resource would you like to discard: brick, wood, sheep, wheat, ore: ",sheep
bot,"['sheep', 'wood']",resource,"Which resource would you like to discard: brick, wood, sheep, wheat, ore: ",sheep
bot,"[2, 4]",int,"1=Build, 2=Trade, 3=Dev Cards(Play/Select), 4=End: ",2
bot,"[1, 2, 3]",int,"Player Trade (1), Bank/Port Trade (2), Cancel (3): ",3
bot,"[2, 4]",int,"1=Build, 2=Trade, 3=Dev Cards(Play/Select), 4=End: ",4
bot,"[2, 4]",int,"1=Build, 2=Trade, 3=Dev Cards(Play/Select), 4=End: ",4
bot,"[2, 4]",int,"1=Build, 2=Trade, 3=Dev Cards(Play/Select), 4=End: ",4
bot,"[2, 4]",int,"1=Build, 2=Trade, 3=Dev Cards(Play/Select), 4=End: ",4
bot,"[2, 4]",int,"1=Build, 2=Trade, 3=Dev Cards(Play/Select), 4=End: ",2
bot,"[1, 2, 3]",int,"Player Trade (1), Bank/Port Trade (2), Cancel (3): ",2
bot,"['brick', 'wood', 'sheep', 'wheat', 'ore']",resource,Which resource would you like to trade (give away): ,brick
bot,"['brick', 'wood', 'sheep', 'wheat', 'ore']",resource,Which resource would you like to receive: ,wood
bot,"[2, 4]",int,"1=Build, 2=Trade, 3=Dev Cards(Play/Select), 4=End: ",2
bot,"[1, 2, 3]",int,"Player Trade (1), Bank/Port Trade (2), Cancel (3): ",2
bot,"['brick', 'wood', 'sheep', 'wheat', 'ore']",resource,Which resource would you like to trade (give away): ,ore
bot,"['brick', 'wood', 'sheep', 'wheat', 'ore']",resource,Which resource would you like to receive: ,brick
bot,"[1, 2, 3]",int,"Player Trade (1), Bank/Port Trade (2), Cancel (3): ",1
bot,"['brick', 'wood', 'sheep', 'wheat', 'ore']",resource,Which resource would you like to trade (give away): ,wheat
bot,"[1, 2, 3, 4]",int,How many would you like to trade: ,2
bot,"['brick', 'wood', 'sheep', 'wheat', 'ore']",resource,Which resource would you like to trade: ,sheep
bot,"[1, 2, 3]",int,How many would you like to trade: ,1
bot,"['Y', 'N']",action,Red would you like to trade wheat for sheep [Y/N]: ,N
bot,"['Y', 'N']",action,Yellow would you like to trade wheat for sheep [Y/N]: ,Y
bot,"['Y', 'N']",action,Blue would you like to trade wheat for sheep [Y/N]: ,N
bot,"[1, 2, 3, 4]",int,"1=Build, 2=Trade, 3=Dev Cards(Play/Select), 4=End: ",3
bot,"[1, 2, 3]",int,"1=Collect, 2=Play, 3=End:",1
bot,"[1, 2, 3]",int,"1=Collect, 2=Play, 3=End:",1
bot,"[1, 2, 3]",int,"1=Collect, 2=Play, 3=End:",2
bot,['monopoly'],card,"Which dev card would you like to play from - [Monopoly(color=None, played=False, player=None, name='monopoly')]: ",monopoly
bot,"['brick', 'ore', 'sheep', 'wheat', 'wood']",resource,Which resource would you like to monopolize: ,ore
bot,"[2, 4]",int,"1=Build, 2=Trade, 3=Dev Cards(Play/Select), 4=End: ",2
bot,"[1, 2, 3]",int,"Player Trade (1), Bank/Port Trade (2), Cancel (3): ",1
bot,"['brick', 'wood', 'sheep', 'wheat', 'ore']",resource,Which resource would you like to trade (give away): ,wood
bot,"[1, 2, 3, 4]",int,How many would you like to trade: ,4
bot,"['brick', 'wood', 'sheep', 'wheat', 'ore']",resource,Which resource would you like to trade: ,wheat
bot,"[1, 2, 3]",int,How many would you like to trade: ,3
bot,"['Y', 'N']",action,Red would you like to trade wood for wheat [Y/N]: ,Y
bot,"['Y', 'N']",action,Yellow would you like to trade wood for wheat [Y/N]: ,Y
bot,"[2, 4]",int,"1=Build, 2=Trade, 3=Dev Cards(Play/Select), 4=End: ",2
bot,"[1, 2, 3]",int,"Player Trade (1), Bank/Port Trade (2), Cancel (3): ",2
bot,"['brick', 'wood', 'sheep', 'wheat', 'ore']",resource,Which resource would you like to trade (give away): ,sheep
bot,"['brick', 'wood', 'sheep', 'wheat', 'ore']",resource,Which resource would you like to receive: ,wood
bot,"[1, 2, 3]",int,"Player Trade (1), Bank/Port Trade (2), Cancel (3): ",2
bot,"['brick', 'wood', 'sheep', 'wheat', 'ore']",resource,Which resource would you like to trade (give away): ,ore
bot,"['brick', 'wood', 'sheep', 'wheat', 'ore']",resource,Which resource would you like to receive: ,wheat
bot,"[1, 2, 3]",int,"Player Trade (1), Bank/Port Trade (2), Cancel (3): ",2
bot,"['brick', 'wood', 'sheep', 'wheat', 'ore']",resource,Which resource would you like to trade (give away): ,wood
bot,"['brick', 'wood', 'sheep', 'wheat', 'ore']",resource,Which resource would you like to receive: ,ore
bot,"[2, 4]",int,"1=Build, 2=Trade, 3=Dev Cards(Play/Select), 4=End: ",4
bot,"range(0, 18)",int,Choosen a Tile [0-18] to move the Robber to: ,1
bot,['Yellow'],player,Choose a player to steal from {'Yellow'}: ,Yellow
bot,"['sheep', 'wheat']",resource,"Which resource would you like to discard: brick, wood, sheep, wheat, ore: ",sheep
bot,"['sheep', 'wheat']",resource,"Which resource would you like to discard: brick, wood, sheep, wheat, ore: ",wheat
bot,"['sheep', 'wheat']",resource,"Which resource would you like to discard: brick, wood, sheep, wheat, ore: ",sheep
bot,"['sheep', 'wheat']",resource,"Which resource would you like to discard: brick, wood, sheep, wheat, ore: ",sheep
bot,"['sheep', 'wheat']",resource,"Which resource would you like to discard: brick, wood, sheep, wheat, ore: ",sheep
bot,"[2, 4]",int,"1=Build, 2=Trade, 3=Dev Cards(Play/Select), 4=End: ",4
bot,"[2, 4]",int,"1=Build, 2=Trade, 3=Dev Cards(Play/Select), 4=End: ",4
bot,"[2, 4]",int,"1=Build, 2=Trade, 3=Dev Cards(Play/Select), 4=End: ",2
bot,"[1, 2, 3]",int,"Player Trade (1), Bank/Port Trade (2), Cancel (3): ",1
bot,"['brick', 'wood', 'sheep', 'wheat', 'ore']",resource,Which resource would you like to trade (give away): ,wheat
bot,"[1, 2, 3, 4]",int,How many would you like to trade: ,1
bot,"['brick', 'wood', 'sheep', 'wheat', 'ore']",resource,Which resource would you like to trade: ,ore
bot,"[1, 2, 3]",int,How many would you like to trade: ,1
bot,"['Y', 'N']",action,Red would you like to trade wheat for ore [Y/N]: ,N
bot,"['Y', 'N']",action,Yellow would you like to trade wheat for ore [Y/N]: ,Y
bot,"[2, 4]",int,"1=Build, 2=Trade, 3=Dev Cards(Play/Select), 4=End: ",4
bot,"[1, 2, 4]",int,"1=Build, 2=Trade, 3=Dev Cards(Play/Select), 4=End: ",4
bot,"range(0, 18)",int,Choosen a Tile [0-18] to move the Robber to: ,11
bot,"['sheep', 'wheat', 'ore']",resource,"Which resource would you like to discard: brick, wood, sheep, wheat, ore: ",sheep
bot,"['sheep', 'wheat', 'ore']",resource,"Which resource would you like to discard: brick, wood, sheep, wheat, ore: ",ore
bot,"['sheep', 'wheat']",resource,"Which resource would you like to discard: brick, wood, sheep, wheat, ore: ",wheat
bot,"['sheep', 'wheat']",resource,"Which resource would you like to discard: brick, wood, sheep, wheat, ore: ",wheat
bot,"['sheep', 'wheat', 'brick']",resource,"Which resource would you like to discard: brick, wood, sheep, wheat, ore: ",brick
bot,"['sheep', 'wheat']",resource,"Which resource would you like to discard: brick, wood, sheep, wheat, ore: ",wheat
bot,"['sheep', 'wheat']",resource,"Which resource would you like to discard: brick, wood, sheep, wheat, ore: ",wheat
bot,['sheep'],resource,"Which resource would you like to discard: brick, wood, sheep, wheat, ore: ",sheep
bot,"[2, 4]",int,"1=Build, 2=Trade, 3=Dev Cards(Play/Select), 4=End: ",2
bot,"[1, 2, 3]",int,"Player Trade (1), Bank/Port Trade (2), Cancel (3): ",2
bot,"['brick', 'wood', 'sheep', 'wheat', 'ore']",resource,Which resource would you like to trade (give away): ,sheep
bot,"['brick', 'wood', 'sheep', 'wheat', 'ore']",resource,Which resource would you like to receive: ,ore
bot,"[1, 2, 3]",int,"Player Trade (1), Bank/Port Trade (2), Cancel (3): ",1
bot,"['brick', 'wood', 'sheep', 'wheat', 'ore']",resource,Which resource would you like to trade (give away): ,ore
bot,"[1, 2, 3, 4]",int,How many would you like to trade: ,1
bot,"['brick', 'wood', 'sheep', 'wheat', 'ore']",resource,Which resource would you like to trade: ,ore
bot,"[1, 2, 3]",int,How many would you like to trade: ,1
bot,"['Y', 'N']",action,Green would you like to trade ore for ore [Y/N]: ,N
bot,"[2, 4]",int,"1=Build, 2=Trade, 3=Dev Cards(Play/Select), 4=End: ",4
bot,"[2, 4]",int,"1=Build, 2=Trade, 3=Dev Cards(Play/Select), 4=End: ",4
bot,"[2, 4]",int,"1=Build, 2=Trade, 3=Dev Cards(Play/Select), 4=End: ",4
bot,"[1, 2, 4]",int,"1=Build, 2=Trade, 3=Dev Cards(Play/Select), 4=End: ",1
bot,"[1, 2, 3, 4]",int,"1=Settlement, 2=City, 3=Road, 4=End: ",1
bot,"[1, 2, 3, 4]",int,"1=Settlement, 2=City, 3=Road, 4=End: ",4
bot,"[1, 2, 4]",int,"1=Build, 2=Trade, 3=Dev Cards(Play/Select), 4=End: ",1
bot,"[1, 2, 3, 4]",int,"1=Settlement, 2=City, 3=Road, 4=End: ",4
bot,"[1, 2, 4]",int,"1=Build, 2=Trade, 3=Dev Cards(Play/Select), 4=End: ",4
bot,"[2, 4]",int,"1=Build, 2=Trade, 3=Dev Cards(Play/Select), 4=End: ",2
bot,"[1, 2, 3]",int,"Player Trade (1), Bank/Port Trade (2), Cancel (3): ",3
bot,"[2, 4]",int,"1=Build, 2=Trade, 3=Dev Cards(Play/Select), 4=End: ",2
bot,"[1, 2, 3]",int,"Player Trade (1), Bank/Port Trade (2), Cancel (3): ",3
bot,"[2, 4]",int,"1=Build, 2=Trade, 3=Dev Cards(Play/Select), 4=End: ",4
bot,"[2, 4]",int,"1=Build, 2=Trade, 3=Dev Cards(Play/Select), 4=End: ",2
bot,"[1, 2, 3]",int,"Player Trade (1), Bank/Port Trade (2), Cancel (3): ",1
bot,"['brick', 'wood', 'sheep', 'wheat', 'ore']",resource,Which resource would you like to trade (give away): ,wood
bot,"[1, 2, 3, 4]",int,How many would you like to trade: ,3
bot,"['brick', 'wood', 'sheep', 'wheat', 'ore']",resource,Which resource would you like to trade: ,sheep
bot,"[1, 2, 3]",int,How many would you like to trade: ,1
bot,"['Y', 'N']",action,Red would you like to trade wood for sheep [Y/N]: ,N
bot,"['Y', 'N']",action,Green would you like to trade wood for sheep [Y/N]: ,Y
bot,"[2, 4]",int,"1=Build, 2=Trade, 3=Dev Cards(Play/Select), 4=End: ",4
bot,"[2, 4]",int,"1=Build, 2=Trade, 3=Dev Cards(Play/Select), 4=End: ",4
bot,"[1, 2, 4]",int,"1=Build, 2=Trade, 3=Dev Cards(Play/Select), 4=End: ",1
bot,"[1, 2, 3, 4]",int,"1=Settlement, 2=City, 3=Road, 4=End: ",4
bot,"[1, 2, 4]",int,"1=Build, 2=Trade, 3=Dev Cards(Play/Select), 4=End: ",2
bot,"[1, 2, 3]",int,"Player Trade (1), Bank/Port Trade (2), Cancel (3): ",1
bot,"['brick', 'wood', 'sheep', 'wheat', 'ore']",resource,Which resource would you like to trade (give away): ,wood
bot,"[1, 2, 3, 4]",int,How many would you like to trade: ,2
bot,"['brick', 'wood', 'sheep', 'wheat', 'ore']",resource,Which resource would you like to trade: ,wood
bot,"[1, 2, 3]",int,How many would you like to trade: ,2
bot,"['Y', 'N']",action,Yellow would you like to trade wood for wood [Y/N]: ,N
bot,"[1, 2, 4]",int,"1=Build, 2=Trade, 3=Dev Cards(Play/Select), 4=End: ",2
bot,"[1, 2, 3]",int,"Player Trade (1), Bank/Port Trade (2), Cancel (3): ",2
bot,"['brick', 'wood', 'sheep', 'wheat', 'ore']",resource,Which resource would you like to trade (give away): ,ore
bot,"['brick', 'wood', 'sheep', 'wheat', 'ore']",resource,Which resource would you like to receive: ,ore
bot,"[1, 2, 3]",int,"Player Trade (1), Bank/Port Trade (2), Cancel (3): ",3
bot,"[1, 2, 4]",int,"1=Build, 2=Trade, 3=Dev Cards(Play/Select), 4=End: ",1
bot,"[1, 2, 3, 4]",int,"1=Settlement, 2=City, 3=Road, 4=End: ",3
bot,"[19, 24, 26, 34, 37, 45, 47, 52]",int,Choose road location - [0-71]: ,52
bot,"[1, 2, 3, 4]",int,"1=Settlement, 2=City, 3=Road, 4=End: ",3
bot,"[19, 24, 26, 34, 37, 45, 47, 45, 60]",int,Choose road location - [0-71]: ,24
bot,"[1, 2, 3, 4]",int,"1=Settlement, 2=City, 3=Road, 4=End: ",1
bot,"[1, 2, 3, 4]",int,"1=Settlement, 2=City, 3=Road, 4=End: ",2
bot,"[1, 2, 3, 4]",int,"1=Settlement, 2=City, 3=Road, 4=End: ",4
bot,"[2, 4]",int,"1=Build, 2=Trade, 3=Dev Cards(Play/Select), 4=End: ",2
bot,"[1, 2, 3]",int,"Player Trade (1), Bank/Port Trade (2), Cancel (3): ",2
bot,"['brick', 'wood', 'sheep', 'wheat', 'ore']",resource,Which resource would you like to trade (give away): ,brick
bot,"['brick', 'wood', 'sheep', 'wheat', 'ore']",resource,Which resource would you like to receive: ,wood
bot,"[1, 2, 3]",int,"Player Trade (1), Bank/Port Trade (2), Cancel (3): ",2
bot,"['brick', 'wood', 'sheep', 'wheat', 'ore']",resource,Which resource would you like to trade (give away): ,ore
bot,"['brick', 'wood', 'sheep', 'wheat', 'ore']",resource,Which resource would you like to receive: ,ore
bot,"[1, 2, 3]",int,"Player Trade (1), Bank/Port Trade (2), Cancel (3): ",1
bot,"['brick', 'wood', 'sheep', 'wheat', 'ore']",resource,Which resource would you like to trade (give away): ,ore
bot,"[1, 2, 3, 4]",int,How many would you like to trade: ,1
bot,"['brick', 'wood', 'sheep', 'wheat', 'ore']",resource,Which resource would you like to trade: ,brick
bot,"[1, 2, 3]",int,How many would you like to trade: ,3
bot,"[2, 4]",int,"1=Build, 2=Trade, 3=Dev Cards(Play/Select), 4=End: ",4
bot,"[2, 4]",int,"1=Build, 2=Trade, 3=Dev Cards(Play/Select), 4=End: ",2
bot,"[1, 2, 3]",int,"Player Trade (1), Bank/Port Trade (2), Cancel (3): ",3
bot,"[2, 4]",int,"1=Build, 2=Trade, 3=Dev Cards(Play/Select), 4=End: ",2
bot,"[1, 2, 3]",int,"Player Trade (1), Bank/Port Trade (2), Cancel (3): ",1
bot,"['brick', 'wood', 'sheep', 'wheat', 'ore']",resource,Which resource would you like to trade (give away): ,sheep
bot,"[1, 2, 3, 4]",int,How many would you like to trade: ,4
bot,"['brick', 'wood', 'sheep', 'wheat', 'ore']",resource,Which resource would you like to trade: ,brick
bot,"[1, 2, 3]",int,How many would you like to trade: ,1
bot,"['Y', 'N']",action,Yellow would you like to trade sheep for brick [Y/N]: ,Y
bot,"['Y', 'N']",action,Blue would you like to trade sheep for brick [Y/N]: ,N
bot,"['Y', 'N']",action,Green would you like to trade sheep for brick [Y/N]: ,N
bot,"[2, 4]",int,"1=Build, 2=Trade, 3=Dev Cards(Play/Select), 4=End: ",4
bot,"range(0, 18)",int,Choosen a Tile [0-18] to move the Robber to: ,4
bot,['Red'],player,Choose a player to steal from {'Red'}: ,Red
bot,"['wheat', 'wood', 'brick']",resource,"Which resource would you like to discard: brick, wood, sheep, wheat, ore: ",wood
bot,"['wheat', 'wood', 'brick']",resource,"Which resource would you like to discard: brick, wood, sheep, wheat, ore: ",wheat
bot,"['wood', 'brick']",resource,"Which resource would you like to discard: brick, wood, sheep, wheat, ore: ",brick
bot,"['wood', 'brick']",resource,"Which resource would you like to discard: brick, wood, sheep, wheat, ore: ",brick
bot,"[1, 2, 4]",int,"1=Build, 2=Trade, 3=Dev Cards(Play/Select), 4=End: ",4
bot,"[2, 4]",int,"1=Build, 2=Trade, 3=Dev Cards(Play/Select), 4=End: ",2
bot,"[1, 2, 3]",int,"Player Trade (1), Bank/Port Trade (2), Cancel (3): ",2
bot,"['brick', 'wood', 'sheep', 'wheat', 'ore']",resource,Which resource would you like to trade (give away): ,brick
bot,"['brick', 'wood', 'sheep', 'wheat', 'ore']",resource,Which resource would you like to receive: ,brick
bot,"[1, 2, 3]",int,"Player Trade (1), Bank/Port Trade (2), Cancel (3): ",3
bot,"[2, 4]",int,"1=Build, 2=Trade, 3=Dev Cards(Play/Select), 4=End: ",2
bot,"[1, 2, 3]",int,"Player Trade (1), Bank/Port Trade (2), Cancel (3): ",1
bot,"['brick', 'wood', 'sheep', 'wheat', 'ore']",resource,Which resource would you like to trade (give away): ,wheat
bot,"[1, 2, 3, 4]",int,How many would you like to trade: ,2
bot,"['brick', 'wood', 'sheep', 'wheat', 'ore']",resource,Which resource would you like to trade: ,sheep
bot,"[1, 2, 3]",int,How many would you like to trade: ,2
bot,"['Y', 'N']",action,Red would you like to trade wheat for sheep [Y/N]: ,Y
bot,"[2, 4]",int,"1=Build, 2=Trade, 3=Dev Cards(Play/Select), 4=End: ",2
bot,"[1, 2, 3]",int,"Player Trade (1), Bank/Port Trade (2), Cancel (3): ",1
bot,"['brick', 'wood', 'sheep', 'wheat', 'ore']",resource,Which resource would you like to trade (give away): ,wood
bot,"[1, 2, 3, 4]",int,How many would you like to trade: ,1
bot,"['brick', 'wood', 'sheep', 'wheat', 'ore']",resource,Which resource would you like to trade: ,sheep
bot,"[1, 2, 3]",int,How many would you like to trade: ,2
bot,"['Y', 'N']",action,Yellow would you like to trade wood for sheep [Y/N]: ,N
bot,"[2, 4]",int,"1=Build, 2=Trade, 3=Dev Cards(Play/Select), 4=End: ",4
bot,"[2, 4]",int,"1=Build, 2=Trade, 3=Dev Cards(Play/Select), 4=End: ",2
bot,"[1, 2, 3]",int,"Player Trade (1), Bank/Port Trade (2), Cancel (3): ",3
bot,"[2, 4]",int,"1=Build, 2=Trade, 3=Dev Cards(Play/Select), 4=End: ",4
bot,"[1, 2, 3, 4]",int,"1=Build, 2=Trade, 3=Dev Cards(Play/Select), 4=End: ",1
bot,"[1, 2, 3, 4]",int,"1=Settlement, 2=City, 3=Road, 4=End: ",3
bot,"[1, 2, 3, 4]",int,"1=Settlement, 2=City, 3=Road, 4=End: ",2
bot,"[1, 2, 3, 4]",int,"1=Settlement, 2=City, 3=Road, 4=End: ",2
bot,"[1, 2, 3, 4]",int,"1=Settlement, 2=City, 3=Road, 4=End: ",1
bot,"[1, 2, 3, 4]",int,"1=Settlement, 2=City, 3=Road, 4=End: ",2
bot,"[1, 2, 3, 4]",int,"1=Settlement, 2=City, 3=Road, 4=End: ",1
bot,"[1, 2, 3, 4]",int,"1=Settlement, 2=City, 3=Road, 4=End: ",1
bot,"[1, 2, 3, 4]",int,"1=Settlement, 2=City, 3=Road, 4=End: ",4
bot,"[1, 2, 3, 4]",int,"1=Build, 2=Trade, 3=Dev Cards(Play/Select), 4=End: ",4
bot,"[1, 2, 4]",int,"1=Build, 2=Trade, 3=Dev Cards(Play/Select), 4=End: ",4
bot,"range(0, 18)",int,Choosen a Tile [0-18] to move the Robber to: ,4
bot,"range(0, 18)",int,Choosen a Tile [0-18] to move the Robber to: ,11
bot,"['sheep', 'wheat', 'ore']",resource,"Which resource would you like to discard: brick, wood, sheep, wheat, ore: ",wheat
bot,"['sheep', 'wheat', 'ore']",resource,"Which resource would you like to discard: brick, wood, sheep, wheat, ore: ",ore
bot,"['sheep', 'wheat', 'ore']",resource,"Which resource would you like to discard: brick, wood, sheep, wheat, ore: ",sheep
bot,"['sheep', 'wheat', 'ore']",resource,"Which resource would you like to discard: brick, wood, sheep, wheat, ore: ",wheat
bot,"['sheep', 'wheat', 'ore']",resource,"Which resource would you like to discard: brick, wood, sheep, wheat, ore: ",sheep
bot,"['sheep', 'wheat', 'brick']",resource,"Which resource would you like to discard: brick, wood, sheep, wheat, ore: ",brick
bot,"['sheep', 'wheat']",resource,"Which resource would you like to discard: brick, wood, sheep, wheat, ore: ",sheep
bot,"['sheep', 'wheat']",resource,"Which resource would you like to discard: brick, wood, sheep, wheat, ore: ",sheep
bot,"['sheep', 'wheat']",resource,"Which resource would you like to discard: brick, wood, sheep, wheat, ore: ",sheep
bot,"[2, 4]",int,"1=Build, 2=Trade, 3=Dev Cards(Play/Select), 4=End: ",4
bot,"[2, 4]",int,"1=Build, 2=Trade, 3=Dev Cards(Play/Select), 4=End: ",2
bot,"[1, 2, 3]",int,"Player Trade (1), Bank/Port Trade (2), Cancel (3): ",3
bot,"[2, 4]",int,"1=Build, 2=Trade, 3=Dev Cards(Play/Select), 4=End: ",2
bot,"[1, 2, 3]",int,"Player Trade (1), Bank/Port Trade (2), Cancel (3): ",3
bot,"[2, 4]",int,"1=Build, 2=Trade, 3=Dev Cards(Play/Select), 4=End: ",2
bot,"[1, 2, 3]",int,"Player Trade (1), Bank/Port Trade (2), Cancel (3): ",2
bot,"['brick', 'wood', 'sheep', 'wheat', 'ore']",resource,Which resource would you like to trade (give away): ,wood
bot,"['brick', 'wood', 'sheep', 'wheat', 'ore']",resource,Which resource would you like to receive: ,brick
bot,"[1, 2, 3]",int,"Player Trade (1), Bank/Port Trade (2), Cancel (3): ",2
bot,"['brick', 'wood', 'sheep', 'wheat', 'ore']",resource,Which resource would you like to trade (give away): ,sheep
bot,"['brick', 'wood', 'sheep', 'wheat', 'ore']",resource,Which resource would you like to receive: ,sheep
bot,"[2, 4]",int,"1=Build, 2=Trade, 3=Dev Cards(Play/Select), 4=End: ",4
bot,"[1, 2, 3, 4]",int,"1=Build, 2=Trade, 3=Dev Cards(Play/Select), 4=End: ",1
bot,"[1, 2, 3, 4]",int,"1=Settlement, 2=City, 3=Road, 4=End: ",4
bot,"[1, 2, 3, 4]",int,"1=Build, 2=Trade, 3=Dev Cards(Play/Select), 4=End: ",3
bot,"[1, 2, 3]",int,"1=Collect, 2=Play, 3=End:",2
bot,"[1, 2, 3]",int,"1=Collect, 2=Play, 3=End:",2
bot,"[1, 2, 3]",int,"1=Collect, 2=Play, 3=End:",1
bot,"[1, 2, 3]",int,"1=Collect, 2=Play, 3=End:",1
bot,"[1, 2, 3]",int,"1=Collect, 2=Play, 3=End:",2
bot,['knight'],card,"Which dev card would you like to play from - [Knight(color=None, played=False, player=None, name='knight')]: ",knight
bot,"range(0, 18)",int,Choosen a Tile [0-18] to move the Robber to: ,9
bot,['Blue'],player,Choose a player to steal from {'Blue'}: ,Blue
bot,"[2, 4]",int,"1=Build, 2=Trade, 3=Dev Cards(Play/Select), 4=End: ",4
bot,"range(0, 18)",int,Choosen a Tile [0-18] to move the Robber to: ,12
bot,['Blue'],player,Choose a player to steal from {'Blue'}: ,Blue
bot,"['sheep', 'wheat', 'wood', 'brick']",resource,"Which resource would you like to discard: brick, wood, sheep, wheat, ore: ",wood
bot,"['sheep', 'wheat', 'wood', 'brick']",resource,"Which resource would you like to discard: brick, wood, sheep, wheat, ore: ",wheat
bot,"['sheep', 'wood', 'brick']",resource,"Which resource would you like to discard: brick, wood, sheep, wheat, ore: ",sheep
bot,"['sheep', 'wood', 'brick']",resource,"Which resource would you like to discard: brick, wood, sheep, wheat, ore: ",brick
bot,"[1, 2, 4]",int,"1=Build, 2=Trade, 3=Dev Cards(Play/Select), 4=End: ",1
bot,"[1, 2, 3, 4]",int,"1=Settlement, 2=City, 3=Road, 4=End: ",3
bot,"[8, 13, 15, 20, 51, 56, 58, 63]",int,Choose road location - [0-71]: ,20
bot,"[1, 2, 3, 4]",int,"1=Settlement, 2=City, 3=Road, 4=End: ",4
bot,"[2, 4]",int,"1=Build, 2=Trade, 3=Dev Cards(Play/Select), 4=End: ",4
bot,"[2, 4]",int,"1=Build, 2=Trade, 3=Dev Cards(Play/Select), 4=End: ",4
bot,"range(0, 18)",int,Choosen a Tile [0-18] to move the Robber to: ,10
bot,['Blue'],player,Choose a player to steal from {'Blue'}: ,Blue
bot,"[2, 4]",int,"1=Build, 2=Trade, 3=Dev Cards(Play/Select), 4=End: ",4
bot,"[2, 4]",int,"1=Build, 2=Trade, 3=Dev Cards(Play/Select), 4=End: ",4
bot,"[2, 4]",int,"1=Build, 2=Trade, 3=Dev Cards(Play/Select), 4=End: ",2
bot,"[1, 2, 3]",int,"Player Trade (1), Bank/Port Trade (2), Cancel (3): ",1
bot,"['brick', 'wood', 'sheep', 'wheat', 'ore']",resource,Which resource would you like to trade (give away): ,ore
bot,"[1, 2, 3, 4]",int,How many would you like to trade: ,2
bot,"['brick', 'wood', 'sheep', 'wheat', 'ore']",resource,Which resource would you like to trade: ,ore
bot,"[1, 2, 3]",int,How many would you like to trade: ,1
bot,"['Y', 'N']",action,Green would you like to trade ore for ore [Y/N]: ,Y
bot,"[2, 4]",int,"1=Build, 2=Trade, 3=Dev Cards(Play/Select), 4=End: ",2
bot,"[1, 2, 3]",int,"Player Trade (1), Bank/Port Trade (2), Cancel (3): ",1
bot,"['brick', 'wood', 'sheep', 'wheat', 'ore']",resource,Which resource would you like to trade (give away): ,ore
bot,"[1, 2, 3, 4]",int,How many would you like to trade: ,4
bot,"['brick', 'wood', 'sheep', 'wheat', 'ore']",resource,Which resource would you like to trade: ,sheep
bot,"[1, 2, 3]",int,How many would you like to trade: ,3
bot,"['Y', 'N']",action,Green would you like to trade ore for sheep [Y/N]: ,Y
bot,"[2, 4]",int,"1=Build, 2=Trade, 3=Dev Cards(Play/Select), 4=End: ",2
bot,"[1, 2, 3]",int,"Player Trade (1), Bank/Port Trade (2), Cancel (3): ",2
bot,"['brick', 'wood', 'sheep', 'wheat', 'ore']",resource,Which resource would you like to trade (give away): ,ore
bot,"['brick', 'wood', 'sheep', 'wheat', 'ore']",resource,Which resource would you like to receive: ,wheat
bot,"[1, 2, 3]",int,"Player Trade (1), Bank/Port Trade (2), Cancel (3): ",3
bot,"[2, 4]",int,"1=Build, 2=Trade, 3=Dev Cards(Play/Select), 4=End: ",4
bot,"[2, 4]",int,"1=Build, 2=Trade, 3=Dev Cards(Play/Select), 4=End: ",2
bot,"[1, 2, 3]",int,"Player Trade (1), Bank/Port Trade (2), Cancel (3): ",2
bot,"['brick', 'wood', 'sheep', 'wheat', 'ore']",resource,Which resource would you like to trade (give away): ,sheep
bot,"['brick', 'wood', 'sheep', 'wheat', 'ore']",resource,Which resource would you like to receive: ,sheep
bot,"[2, 4]",int,"1=Build, 2=Trade, 3=Dev Cards(Play/Select), 4=End: ",2
bot,"[1, 2, 3]",int,"Player Trade (1), Bank/Port Trade (2), Cancel (3): ",3
bot,"[2, 4]",int,"1=Build, 2=Trade, 3=Dev Cards(Play/Select), 4=End: ",4
bot,"[2, 4]",int,"1=Build, 2=Trade, 3=Dev Cards(Play/Select), 4=End: ",4
bot,"[1, 2, 3, 4]",int,"1=Build, 2=Trade, 3=Dev Cards(Play/Select), 4=End: ",2
bot,"[1, 2, 3]",int,"Player Trade (1), Bank/Port Trade (2), Cancel (3): ",1
bot,"['brick', 'wood', 'sheep', 'wheat', 'ore']",resource,Which resource would you like to trade (give away): ,wood
bot,"[1, 2, 3, 4]",int,How many would you like to trade: ,3
bot,"['brick', 'wood', 'sheep', 'wheat', 'ore']",resource,Which resource would you like to trade: ,ore
bot,"[1, 2, 3]",int,How many would you like to trade: ,1
bot,"['Y', 'N']",action,Yellow would you like to trade wood for ore [Y/N]: ,N
bot,"[1, 2, 3, 4]",int,"1=Build, 2=Trade, 3=Dev Cards(Play/Select), 4=End: ",1
bot,"[1, 2, 3, 4]",int,"1=Settlement, 2=City, 3=Road, 4=End: ",3
bot,"[1, 2, 3, 4]",int,"1=Settlement, 2=City, 3=Road, 4=End: ",3
bot,"[1, 2, 3, 4]",int,"1=Settlement, 2=City, 3=Road, 4=End: ",2
bot,"[1, 2, 3, 4]",int,"1=Settlement, 2=City, 3=Road, 4=End: ",4
bot,"[1, 2, 3, 4]",int,"1=Build, 2=Trade, 3=Dev Cards(Play/Select), 4=End: ",2
bot,"[1, 2, 3]",int,"Player Trade (1), Bank/Port Trade (2), Cancel (3): ",3
bot,"[1, 2, 3, 4]",int,"1=Build, 2=Trade, 3=Dev Cards(Play/Select), 4=End: ",2
bot,"[1, 2, 3]",int,"Player Trade (1), Bank/Port Trade (2), Cancel (3): ",2
bot,"['brick', 'wood', 'sheep', 'wheat', 'ore']",resource,Which resource would you like to trade (give away): ,ore
bot,"['brick', 'wood', 'sheep', 'wheat', 'ore']",resource,Which resource would you like to receive: ,ore
bot,"[1, 2, 3]",int,"Player Trade (1), Bank/Port Trade (2), Cancel (3): ",2
bot,"['brick', 'wood', 'sheep', 'wheat', 'ore']",resource,Which resource would you like to trade (give away): ,wheat
bot,"['brick', 'wood', 'sheep', 'wheat', 'ore']",resource,Which resource would you like to receive: ,wood
bot,"[1, 2, 3]",int,"Player Trade (1), Bank/Port Trade (2), Cancel (3): ",1
bot,"['brick', 'wood', 'sheep', 'wheat', 'ore']",resource,Which resource would you like to trade (give away): ,sheep
bot,"[1, 2, 3, 4]",int,How many would you like to trade: ,1
bot,"['brick', 'wood', 'sheep', 'wheat', 'ore']",resource,Which resource would you like to trade: ,brick
bot,"[1, 2, 3]",int,How many would you like to trade: ,3
bot,"['Y', 'N']",action,Green would you like to trade sheep for brick [Y/N]: ,N
bot,"[1, 2, 3, 4]",int,"1=Build, 2=Trade, 3=Dev Cards(Play/Select), 4=End: ",4
bot,"[2, 4]",int,"1=Build, 2=Trade, 3=Dev Cards(Play/Select), 4=End: ",4
bot,"range(0, 18)",int,Choosen a Tile [0-18] to move the Robber to: ,14
bot,"['Green', 'Red']",player,"Choose a player to steal from {'Green', 'Red'}: ",Green
bot,"['wood', 'sheep', 'wheat', 'ore']",resource,"Which resource would you like to discard: brick, wood, sheep, wheat, ore: ",sheep
bot,"['wood', 'sheep', 'wheat', 'ore']",resource,"Which resource would you like to discard: brick, wood, sheep, wheat, ore: ",ore
bot,"['sheep', 'wheat', 'wood']",resource,"Which resource would you like to discard: brick, wood, sheep, wheat, ore: ",sheep
bot,"['sheep', 'wheat', 'wood']",resource,"Which resource would you like to discard: brick, wood, sheep, wheat, ore: ",wheat
bot,"['sheep', 'ore', 'brick']",resource,"Which resource would you like to discard: brick, wood, sheep, wheat, ore: ",brick
bot,"['sheep', 'ore', 'brick']",resource,"Which resource would you like to discard: brick, wood, sheep, wheat, ore: ",sheep
bot,"['sheep', 'ore', 'brick']",resource,"Which resource would you like to discard: brick, wood, sheep, wheat, ore: ",brick
bot,"['sheep', 'ore']",resource,"Which resource would you like to discard: brick, wood, sheep, wheat, ore: ",ore
bot,"[2, 4]",int,"1=Build, 2=Trade, 3=Dev Cards(Play/Select), 4=End: ",4
bot,"[2, 4]",int,"1=Build, 2=Trade, 3=Dev Cards(Play/Select), 4=End: ",2
bot,"[1, 2, 3]",int,"Player Trade (1), Bank/Port Trade (2), Cancel (3): ",1
bot,"['brick', 'wood', 'sheep', 'wheat', 'ore']",resource,Which resource would you like to trade (give away): ,wood
bot,"[1, 2, 3, 4]",int,How many would you like to trade: ,1
bot,"['brick', 'wood', 'sheep', 'wheat', 'ore']",resource,Which resource would you like to trade: ,wheat
bot,"[1, 2, 3]",int,How many would you like to trade: ,1
bot,"['Y', 'N']",action,Red would you like to trade wood for wheat [Y/N]: ,N
bot,"['Y', 'N']",action,Yellow would you like to trade wood for wheat [Y/N]: ,N
bot,"[2, 4]",int,"1=Build, 2=Trade, 3=Dev Cards(Play/Select), 4=End: ",4
bot,"[2, 4]",int,"1=Build, 2=Trade, 3=Dev Cards(Play/Select), 4=End: ",4
bot,"[2, 4]",int,"1=Build, 2=Trade, 3=Dev Cards(Play/Select), 4=End: ",4
bot,"[2, 4]",int,"1=Build, 2=Trade, 3=Dev Cards(Play/Select), 4=End: ",2
bot,"[1, 2, 3]",int,"Player Trade (1), Bank/Port Trade (2), Cancel (3): ",2
bot,"['brick', 'wood', 'sheep', 'wheat', 'ore']",resource,Which resource would you like to trade (give away): ,brick
bot,"['brick', 'wood', 'sheep', 'wheat', 'ore']",resource,Which resource would you like to receive: ,wood
bot,"[1, 2, 3]",int,"Player Trade (1), Bank/Port Trade (2), Cancel (3): ",2
bot,"['brick', 'wood', 'sheep', 'wheat', 'ore']",resource,Which resource would you like to trade (give away): ,ore
bot,"['brick', 'wood', 'sheep', 'wheat', 'ore']",resource,Which resource would you like to receive: ,sheep
bot,"[1, 2, 3]",int,"Player Trade (1), Bank/Port Trade (2), Cancel (3): ",3
bot,"[2, 4]",int,"1=Build, 2=Trade, 3=Dev Cards(Play/Select), 4=End: ",4
bot,"[2, 4]",int,"1=Build, 2=Trade, 3=Dev Cards(Play/Select), 4=End: ",2
bot,"[1, 2, 3]",int,"Player Trade (1), Bank/Port Trade (2), Cancel (3): ",2
bot,"['brick', 'wood', 'sheep', 'wheat', 'ore']",resource,Which resource would you like to trade (give away): ,wheat
bot,"['brick', 'wood', 'sheep', 'wheat', 'ore']",resource,Which resource would you like to receive: ,wheat
bot,"[1, 2, 3]",int,"Player Trade (1), Bank/Port Trade (2), Cancel (3): ",3
bot,"[2, 4]",int,"1=Build, 2=Trade, 3=Dev Cards(Play/Select), 4=End: ",2
bot,"[1, 2, 3]",int,"Player Trade (1), Bank/Port Trade (2), Cancel (3): ",3
bot,"[2, 4]",int,"1=Build, 2=Trade, 3=Dev Cards(Play/Select), 4=End: ",2
bot,"[1, 2, 3]",int,"Player Trade (1), Bank/Port Trade (2), Cancel (3): ",2
bot,"['brick', 'wood', 'sheep', 'wheat', 'ore']",resource,Which resource would you like to trade (give away): ,wheat
bot,"['brick', 'wood', 'sheep', 'wheat', 'ore']",resource,Which resource would you like to receive: ,wheat
bot,"[1, 2, 3]",int,"Player Trade (1), Bank/Port Trade (2), Cancel (3): ",3
bot,"[2, 4]",int,"1=Build, 2=Trade, 3=Dev Cards(Play/Select), 4=End: ",2
bot,"[1, 2, 3]",int,"Player Trade (1), Bank/Port Trade (2), Cancel (3): ",1
bot,"['brick', 'wood', 'sheep', 'wheat', 'ore']",resource,Which resource would you like to trade (give away): ,sheep
bot,"[1, 2, 3, 4]",int,How many would you like to trade: ,4
bot,"['brick', 'wood', 'sheep', 'wheat', 'ore']",resource,Which resource would you like to trade: ,wood
bot,"[1, 2, 3]",int,How many would you like to trade: ,1
bot,"['Y', 'N']",action,Red would you like to trade sheep for wood [Y/N]: ,Y
bot,"['Y', 'N']",action,Yellow would you like to trade sheep for wood [Y/N]: ,N
bot,"['Y', 'N']",action,Blue would you like to trade sheep for wood [Y/N]: ,N
bot,"[2, 4]",int,"1=Build, 2=Trade, 3=Dev Cards(Play/Select), 4=End: ",4
bot,"[2, 4]",int,"1=Build, 2=Trade, 3=Dev Cards(Play/Select), 4=End: ",2
bot,"[1, 2, 3]",int,"Player Trade (1), Bank/Port Trade (2), Cancel (3): ",2
bot,"['brick', 'wood', 'sheep', 'wheat', 'ore']",resource,Which resource would you like to trade (give away): ,brick
bot,"['brick', 'wood', 'sheep', 'wheat', 'ore']",resource,Which resource would you like to receive: ,sheep
bot,"[1, 2, 3]",int,"Player Trade (1), Bank/Port Trade (2), Cancel (3): ",3
bot,"[2, 4]",int,"1=Build, 2=Trade, 3=Dev Cards(Play/Select), 4=End: ",4
bot,"[1, 2, 3, 4]",int,"1=Build, 2=Trade, 3=Dev Cards(Play/Select), 4=End: ",1
bot,"[1, 2, 3, 4]",int,"1=Settlement, 2=City, 3=Road, 4=End: ",3
bot,"[1, 2, 3, 4]",int,"1=Settlement, 2=City, 3=Road, 4=End: ",2
bot,"[1, 2, 3, 4]",int,"1=Settlement, 2=City, 3=Road, 4=End: ",2
bot,"[1, 2, 3, 4]",int,"1=Settlement, 2=City, 3=Road, 4=End: ",3
bot,"[1, 2, 3, 4]",int,"1=Settlement, 2=City, 3=Road, 4=End: ",2
bot,"[1, 2, 3, 4]",int,"1=Settlement, 2=City, 3=Road, 4=End: ",1
bot,"[1, 2, 3, 4]",int,"1=Settlement, 2=City, 3=Road, 4=End: ",3
bot,"[1, 2, 3, 4]",int,"1=Settlement, 2=City, 3=Road, 4=End: ",1
bot,"[1, 2, 3, 4]",int,"1=Settlement, 2=City, 3=Road, 4=End: ",1
bot,"[1, 2, 3, 4]",int,"1=Settlement, 2=City, 3=Road, 4=End: ",3
bot,"[1, 2, 3, 4]",int,"1=Settlement, 2=City, 3=Road, 4=End: ",3
bot,"[1, 2, 3, 4]",int,"1=Settlement, 2=City, 3=Road, 4=End: ",3
bot,"[1, 2, 3, 4]",int,"1=Settlement, 2=City, 3=Road, 4=End: ",1
bot,"[1, 2, 3, 4]",int,"1=Settlement, 2=City, 3=Road, 4=End: ",2
bot,"[1, 2, 3, 4]",int,"1=Settlement, 2=City, 3=Road, 4=End: ",2
bot,"[1, 2, 3, 4]",int,"1=Settlement, 2=City, 3=Road, 4=End: ",1
bot,"[1, 2, 3, 4]",int,"1=Settlement, 2=City, 3=Road, 4=End: ",1
bot,"[1, 2, 3, 4]",int,"1=Settlement, 2=City, 3=Road, 4=End: ",1
bot,"[1, 2, 3, 4]",int,"1=Settlement, 2=City, 3=Road, 4=End: ",2
bot,"[1, 2, 3, 4]",int,"1=Settlement, 2=City, 3=Road, 4=End: ",4
bot,"[1, 2, 3, 4]",int,"1=Build, 2=Trade, 3=Dev Cards(Play/Select), 4=End: ",4
bot,"[2, 4]",int,"1=Build, 2=Trade, 3=Dev Cards(Play/Select), 4=End: ",4
bot,"[2, 4]",int,"1=Build, 2=Trade, 3=Dev Cards(Play/Select), 4=End: ",4
bot,"range(0, 18)",int,Choosen a Tile [0-18] to move the Robber to: ,16
bot,['Yellow'],player,Choose a player to steal from {'Yellow'}: ,Yellow
bot,"['sheep', 'wheat', 'wood']",resource,"Which resource would you like to discard: brick, wood, sheep, wheat, ore: ",sheep
bot,"['sheep', 'wheat', 'wood']",resource,"Which resource would you like to discard: brick, wood, sheep, wheat, ore: ",sheep
bot,"['sheep', 'wheat', 'wood']",resource,"Which resource would you like to discard: brick, wood, sheep, wheat, ore: ",wheat
bot,"['sheep', 'wheat', 'wood']",resource,"Which resource would you like to discard: brick, wood, sheep, wheat, ore: ",sheep
bot,"['sheep', 'wheat', 'wood']",resource,"Which resource would you like to discard: brick, wood, sheep, wheat, ore: ",wheat
bot,"['wood', 'sheep', 'wheat', 'ore']",resource,"Which resource would you like to discard: brick, wood, sheep, wheat, ore: ",wheat
bot,"['wood', 'sheep', 'wheat', 'ore']",resource,"Which resource would you like to discard: brick, wood, sheep, wheat, ore: ",wood
bot,"['wood', 'sheep', 'wheat', 'ore']",resource,"Which resource would you like to discard: brick, wood, sheep, wheat, ore: ",sheep
bot,"['wood', 'sheep', 'wheat', 'ore']",resource,"Which resource would you like to discard: brick, wood, sheep, wheat, ore: ",wheat
bot,"['wood', 'sheep', 'ore']",resource,"Which resource would you like to discard: brick, wood, sheep, wheat, ore: ",ore
bot,"['sheep', 'ore', 'brick']",resource,"Which resource would you like to discard: brick, wood, sheep, wheat, ore: ",sheep
bot,"['sheep', 'ore', 'brick']",resource,"Which resource would you like to discard: brick, wood, sheep, wheat, ore: ",sheep
bot,"['sheep', 'ore', 'brick']",resource,"Which resource would you like to discard: brick, wood, sheep, wheat, ore: ",brick
bot,"['sheep', 'ore', 'brick']",resource,"Which resource would you like to discard: brick, wood, sheep, wheat, ore: ",sheep
bot,"[2, 4]",int,"1=Build, 2=Trade, 3=Dev Cards(Play/Select), 4=End: ",4
bot,"[2, 4]",int,"1=Build, 2=Trade, 3=Dev Cards(Play/Select), 4=End: ",2
bot,"[1, 2, 3]",int,"Player Trade (1), Bank/Port Trade (2), Cancel (3): ",2
bot,"['brick', 'wood', 'sheep', 'wheat', 'ore']",resource,Which resource would you like to trade (give away): ,sheep
bot,"['brick', 'wood', 'sheep', 'wheat', 'ore']",resource,Which resource would you like to receive: ,brick
bot,"[1, 2, 4]",int,"1=Build, 2=Trade, 3=Dev Cards(Play/Select), 4=End: ",2
bot,"[1, 2, 3]",int,"Player Trade (1), Bank/Port Trade (2), Cancel (3): ",2
bot,"['brick', 'wood', 'sheep', 'wheat', 'ore']",resource,Which resource would you like to trade (give away): ,ore
bot,"['brick', 'wood', 'sheep', 'wheat', 'ore']",resource,Which resource would you like to receive: ,brick
bot,"[1, 2, 3]",int,"Player Trade (1), Bank/Port Trade (2), Cancel (3): ",1
bot,"['brick', 'wood', 'sheep', 'wheat', 'ore']",resource,Which resource would you like to trade (give away): ,ore
bot,"[1, 2, 3, 4]",int,How many would you like to trade: ,2
bot,"['brick', 'wood', 'sheep', 'wheat', 'ore']",resource,Which resource would you like to trade: ,sheep
bot,"[1, 2, 3]",int,How many would you like to trade: ,2
bot,"['Y', 'N']",action,Green would you like to trade ore for sheep [Y/N]: ,Y
bot,"[1, 2, 4]",int,"1=Build, 2=Trade, 3=Dev Cards(Play/Select), 4=End: ",2
bot,"[1, 2, 3]",int,"Player Trade (1), Bank/Port Trade (2), Cancel (3): ",3
bot,"[1, 2, 4]",int,"1=Build, 2=Trade, 3=Dev Cards(Play/Select), 4=End: ",1
bot,"[1, 2, 3, 4]",int,"1=Settlement, 2=City, 3=Road, 4=End: ",1
bot,"[1, 2, 3, 4]",int,"1=Settlement, 2=City, 3=Road, 4=End: ",2
bot,"[1, 2, 3, 4]",int,"1=Settlement, 2=City, 3=Road, 4=End: ",4
bot,"[1, 2, 4]",int,"1=Build, 2=Trade, 3=Dev Cards(Play/Select), 4=End: ",1
bot,"[1, 2, 3, 4]",int,"1=Settlement, 2=City, 3=Road, 4=End: ",1
bot,"[1, 2, 3, 4]",int,"1=Settlement, 2=City, 3=Road, 4=End: ",4
bot,"[1, 2, 4]",int,"1=Build, 2=Trade, 3=Dev Cards(Play/Select), 4=End: ",2
bot,"[1, 2, 3]",int,"Player Trade (1), Bank/Port Trade (2), Cancel (3): ",1
bot,"['brick', 'wood', 'sheep', 'wheat', 'ore']",resource,Which resource would you like to trade (give away): ,wood
bot,"[1, 2, 3, 4]",int,How many would you like to trade: ,1
bot,"['brick', 'wood', 'sheep', 'wheat', 'ore']",resource,Which resource would you like to trade: ,brick
bot,"[1, 2, 3]",int,How many would you like to trade: ,2
bot,"['Y', 'N']",action,Red would you like to trade wood for brick [Y/N]: ,Y
bot,"[2, 4]",int,"1=Build, 2=Trade, 3=Dev Cards(Play/Select), 4=End: ",4
bot,"[2, 4]",int,"1=Build, 2=Trade, 3=Dev Cards(Play/Select), 4=End: ",4
bot,"range(0, 18)",int,Choosen a Tile [0-18] to move the Robber to: ,0
bot,['Red'],player,Choose a player to steal from {'Red'}: ,Red
bot,"['sheep', 'brick']",resource,"Which resource would you like to discard: brick, wood, sheep, wheat, ore: ",brick
bot,"['sheep', 'brick']",resource,"Which resource would you like to discard: brick, wood, sheep, wheat, ore: ",brick
bot,"['sheep', 'brick']",resource,"Which resource would you like to discard: brick, wood, sheep, wheat, ore: ",brick
bot,['sheep'],resource,"Which resource would you like to discard: brick, wood, sheep, wheat, ore: ",sheep
bot,"[2, 4]",int,"1=Build, 2=Trade, 3=Dev Cards(Play/Select), 4=End: ",2
bot,"[1, 2, 3]",int,"Player Trade (1), Bank/Port Trade (2), Cancel (3): ",2
bot,"['brick', 'wood', 'sheep', 'wheat', 'ore']",resource,Which resource would you like to trade (give away): ,wood
bot,"['brick', 'wood', 'sheep', 'wheat', 'ore']",resource,Which resource would you like to receive: ,wheat
bot,"[1, 2, 3]",int,"Player Trade (1), Bank/Port Trade (2), Cancel (3): ",2
bot,"['brick', 'wood', 'sheep', 'wheat', 'ore']",resource,Which resource would you like to trade (give away): ,brick
bot,"['brick', 'wood', 'sheep', 'wheat', 'ore']",resource,Which resource would you like to receive: ,brick
bot,"[1, 2, 3]",int,"Player Trade (1), Bank/Port Trade (2), Cancel (3): ",2
bot,"['brick', 'wood', 'sheep', 'wheat', 'ore']",resource,Which resource would you like to trade (give away): ,ore
bot,"['brick', 'wood', 'sheep', 'wheat', 'ore']",resource,Which resource would you like to receive: ,sheep
bot,"[1, 2, 3]",int,"Player Trade (1), Bank/Port Trade (2), Cancel (3): ",3
bot,"[2, 4]",int,"1=Build, 2=Trade, 3=Dev Cards(Play/Select), 4=End: ",4
bot,"range(0, 18)",int,Choosen a Tile [0-18] to move the Robber to: ,2
bot,"[2, 4]",int,"1=Build, 2=Trade, 3=Dev Cards(Play/Select), 4=End: ",2
bot,"[1, 2, 3]",int,"Player Trade (1), Bank/Port Trade (2), Cancel (3): ",2
bot,"['brick', 'wood', 'sheep', 'wheat', 'ore']",resource,Which resource would you like to trade (give away): ,wheat
bot,"['brick', 'wood', 'sheep', 'wheat', 'ore']",resource,Which resource would you like to receive: ,wheat
bot,"[1, 2, 3]",int,"Player Trade (1), Bank/Port Trade (2), Cancel (3): ",1
bot,"['brick', 'wood', 'sheep', 'wheat', 'ore']",resource,Which resource would you like to trade (give away): ,ore
bot,"[1, 2, 3, 4]",int,How many would you like to trade: ,3
bot,"['brick', 'wood', 'sheep', 'wheat', 'ore']",resource,Which resource would you like to trade: ,sheep
bot,"[1, 2, 3]",int,How many would you like to trade: ,1
bot,"['Y', 'N']",action,Yellow would you like to trade ore for sheep [Y/N]: ,Y
bot,"[2, 4]",int,"1=Build, 2=Trade, 3=Dev Cards(Play/Select), 4=End: ",2
bot,"[1, 2, 3]",int,"Player Trade (1), Bank/Port Trade (2), Cancel (3): ",1
bot,"['brick', 'wood', 'sheep', 'wheat', 'ore']",resource,Which resource would you like to trade (give away): ,brick
bot,"[1, 2, 3, 4]",int,How many would you like to trade: ,1
bot,"['brick', 'wood', 'sheep', 'wheat', 'ore']",resource,Which resource would you like to trade: ,sheep
bot,"[1, 2, 3]",int,How many would you like to trade: ,1
bot,"[2, 4]",int,"1=Build, 2=Trade, 3=Dev Cards(Play/Select), 4=End: ",4
bot,"[2, 4]",int,"1=Build, 2=Trade, 3=Dev Cards(Play/Select), 4=End: ",4
bot,"[2, 4]",int,"1=Build, 2=Trade, 3=Dev Cards(Play/Select), 4=End: ",2
bot,"[1, 2, 3]",int,"Player Trade (1), Bank/Port Trade (2), Cancel (3): ",1
bot,"['brick', 'wood', 'sheep', 'wheat', 'ore']",resource,Which resource would you like to trade (give away): ,ore
bot,"[1, 2, 3, 4]",int,How many would you like to trade: ,3
bot,"['brick', 'wood', 'sheep', 'wheat', 'ore']",resource,Which resource would you like to trade: ,sheep
bot,"[1, 2, 3]",int,How many would you like to trade: ,2
bot,"['Y', 'N']",action,Yellow would you like to trade ore for sheep [Y/N]: ,N
bot,"[2, 4]",int,"1=Build, 2=Trade, 3=Dev Cards(Play/Select), 4=End: ",2
bot,"[1, 2, 3]",int,"Player Trade (1), Bank/Port Trade (2), Cancel (3): ",3
bot,"[2, 4]",int,"1=Build, 2=Trade, 3=Dev Cards(Play/Select), 4=End: ",4
bot,"[2, 4]",int,"1=Build, 2=Trade, 3=Dev Cards(Play/Select), 4=End: ",4
bot,"[2, 4]",int,"1=Build, 2=Trade, 3=Dev Cards(Play/Select), 4=End: ",2
bot,"[1, 2, 3]",int,"Player Trade (1), Bank/Port Trade (2), Cancel (3): ",2
bot,"['brick', 'wood', 'sheep', 'wheat', 'ore']",resource,Which resource would you like to trade (give away): ,wheat
bot,"['brick', 'wood', 'sheep', 'wheat', 'ore']",resource,Which resource would you like to receive: ,wheat
bot,"[1, 2, 3]",int,"Player Trade (1), Bank/Port Trade (2), Cancel (3): ",3
bot,"[2, 4]",int,"1=Build, 2=Trade, 3=Dev Cards(Play/Select), 4=End: ",2
bot,"[1, 2, 3]",int,"Player Trade (1), Bank/Port Trade (2), Cancel (3): ",2
bot,"['brick', 'wood', 'sheep', 'wheat', 'ore']",resource,Which resource would you like to trade (give away): ,sheep
bot,"['brick', 'wood', 'sheep', 'wheat', 'ore']",resource,Which resource would you like to receive: ,wood
bot,"[1, 2, 3]",int,"Player Trade (1), Bank/Port Trade (2), Cancel (3): ",3
bot,"[2, 4]",int,"1=Build, 2=Trade, 3=Dev Cards(Play/Select), 4=End: ",2
bot,"[1, 2, 3]",int,"Player Trade (1), Bank/Port Trade (2), Cancel (3): ",3
bot,"[2, 4]",int,"1=Build, 2=Trade, 3=Dev Cards(Play/Select), 4=End: ",2
bot,"[1, 2, 3]",int,"Player Trade (1), Bank/Port Trade (2), Cancel (3): ",2
bot,"['brick', 'wood', 'sheep', 'wheat', 'ore']",resource,Which resource would you like to trade (give away): ,wheat
bot,"['brick', 'wood', 'sheep', 'wheat', 'ore']",resource,Which resource would you like to receive: ,ore
bot,"[1, 2, 3]",int,"Player Trade (1), Bank/Port Trade (2), Cancel (3): ",1
bot,"['brick', 'wood', 'sheep', 'wheat', 'ore']",resource,Which resource would you like to trade (give away): ,brick
bot,"[1, 2, 3, 4]",int,How many would you like to trade: ,3
bot,"['brick', 'wood', 'sheep', 'wheat', 'ore']",resource,Which resource would you like to trade: ,wheat
bot,"[1, 2, 3]",int,How many would you like to trade: ,2
bot,"[2, 4]",int,"1=Build, 2=Trade, 3=Dev Cards(Play/Select), 4=End: ",4
bot,"[2, 4]",int,"1=Build, 2=Trade, 3=Dev Cards(Play/Select), 4=End: ",4
bot,"[2, 4]",int,"1=Build, 2=Trade, 3=Dev Cards(Play/Select), 4=End: ",2
bot,"[1, 2, 3]",int,"Player Trade (1), Bank/Port Trade (2), Cancel (3): ",3
bot,"[2, 4]",int,"1=Build, 2=Trade, 3=Dev Cards(Play/Select), 4=End: ",4
bot,"[2, 4]",int,"1=Build, 2=Trade, 3=Dev Cards(Play/Select), 4=End: ",2
bot,"[1, 2, 3]",int,"Player Trade (1), Bank/Port Trade (2), Cancel (3): ",2
bot,"['brick', 'wood', 'sheep', 'wheat', 'ore']",resource,Which resource would you like to trade (give away): ,brick
bot,"['brick', 'wood', 'sheep', 'wheat', 'ore']",resource,Which resource would you like to receive: ,ore
bot,"[1, 2, 3]",int,"Player Trade (1), Bank/Port Trade (2), Cancel (3): ",1
bot,"['brick', 'wood', 'sheep', 'wheat', 'ore']",resource,Which resource would you like to trade (give away): ,wood
bot,"[1, 2, 3, 4]",int,How many would you like to trade: ,4
bot,"['brick', 'wood', 'sheep', 'wheat', 'ore']",resource,Which resource would you like to trade: ,sheep
bot,"[1, 2, 3]",int,How many would you like to trade: ,3
bot,"['Y', 'N']",action,Red would you like to trade wood for sheep [Y/N]: ,Y
bot,"['Y', 'N']",action,Yellow would you like to trade wood for sheep [Y/N]: ,Y
bot,"[2, 4]",int,"1=Build, 2=Trade, 3=Dev Cards(Play/Select), 4=End: ",4
bot,"range(0, 18)",int,Choosen a Tile [0-18] to move the Robber to: ,14
bot,['Green'],player,Choose a player to steal from {'Green'}: ,Green
bot,"['wood', 'sheep', 'ore']",resource,"Which resource would you like to discard: brick, wood, sheep, wheat, ore: ",ore
bot,"['sheep', 'wood']",resource,"Which resource would you like to discard: brick, wood, sheep, wheat, ore: ",sheep
bot,"['sheep', 'wood']",resource,"Which resource would you like to discard: brick, wood, sheep, wheat, ore: ",wood
bot,"['sheep', 'wood']",resource,"Which resource would you like to discard: brick, wood, sheep, wheat, ore: ",sheep
bot,"['wood', 'sheep', 'ore']",resource,"Which resource would you like to discard: brick, wood, sheep, wheat, ore: ",wood
bot,"['wood', 'sheep', 'ore']",resource,"Which resource would you like to discard: brick, wood, sheep, wheat, ore: ",sheep
bot,"['wood', 'sheep', 'ore']",resource,"Which resource would you like to discard: brick, wood, sheep, wheat, ore: ",sheep
bot,"['wood', 'sheep', 'ore']",resource,"Which resource would you like to discard: brick, wood, sheep, wheat, ore: ",sheep
bot,"['wood', 'sheep', 'ore']",resource,"Which resource would you like to discard: brick, wood, sheep, wheat, ore: ",wood
bot,"['wood', 'sheep', 'ore']",resource,"Which resource would you like to discard: brick, wood, sheep, wheat, ore: ",wood
bot,"['wood', 'sheep', 'ore']",resource,"Which resource would you like to discard: brick, wood, sheep, wheat, ore: ",sheep
bot,"['sheep', 'wheat']",resource,"Which resource would you like to discard: brick, wood, sheep, wheat, ore: ",wheat
bot,"['sheep', 'wheat']",resource,"Which resource would you like to discard: brick, wood, sheep, wheat, ore: ",sheep
bot,"['sheep', 'wheat']",resource,"Which resource would you like to discard: brick, wood, sheep, wheat, ore: ",sheep
bot,"['sheep', 'wheat']",resource,"Which resource would you like to discard: brick, wood, sheep, wheat, ore: ",wheat
bot,"['sheep', 'wheat']",resource,"Which resource would you like to discard: brick, wood, sheep, wheat, ore: ",wheat
bot,"['sheep', 'wheat']",resource,"Which resource would you like to discard: brick, wood, sheep, wheat, ore: ",wheat
bot,"[2, 4]",int,"1=Build, 2=Trade, 3=Dev Cards(Play/Select), 4=End: ",4
bot,"[2, 4]",int,"1=Build, 2=Trade, 3=Dev Cards(Play/Select), 4=End: ",4
bot,"[2, 4]",int,"1=Build, 2=Trade, 3=Dev Cards(Play/Select), 4=End: ",2
bot,"[1, 2, 3]",int,"Player Trade (1), Bank/Port Trade (2), Cancel (3): ",2
bot,"['brick', 'wood', 'sheep', 'wheat', 'ore']",resource,Which resource would you like to trade (give away): ,brick
bot,"['brick', 'wood', 'sheep', 'wheat', 'ore']",resource,Which resource would you like to receive: ,wood
bot,"[1, 2, 3]",int,"Player Trade (1), Bank/Port Trade (2), Cancel (3): ",3
bot,"[2, 4]",int,"1=Build, 2=Trade, 3=Dev Cards(Play/Select), 4=End: ",4
bot,"[2, 4]",int,"1=Build, 2=Trade, 3=Dev Cards(Play/Select), 4=End: ",4
bot,"[2, 4]",int,"1=Build, 2=Trade, 3=Dev Cards(Play/Select), 4=End: ",4
bot,"[2, 4]",int,"1=Build, 2=Trade, 3=Dev Cards(Play/Select), 4=End: ",4
bot,"[2, 4]",int,"1=Build, 2=Trade, 3=Dev Cards(Play/Select), 4=End: ",2
bot,"[1, 2, 3]",int,"Player Trade (1), Bank/Port Trade (2), Cancel (3): ",2
bot,"['brick', 'wood', 'sheep', 'wheat', 'ore']",resource,Which resource would you like to trade (give away): ,sheep
bot,"['brick', 'wood', 'sheep', 'wheat', 'ore']",resource,Which resource would you like to receive: ,sheep
bot,"[2, 4]",int,"1=Build, 2=Trade, 3=Dev Cards(Play/Select), 4=End: ",4
bot,"[1, 2, 4]",int,"1=Build, 2=Trade, 3=Dev Cards(Play/Select), 4=End: ",2
bot,"[1, 2, 3]",int,"Player Trade (1), Bank/Port Trade (2), Cancel (3): ",1
bot,"['brick', 'wood', 'sheep', 'wheat', 'ore']",resource,Which resource would you like to trade (give away): ,wheat
bot,"[1, 2, 3, 4]",int,How many would you like to trade: ,3
bot,"['brick', 'wood', 'sheep', 'wheat', 'ore']",resource,Which resource would you like to trade: ,sheep
bot,"[1, 2, 3]",int,How many would you like to trade: ,2
bot,"['Y', 'N']",action,Blue would you like to trade wheat for sheep [Y/N]: ,N
bot,"[1, 2, 4]",int,"1=Build, 2=Trade, 3=Dev Cards(Play/Select), 4=End: ",1
bot,"[1, 2, 3, 4]",int,"1=Settlement, 2=City, 3=Road, 4=End: ",3
bot,"[18, 23, 34, 19, 26, 34, 37, 45, 47, 45, 60]",int,Choose road location - [0-71]: ,23
bot,"[1, 2, 3, 4]",int,"1=Settlement, 2=City, 3=Road, 4=End: ",4
bot,"[2, 4]",int,"1=Build, 2=Trade, 3=Dev Cards(Play/Select), 4=End: ",2
bot,"[1, 2, 3]",int,"Player Trade (1), Bank/Port Trade (2), Cancel (3): ",1
bot,"['brick', 'wood', 'sheep', 'wheat', 'ore']",resource,Which resource would you like to trade (give away): ,wood
bot,"[1, 2, 3, 4]",int,How many would you like to trade: ,2
bot,"['brick', 'wood', 'sheep', 'wheat', 'ore']",resource,Which resource would you like to trade: ,brick
bot,"[1, 2, 3]",int,How many would you like to trade: ,1
bot,"['Y', 'N']",action,Red would you like to trade wood for brick [Y/N]: ,Y
bot,"['Y', 'N']",action,Yellow would you like to trade wood for brick [Y/N]: ,N
bot,"[2, 4]",int,"1=Build, 2=Trade, 3=Dev Cards(Play/Select), 4=End: ",2
bot,"[1, 2, 3]",int,"Player Trade (1), Bank/Port Trade (2), Cancel (3): ",2
bot,"['brick', 'wood', 'sheep', 'wheat', 'ore']",resource,Which resource would you like to trade (give away): ,wood
bot,"['brick', 'wood', 'sheep', 'wheat', 'ore']",resource,Which resource would you like to receive: ,wheat
bot,"[1, 2, 3]",int,"Player Trade (1), Bank/Port Trade (2), Cancel (3): ",2
bot,"['brick', 'wood', 'sheep', 'wheat', 'ore']",resource,Which resource would you like to trade (give away): ,wood
bot,"['brick', 'wood', 'sheep', 'wheat', 'ore']",resource,Which resource would you like to receive: ,brick
bot,"[1, 2, 3]",int,"Player Trade (1), Bank/Port Trade (2), Cancel (3): ",2
bot,"['brick', 'wood', 'sheep', 'wheat', 'ore']",resource,Which resource would you like to trade (give away): ,wheat
bot,"['brick', 'wood', 'sheep', 'wheat', 'ore']",resource,Which resource would you like to receive: ,wheat
bot,"[1, 2, 3]",int,"Player Trade (1), Bank/Port Trade (2), Cancel (3): ",2
bot,"['brick', 'wood', 'sheep', 'wheat', 'ore']",resource,Which resource would you like to trade (give away): ,wheat
bot,"['brick', 'wood', 'sheep', 'wheat', 'ore']",resource,Which resource would you like to receive: ,brick
bot,"[1, 2, 3]",int,"Player Trade (1), Bank/Port Trade (2), Cancel (3): ",2
bot,"['brick', 'wood', 'sheep', 'wheat', 'ore']",resource,Which resource would you like to trade (give away): ,wheat
bot,"['brick', 'wood', 'sheep', 'wheat', 'ore']",resource,Which resource would you like to receive: ,wheat
bot,"[1, 2, 3]",int,"Player Trade (1), Bank/Port Trade (2), Cancel (3): ",1
bot,"['brick', 'wood', 'sheep', 'wheat', 'ore']",resource,Which resource would you like to trade (give away): ,sheep
bot,"[1, 2, 3, 4]",int,How many would you like to trade: ,2
bot,"['brick', 'wood', 'sheep', 'wheat', 'ore']",resource,Which resource would you like to trade: ,ore
bot,"[1, 2, 3]",int,How many would you like to trade: ,3
bot,"['Y', 'N']",action,Yellow would you like to trade sheep for ore [Y/N]: ,N
bot,"['Y', 'N']",action,Blue would you like to trade sheep for ore [Y/N]: ,Y
bot,"[2, 4]",int,"1=Build, 2=Trade, 3=Dev Cards(Play/Select), 4=End: ",4
bot,"[2, 4]",int,"1=Build, 2=Trade, 3=Dev Cards(Play/Select), 4=End: ",4
bot,"[2, 4]",int,"1=Build, 2=Trade, 3=Dev Cards(Play/Select), 4=End: ",4
bot,"[1, 2, 3, 4]",int,"1=Build, 2=Trade, 3=Dev Cards(Play/Select), 4=End: ",1
bot,"[1, 2, 3, 4]",int,"1=Settlement, 2=City, 3=Road, 4=End: ",1
bot,"[1, 2, 3, 4]",int,"1=Settlement, 2=City, 3=Road, 4=End: ",1
bot,"[1, 2, 3, 4]",int,"1=Settlement, 2=City, 3=Road, 4=End: ",1
bot,"[1, 2, 3, 4]",int,"1=Settlement, 2=City, 3=Road, 4=End: ",1
bot,"[1, 2, 3, 4]",int,"1=Settlement, 2=City, 3=Road, 4=End: ",2
bot,"[1, 2, 3, 4]",int,"1=Settlement, 2=City, 3=Road, 4=End: ",4
bot,"[1, 2, 3, 4]",int,"1=Build, 2=Trade, 3=Dev Cards(Play/Select), 4=End: ",3
bot,"[1, 2, 3]",int,"1=Collect, 2=Play, 3=End:",3
bot,"[1, 2, 3, 4]",int,"1=Build, 2=Trade, 3=Dev Cards(Play/Select), 4=End: ",1
bot,"[1, 2, 3, 4]",int,"1=Settlement, 2=City, 3=Road, 4=End: ",3
bot,"[1, 2, 3, 4]",int,"1=Settlement, 2=City, 3=Road, 4=End: ",2
bot,"[1, 2, 3, 4]",int,"1=Settlement, 2=City, 3=Road, 4=End: ",1
bot,"[1, 2, 3, 4]",int,"1=Settlement, 2=City, 3=Road, 4=End: ",2
bot,"[1, 2, 3, 4]",int,"1=Settlement, 2=City, 3=Road, 4=End: ",1
bot,"[1, 2, 3, 4]",int,"1=Settlement, 2=City, 3=Road, 4=End: ",4
bot,"[1, 2, 3, 4]",int,"1=Build, 2=Trade, 3=Dev Cards(Play/Select), 4=End: ",3
bot,"[1, 2, 3]",int,"1=Collect, 2=Play, 3=End:",2
bot,"[1, 2, 3]",int,"1=Collect, 2=Play, 3=End:",3
bot,"[1, 2, 3, 4]",int,"1=Build, 2=Trade, 3=Dev Cards(Play/Select), 4=End: ",1
bot,"[1, 2, 3, 4]",int,"1=Settlement, 2=City, 3=Road, 4=End: ",4
bot,"[1, 2, 3, 4]",int,"1=Build, 2=Trade, 3=Dev Cards(Play/Select), 4=End: ",2
bot,"[1, 2, 3]",int,"Player Trade (1), Bank/Port Trade (2), Cancel (3): ",1
bot,"['brick', 'wood', 'sheep', 'wheat', 'ore']",resource,Which resource would you like to trade (give away): ,sheep
bot,"[1, 2, 3, 4]",int,How many would you like to trade: ,4
bot,"['brick', 'wood', 'sheep', 'wheat', 'ore']",resource,Which resource would you like to trade: ,wheat
bot,"[1, 2, 3]",int,How many would you like to trade: ,1
bot,"['Y', 'N']",action,Red would you like to trade sheep for wheat [Y/N]: ,Y
bot,"['Y', 'N']",action,Yellow would you like to trade sheep for wheat [Y/N]: ,Y
bot,"['Y', 'N']",action,Green would you like to trade sheep for wheat [Y/N]: ,N
bot,"[2, 4]",int,"1=Build, 2=Trade, 3=Dev Cards(Play/Select), 4=End: ",2
bot,"[1, 2, 3]",int,"Player Trade (1), Bank/Port Trade (2), Cancel (3): ",2
bot,"['brick', 'wood', 'sheep', 'wheat', 'ore']",resource,Which resource would you like to trade (give away): ,ore
bot,"['brick', 'wood', 'sheep', 'wheat', 'ore']",resource,Which resource would you like to receive: ,ore
bot,"[1, 2, 3]",int,"Player Trade (1), Bank/Port Trade (2), Cancel (3): ",3
bot,"[2, 4]",int,"1=Build, 2=Trade, 3=Dev Cards(Play/Select), 4=End: ",4
bot,"[2, 4]",int,"1=Build, 2=Trade, 3=Dev Cards(Play/Select), 4=End: ",4
bot,"[1, 2, 3, 4]",int,"1=Build, 2=Trade, 3=Dev Cards(Play/Select), 4=End: ",1
bot,"[1, 2, 3, 4]",int,"1=Settlement, 2=City, 3=Road, 4=End: ",4
bot,"[1, 2, 3, 4]",int,"1=Build, 2=Trade, 3=Dev Cards(Play/Select), 4=End: ",3
bot,"[1, 2, 3]",int,"1=Collect, 2=Play, 3=End:",1
bot,"[1, 2, 3]",int,"1=Collect, 2=Play, 3=End:",1
bot,"[1, 2, 3]",int,"1=Collect, 2=Play, 3=End:",2
bot,['knight'],card,"Which dev card would you like to play from - [Knight(color=None, played=True, player=None, name='knight'), Knight(color=None, played=False, player=None, name='knight')]: ",knight
bot,"range(0, 18)",int,Choosen a Tile [0-18] to move the Robber to: ,0
bot,"[1, 2, 4]",int,"1=Build, 2=Trade, 3=Dev Cards(Play/Select), 4=End: ",2
bot,"[1, 2, 3]",int,"Player Trade (1), Bank/Port Trade (2), Cancel (3): ",2
bot,"['brick', 'wood', 'sheep', 'wheat', 'ore']",resource,Which resource would you like to trade (give away): ,wood
bot,"['brick', 'wood', 'sheep', 'wheat', 'ore']",resource,Which resource would you like to receive: ,brick
bot,"[1, 2, 4]",int,"1=Build, 2=Trade, 3=Dev Cards(Play/Select), 4=End: ",1
bot,"[1, 2, 3, 4]",int,"1=Settlement, 2=City, 3=Road, 4=End: ",2
bot,"[9, 43]",int,Choose city location - [0-53]:,43
bot,"[1, 2, 3, 4]",int,"1=Settlement, 2=City, 3=Road, 4=End: ",2
bot,"[1, 2, 3, 4]",int,"1=Settlement, 2=City, 3=Road, 4=End: ",2
bot,"[1, 2, 3, 4]",int,"1=Settlement, 2=City, 3=Road, 4=End: ",2
bot,"[1, 2, 3, 4]",int,"1=Settlement, 2=City, 3=Road, 4=End: ",1
bot,"[1, 2, 3, 4]",int,"1=Settlement, 2=City, 3=Road, 4=End: ",3
bot,"[1, 2, 3, 4]",int,"1=Settlement, 2=City, 3=Road, 4=End: ",2
bot,"[1, 2, 3, 4]",int,"1=Settlement, 2=City, 3=Road, 4=End: ",2
bot,"[1, 2, 3, 4]",int,"1=Settlement, 2=City, 3=Road, 4=End: ",4
bot,"[2, 4]",int,"1=Build, 2=Trade, 3=Dev Cards(Play/Select), 4=End: ",2
bot,"[1, 2, 3]",int,"Player Trade (1), Bank/Port Trade (2), Cancel (3): ",2
bot,"['brick', 'wood', 'sheep', 'wheat', 'ore']",resource,Which resource would you like to trade (give away): ,brick
bot,"['brick', 'wood', 'sheep', 'wheat', 'ore']",resource,Which resource would you like to receive: ,wood
bot,"[1, 2, 3]",int,"Player Trade (1), Bank/Port Trade (2), Cancel (3): ",2
bot,"['brick', 'wood', 'sheep', 'wheat', 'ore']",resource,Which resource would you like to trade (give away): ,ore
bot,"['brick', 'wood', 'sheep', 'wheat', 'ore']",resource,Which resource would you like to receive: ,sheep
bot,"[1, 2, 3]",int,"Player Trade (1), Bank/Port Trade (2), Cancel (3): ",2
bot,"['brick', 'wood', 'sheep', 'wheat', 'ore']",resource,Which resource would you like to trade (give away): ,sheep
bot,"['brick', 'wood', 'sheep', 'wheat', 'ore']",resource,Which resource would you like to receive: ,sheep
bot,"[1, 2, 3]",int,"Player Trade (1), Bank/Port Trade (2), Cancel (3): ",2
bot,"['brick', 'wood', 'sheep', 'wheat', 'ore']",resource,Which resource would you like to trade (give away): ,wood
bot,"['brick', 'wood', 'sheep', 'wheat', 'ore']",resource,Which resource would you like to receive: ,sheep
bot,"[1, 2, 3]",int,"Player Trade (1), Bank/Port Trade (2), Cancel (3): ",1
bot,"['brick', 'wood', 'sheep', 'wheat', 'ore']",resource,Which resource would you like to trade (give away): ,wheat
bot,"[1, 2, 3, 4]",int,How many would you like to trade: ,3
bot,"['brick', 'wood', 'sheep', 'wheat', 'ore']",resource,Which resource would you like to trade: ,wood
bot,"[1, 2, 3]",int,How many would you like to trade: ,1
bot,"['Y', 'N']",action,Yellow would you like to trade wheat for wood [Y/N]: ,N
bot,"[2, 4]",int,"1=Build, 2=Trade, 3=Dev Cards(Play/Select), 4=End: ",4
bot,"range(0, 18)",int,Choosen a Tile [0-18] to move the Robber to: ,10
bot,"['Blue', 'Green']",player,"Choose a player to steal from {'Blue', 'Green'}: ",Green
bot,"['wood', 'sheep', 'wheat', 'ore']",resource,"Which resource would you like to discard: brick, wood, sheep, wheat, ore: ",wood
bot,"['wood', 'sheep', 'wheat', 'ore']",resource,"Which resource would you like to discard: brick, wood, sheep, wheat, ore: ",wheat
bot,"['wood', 'sheep', 'wheat', 'ore']",resource,"Which resource would you like to discard: brick, wood, sheep, wheat, ore: ",sheep
bot,"['wood', 'sheep', 'wheat', 'ore']",resource,"Which resource would you like to discard: brick, wood, sheep, wheat, ore: ",sheep
bot,"['wood', 'sheep', 'wheat', 'ore']",resource,"Which resource would you like to discard: brick, wood, sheep, wheat, ore: ",sheep
bot,"['wood', 'sheep', 'wheat', 'ore']",resource,"Which resource would you like to discard: brick, wood, sheep, wheat, ore: ",wheat
bot,"['wood', 'sheep', 'wheat', 'ore']",resource,"Which resource would you like to discard: brick, wood, sheep, wheat, ore: ",wood
bot,"['wood', 'sheep', 'wheat', 'ore']",resource,"Which resource would you like to discard: brick, wood, sheep, wheat, ore: ",sheep
bot,"['wood', 'sheep', 'wheat', 'ore']",resource,"Which resource would you like to discard: brick, wood, sheep, wheat, ore: ",wheat
bot,"['wood', 'sheep', 'wheat', 'ore']",resource,"Which resource would you like to discard: brick, wood, sheep, wheat, ore: ",wheat
bot,"['wood', 'sheep', 'ore']",resource,"Which resource would you like to discard: brick, wood, sheep, wheat, ore: ",sheep
bot,"[2, 4]",int,"1=Build, 2=Trade, 3=Dev Cards(Play/Select), 4=End: ",2
bot,"[1, 2, 3]",int,"Player Trade (1), Bank/Port Trade (2), Cancel (3): ",3
bot,"[2, 4]",int,"1=Build, 2=Trade, 3=Dev Cards(Play/Select), 4=End: ",2
bot,"[1, 2, 3]",int,"Player Trade (1), Bank/Port Trade (2), Cancel (3): ",3
bot,"[2, 4]",int,"1=Build, 2=Trade, 3=Dev Cards(Play/Select), 4=End: ",4
bot,"[2, 4]",int,"1=Build, 2=Trade, 3=Dev Cards(Play/Select), 4=End: ",2
bot,"[1, 2, 3]",int,"Player Trade (1), Bank/Port Trade (2), Cancel (3): ",1
bot,"['brick', 'wood', 'sheep', 'wheat', 'ore']",resource,Which resource would you like to trade (give away): ,brick
bot,"[1, 2, 3, 4]",int,How many would you like to trade: ,2
bot,"['brick', 'wood', 'sheep', 'wheat', 'ore']",resource,Which resource would you like to trade: ,sheep
bot,"[1, 2, 3]",int,How many would you like to trade: ,2
bot,"[2, 4]",int,"1=Build, 2=Trade, 3=Dev Cards(Play/Select), 4=End: ",4
bot,"[2, 4]",int,"1=Build, 2=Trade, 3=Dev Cards(Play/Select), 4=End: ",4
bot,"[2, 4]",int,"1=Build, 2=Trade, 3=Dev Cards(Play/Select), 4=End: ",4
bot,"range(0, 18)",int,Choosen a Tile [0-18] to move the Robber to: ,11
bot,"['wood', 'sheep', 'ore']",resource,"Which resource would you like to discard: brick, wood, sheep, wheat, ore: ",wood
bot,"['wood', 'sheep', 'ore']",resource,"Which resource would you like to discard: brick, wood, sheep, wheat, ore: ",ore
bot,"['wood', 'sheep', 'ore']",resource,"Which resource would you like to discard: brick, wood, sheep, wheat, ore: ",ore
bot,"['sheep', 'wood']",resource,"Which resource would you like to discard: brick, wood, sheep, wheat, ore: ",sheep
bot,"['sheep', 'wood']",resource,"Which resource would you like to discard: brick, wood, sheep, wheat, ore: ",sheep
bot,"['sheep', 'wood']",resource,"Which resource would you like to discard: brick, wood, sheep, wheat, ore: ",sheep
bot,"['sheep', 'wood']",resource,"Which resource would you like to discard: brick, wood, sheep, wheat, ore: ",sheep
bot,"['sheep', 'wood']",resource,"Which resource would you like to discard: brick, wood, sheep, wheat, ore: ",wood
bot,"['wood', 'sheep', 'ore']",resource,"Which resource would you like to discard: brick, wood, sheep, wheat, ore: ",ore
bot,"['wood', 'sheep', 'ore']",resource,"Which resource would you like to discard: brick, wood, sheep, wheat, ore: ",ore
bot,"['wood', 'sheep', 'ore']",resource,"Which resource would you like to discard: brick, wood, sheep, wheat, ore: ",sheep
bot,"['wood', 'sheep', 'ore']",resource,"Which resource would you like to discard: brick, wood, sheep, wheat, ore: ",sheep
bot,"[2, 4]",int,"1=Build, 2=Trade, 3=Dev Cards(Play/Select), 4=End: ",2
bot,"[1, 2, 3]",int,"Player Trade (1), Bank/Port Trade (2), Cancel (3): ",1
bot,"['brick', 'wood', 'sheep', 'wheat', 'ore']",resource,Which resource would you like to trade (give away): ,brick
bot,"[1, 2, 3, 4]",int,How many would you like to trade: ,4
bot,"['brick', 'wood', 'sheep', 'wheat', 'ore']",resource,Which resource would you like to trade: ,brick
bot,"[1, 2, 3]",int,How many would you like to trade: ,2
bot,"[2, 4]",int,"1=Build, 2=Trade, 3=Dev Cards(Play/Select), 4=End: ",2
bot,"[1, 2, 3]",int,"Player Trade (1), Bank/Port Trade (2), Cancel (3): ",1
bot,"['brick', 'wood', 'sheep', 'wheat', 'ore']",resource,Which resource would you like to trade (give away): ,sheep
bot,"[1, 2, 3, 4]",int,How many would you like to trade: ,1
bot,"['brick', 'wood', 'sheep', 'wheat', 'ore']",resource,Which resource would you like to trade: ,sheep
bot,"[1, 2, 3]",int,How many would you like to trade: ,2
bot,"['Y', 'N']",action,Blue would you like to trade sheep for sheep [Y/N]: ,Y
bot,"['Y', 'N']",action,Green would you like to trade sheep for sheep [Y/N]: ,N
bot,"[2, 4]",int,"1=Build, 2=Trade, 3=Dev Cards(Play/Select), 4=End: ",4
bot,"[2, 4]",int,"1=Build, 2=Trade, 3=Dev Cards(Play/Select), 4=End: ",4
bot,"[2, 4]",int,"1=Build, 2=Trade, 3=Dev Cards(Play/Select), 4=End: ",4
bot,"[2, 4]",int,"1=Build, 2=Trade, 3=Dev Cards(Play/Select), 4=End: ",2
bot,"[1, 2, 3]",int,"Player Trade (1), Bank/Port Trade (2), Cancel (3): ",2
bot,"['brick', 'wood', 'sheep', 'wheat', 'ore']",resource,Which resource would you like to trade (give away): ,brick
bot,"['brick', 'wood', 'sheep', 'wheat', 'ore']",resource,Which resource would you like to receive: ,ore
bot,"[1, 2, 3]",int,"Player Trade (1), Bank/Port Trade (2), Cancel (3): ",1
bot,"['brick', 'wood', 'sheep', 'wheat', 'ore']",resource,Which resource would you like to trade (give away): ,sheep
bot,"[1, 2, 3, 4]",int,How many would you like to trade: ,3
bot,"['brick', 'wood', 'sheep', 'wheat', 'ore']",resource,Which resource would you like to trade: ,brick
bot,"[1, 2, 3]",int,How many would you like to trade: ,2
bot,"['Y', 'N']",action,Yellow would you like to trade sheep for brick [Y/N]: ,N
bot,"['Y', 'N']",action,Blue would you like to trade sheep for brick [Y/N]: ,Y
bot,"['Y', 'N']",action,Green would you like to trade sheep for brick [Y/N]: ,N
bot,"[1, 2, 3, 4]",int,"1=Build, 2=Trade, 3=Dev Cards(Play/Select), 4=End: ",2
bot,"[1, 2, 3]",int,"Player Trade (1), Bank/Port Trade (2), Cancel (3): ",2
bot,"['brick', 'wood', 'sheep', 'wheat', 'ore']",resource,Which resource would you like to trade (give away): ,sheep
bot,"['brick', 'wood', 'sheep', 'wheat', 'ore']",resource,Which resource would you like to receive: ,sheep
bot,"[1, 2, 3]",int,"Player Trade (1), Bank/Port Trade (2), Cancel (3): ",3
bot,"[1, 2, 3, 4]",int,"1=Build, 2=Trade, 3=Dev Cards(Play/Select), 4=End: ",4
bot,"[2, 4]",int,"1=Build, 2=Trade, 3=Dev Cards(Play/Select), 4=End: ",4
bot,"range(0, 18)",int,Choosen a Tile [0-18] to move the Robber to: ,10
bot,['Green'],player,Choose a player to steal from {'Green'}: ,Green
bot,"['sheep', 'wood']",resource,"Which resource would you like to discard: brick, wood, sheep, wheat, ore: ",wood
bot,"['sheep', 'wood']",resource,"Which resource would you like to discard: brick, wood, sheep, wheat, ore: ",sheep
bot,"['sheep', 'wood']",resource,"Which resource would you like to discard: brick, wood, sheep, wheat, ore: ",sheep
bot,"['sheep', 'wood']",resource,"Which resource would you like to discard: brick, wood, sheep, wheat, ore: ",wood
bot,"['sheep', 'wood']",resource,"Which resource would you like to discard: brick, wood, sheep, wheat, ore: ",sheep
bot,"['sheep', 'wood']",resource,"Which resource would you like to discard: brick, wood, sheep, wheat, ore: ",wood
bot,"['sheep', 'ore', 'brick']",resource,"Which resource would you like to discard: brick, wood, sheep, wheat, ore: ",sheep
bot,"['sheep', 'ore', 'brick']",resource,"Which resource would you like to discard: brick, wood, sheep, wheat, ore: ",ore
bot,"['sheep', 'ore', 'brick']",resource,"Which resource would you like to discard: brick, wood, sheep, wheat, ore: ",ore
bot,"['sheep', 'brick']",resource,"Which resource would you like to discard: brick, wood, sheep, wheat, ore: ",brick
bot,"[2, 4]",int,"1=Build, 2=Trade, 3=Dev Cards(Play/Select), 4=End: ",2
bot,"[1, 2, 3]",int,"Player Trade (1), Bank/Port Trade (2), Cancel (3): ",2
bot,"['brick', 'wood', 'sheep', 'wheat', 'ore']",resource,Which resource would you like to trade (give away): ,ore
bot,"['brick', 'wood', 'sheep', 'wheat', 'ore']",resource,Which resource would you like to receive: ,ore
bot,"[1, 2, 3]",int,"Player Trade (1), Bank/Port Trade (2), Cancel (3): ",2
bot,"['brick', 'wood', 'sheep', 'wheat', 'ore']",resource,Which resource would you like to trade (give away): ,sheep
bot,"['brick', 'wood', 'sheep', 'wheat', 'ore']",resource,Which resource would you like to receive: ,ore
bot,"[1, 2, 3]",int,"Player Trade (1), Bank/Port Trade (2), Cancel (3): ",1
bot,"['brick', 'wood', 'sheep', 'wheat', 'ore']",resource,Which resource would you like to trade (give away): ,wheat
bot,"[1, 2, 3, 4]",int,How many would you like to trade: ,3
bot,"['brick', 'wood', 'sheep', 'wheat', 'ore']",resource,Which resource would you like to trade: ,ore
bot,"[1, 2, 3]",int,How many would you like to trade: ,1
bot,"['Y', 'N']",action,Red would you like to trade wheat for ore [Y/N]: ,N
bot,"[2, 4]",int,"1=Build, 2=Trade, 3=Dev Cards(Play/Select), 4=End: ",4
bot,"[2, 4]",int,"1=Build, 2=Trade, 3=Dev Cards(Play/Select), 4=End: ",4
bot,"[1, 2, 3, 4]",int,"1=Build, 2=Trade, 3=Dev Cards(Play/Select), 4=End: ",4
bot,"[2, 4]",int,"1=Build, 2=Trade, 3=Dev Cards(Play/Select), 4=End: ",4
bot,"[2, 4]",int,"1=Build, 2=Trade, 3=Dev Cards(Play/Select), 4=End: ",4
bot,"[2, 4]",int,"1=Build, 2=Trade, 3=Dev Cards(Play/Select), 4=End: ",4
bot,"[1, 2, 3, 4]",int,"1=Build, 2=Trade, 3=Dev Cards(Play/Select), 4=End: ",1
bot,"[1, 2, 3, 4]",int,"1=Settlement, 2=City, 3=Road, 4=End: ",2
bot,"[1, 2, 3, 4]",int,"1=Settlement, 2=City, 3=Road, 4=End: ",2
bot,"[1, 2, 3, 4]",int,"1=Settlement, 2=City, 3=Road, 4=End: ",1
bot,"[1, 2, 3, 4]",int,"1=Settlement, 2=City, 3=Road, 4=End: ",3
bot,"[1, 2, 3, 4]",int,"1=Settlement, 2=City, 3=Road, 4=End: ",3
bot,"[1, 2, 3, 4]",int,"1=Settlement, 2=City, 3=Road, 4=End: ",2
bot,"[1, 2, 3, 4]",int,"1=Settlement, 2=City, 3=Road, 4=End: ",1
bot,"[1, 2, 3, 4]",int,"1=Settlement, 2=City, 3=Road, 4=End: ",3
bot,"[1, 2, 3, 4]",int,"1=Settlement, 2=City, 3=Road, 4=End: ",2
bot,"[1, 2, 3, 4]",int,"1=Settlement, 2=City, 3=Road, 4=End: ",3
bot,"[1, 2, 3, 4]",int,"1=Settlement, 2=City, 3=Road, 4=End: ",2
bot,"[1, 2, 3, 4]",int,"1=Settlement, 2=City, 3=Road, 4=End: ",3
bot,"[1, 2, 3, 4]",int,"1=Settlement, 2=City, 3=Road, 4=End: ",1
bot,"[1, 2, 3, 4]",int,"1=Settlement, 2=City, 3=Road, 4=End: ",3
bot,"[1, 2, 3, 4]",int,"1=Settlement, 2=City, 3=Road, 4=End: ",1
bot,"[1, 2, 3, 4]",int,"1=Settlement, 2=City, 3=Road, 4=End: ",1
bot,"[1, 2, 3, 4]",int,"1=Settlement, 2=City, 3=Road, 4=End: ",3
bot,"[1, 2, 3, 4]",int,"1=Settlement, 2=City, 3=Road, 4=End: ",4
bot,"[1, 2, 3, 4]",int,"1=Build, 2=Trade, 3=Dev Cards(Play/Select), 4=End: ",4
bot,"[2, 4]",int,"1=Build, 2=Trade, 3=Dev Cards(Play/Select), 4=End: ",2
bot,"[1, 2, 3]",int,"Player Trade (1), Bank/Port Trade (2), Cancel (3): ",1
bot,"['brick', 'wood', 'sheep', 'wheat', 'ore']",resource,Which resource would you like to trade (give away): ,wheat
bot,"[1, 2, 3, 4]",int,How many would you like to trade: ,1
bot,"['brick', 'wood', 'sheep', 'wheat', 'ore']",resource,Which resource would you like to trade: ,brick
bot,"[1, 2, 3]",int,How many would you like to trade: ,2
bot,"['Y', 'N']",action,Red would you like to trade wheat for brick [Y/N]: ,Y
bot,"[2, 4]",int,"1=Build, 2=Trade, 3=Dev Cards(Play/Select), 4=End: ",4
bot,"[2, 4]",int,"1=Build, 2=Trade, 3=Dev Cards(Play/Select), 4=End: ",2
bot,"[1, 2, 3]",int,"Player Trade (1), Bank/Port Trade (2), Cancel (3): ",1
bot,"['brick', 'wood', 'sheep', 'wheat', 'ore']",resource,Which resource would you like to trade (give away): ,sheep
bot,"[1, 2, 3, 4]",int,How many would you like to trade: ,1
bot,"['brick', 'wood', 'sheep', 'wheat', 'ore']",resource,Which resource would you like to trade: ,wood
bot,"[1, 2, 3]",int,How many would you like to trade: ,2
bot,"['Y', 'N']",action,Red would you like to trade sheep for wood [Y/N]: ,N
bot,"['Y', 'N']",action,Yellow would you like to trade sheep for wood [Y/N]: ,N
bot,"['Y', 'N']",action,Green would you like to trade sheep for wood [Y/N]: ,Y
bot,"[2, 4]",int,"1=Build, 2=Trade, 3=Dev Cards(Play/Select), 4=End: ",4
bot,"[1, 2, 4]",int,"1=Build, 2=Trade, 3=Dev Cards(Play/Select), 4=End: ",2
bot,"[1, 2, 3]",int,"Player Trade (1), Bank/Port Trade (2), Cancel (3): ",1
bot,"['brick', 'wood', 'sheep', 'wheat', 'ore']",resource,Which resource would you like to trade (give away): ,ore
bot,"[1, 2, 3, 4]",int,How many would you like to trade: ,3
bot,"['brick', 'wood', 'sheep', 'wheat', 'ore']",resource,Which resource would you like to trade: ,sheep
bot,"[1, 2, 3]",int,How many would you like to trade: ,1
bot,"['Y', 'N']",action,Red would you like to trade ore for sheep [Y/N]: ,N
bot,"[1, 2, 4]",int,"1=Build, 2=Trade, 3=Dev Cards(Play/Select), 4=End: ",1
bot,"[1, 2, 3, 4]",int,"1=Settlement, 2=City, 3=Road, 4=End: ",2
bot,"[1, 2, 3, 4]",int,"1=Settlement, 2=City, 3=Road, 4=End: ",2
bot,"[1, 2, 3, 4]",int,"1=Settlement, 2=City, 3=Road, 4=End: ",2
bot,"[1, 2, 3, 4]",int,"1=Settlement, 2=City, 3=Road, 4=End: ",2
bot,"[1, 2, 3, 4]",int,"1=Settlement, 2=City, 3=Road, 4=End: ",4
bot,"[1, 2, 4]",int,"1=Build, 2=Trade, 3=Dev Cards(Play/Select), 4=End: ",1
bot,"[1, 2, 3, 4]",int,"1=Settlement, 2=City, 3=Road, 4=End: ",2
bot,"[1, 2, 3, 4]",int,"1=Settlement, 2=City, 3=Road, 4=End: ",4
bot,"[1, 2, 4]",int,"1=Build, 2=Trade, 3=Dev Cards(Play/Select), 4=End: ",1
bot,"[1, 2, 3, 4]",int,"1=Settlement, 2=City, 3=Road, 4=End: ",2
bot,"[1, 2, 3, 4]",int,"1=Settlement, 2=City, 3=Road, 4=End: ",3
bot,"[18, 33, 18, 34, 19, 26, 34, 37, 45, 47, 45, 60]",int,Choose road location - [0-71]: ,19
bot,"[1, 2, 3, 4]",int,"1=Settlement, 2=City, 3=Road, 4=End: ",4
bot,"[2, 4]",int,"1=Build, 2=Trade, 3=Dev Cards(Play/Select), 4=End: ",4
bot,"[1, 2, 3, 4]",int,"1=Build, 2=Trade, 3=Dev Cards(Play/Select), 4=End: ",3
bot,"[1, 2, 3]",int,"1=Collect, 2=Play, 3=End:",3
bot,"[1, 2, 3, 4]",int,"1=Build, 2=Trade, 3=Dev Cards(Play/Select), 4=End: ",4
bot,"[2, 4]",int,"1=Build, 2=Trade, 3=Dev Cards(Play/Select), 4=End: ",4
bot,"[2, 4]",int,"1=Build, 2=Trade, 3=Dev Cards(Play/Select), 4=End: ",4
bot,"[1, 2, 4]",int,"1=Build, 2=Trade, 3=Dev Cards(Play/Select), 4=End: ",2
bot,"[1, 2, 3]",int,"Player Trade (1), Bank/Port Trade (2), Cancel (3): ",1
bot,"['brick', 'wood', 'sheep', 'wheat', 'ore']",resource,Which resource would you like to trade (give away): ,brick
bot,"[1, 2, 3, 4]",int,How many would you like to trade: ,1
bot,"['brick', 'wood', 'sheep', 'wheat', 'ore']",resource,Which resource would you like to trade: ,sheep
bot,"[1, 2, 3]",int,How many would you like to trade: ,2
bot,"['Y', 'N']",action,Blue would you like to trade brick for sheep [Y/N]: ,Y
bot,"[1, 2, 4]",int,"1=Build, 2=Trade, 3=Dev Cards(Play/Select), 4=End: ",4
bot,"[1, 2, 3, 4]",int,"1=Build, 2=Trade, 3=Dev Cards(Play/Select), 4=End: ",2
bot,"[1, 2, 3]",int,"Player Trade (1), Bank/Port Trade (2), Cancel (3): ",3
bot,"[1, 2, 3, 4]",int,"1=Build, 2=Trade, 3=Dev Cards(Play/Select), 4=End: ",1
bot,"[1, 2, 3, 4]",int,"1=Settlement, 2=City, 3=Road, 4=End: ",3
bot,"[1, 2, 3, 4]",int,"1=Settlement, 2=City, 3=Road, 4=End: ",1
bot,"[1, 2, 3, 4]",int,"1=Settlement, 2=City, 3=Road, 4=End: ",3
bot,"[1, 2, 3, 4]",int,"1=Settlement, 2=City, 3=Road, 4=End: ",3
bot,"[1, 2, 3, 4]",int,"1=Settlement, 2=City, 3=Road, 4=End: ",1
bot,"[1, 2, 3, 4]",int,"1=Settlement, 2=City, 3=Road, 4=End: ",1
bot,"[1, 2, 3, 4]",int,"1=Settlement, 2=City, 3=Road, 4=End: ",3
bot,"[1, 2, 3, 4]",int,"1=Settlement, 2=City, 3=Road, 4=End: ",1
bot,"[1, 2, 3, 4]",int,"1=Settlement, 2=City, 3=Road, 4=End: ",4
bot,"[1, 2, 3, 4]",int,"1=Build, 2=Trade, 3=Dev Cards(Play/Select), 4=End: ",4
bot,"[2, 4]",int,"1=Build, 2=Trade, 3=Dev Cards(Play/Select), 4=End: ",2
bot,"[1, 2, 3]",int,"Player Trade (1), Bank/Port Trade (2), Cancel (3): ",1
bot,"['brick', 'wood', 'sheep', 'wheat', 'ore']",resource,Which resource would you like to trade (give away): ,brick
bot,"[1, 2, 3, 4]",int,How many would you like to trade: ,4
bot,"['brick', 'wood', 'sheep', 'wheat', 'ore']",resource,Which resource would you like to trade: ,wood
bot,"[1, 2, 3]",int,How many would you like to trade: ,2
bot,"['Y', 'N']",action,Blue would you like to trade brick for wood [Y/N]: ,Y
bot,"['Y', 'N']",action,Green would you like to trade brick for wood [Y/N]: ,Y
bot,"[2, 4]",int,"1=Build, 2=Trade, 3=Dev Cards(Play/Select), 4=End: ",4
bot,"[1, 2, 4]",int,"1=Build, 2=Trade, 3=Dev Cards(Play/Select), 4=End: ",2
bot,"[1, 2, 3]",int,"Player Trade (1), Bank/Port Trade (2), Cancel (3): ",1
bot,"['brick', 'wood', 'sheep', 'wheat', 'ore']",resource,Which resource would you like to trade (give away): ,brick
bot,"[1, 2, 3, 4]",int,How many would you like to trade: ,1
bot,"['brick', 'wood', 'sheep', 'wheat', 'ore']",resource,Which resource would you like to trade: ,wheat
bot,"[1, 2, 3]",int,How many would you like to trade: ,1
bot,"['Y', 'N']",action,Yellow would you like to trade brick for wheat [Y/N]: ,N
bot,"['Y', 'N']",action,Green would you like to trade brick for wheat [Y/N]: ,Y
bot,"[1, 2, 4]",int,"1=Build, 2=Trade, 3=Dev Cards(Play/Select), 4=End: ",4
bot,"[2, 4]",int,"1=Build, 2=Trade, 3=Dev Cards(Play/Select), 4=End: ",4
bot,"[1, 2, 3, 4]",int,"1=Build, 2=Trade, 3=Dev Cards(Play/Select), 4=End: ",1
bot,"[1, 2, 3, 4]",int,"1=Settlement, 2=City, 3=Road, 4=End: ",3
bot,"[1, 2, 3, 4]",int,"1=Settlement, 2=City, 3=Road, 4=End: ",2
bot,[9],int,Choose city location - [0-53]:,9
bot,"[1, 2, 3, 4]",int,"1=Settlement, 2=City, 3=Road, 4=End: ",4
bot,"[1, 2, 3, 4]",int,"1=Build, 2=Trade, 3=Dev Cards(Play/Select), 4=End: ",2
bot,"[1, 2, 3]",int,"Player Trade (1), Bank/Port Trade (2), Cancel (3): ",3
bot,"[1, 2, 3, 4]",int,"1=Build, 2=Trade, 3=Dev Cards(Play/Select), 4=End: ",2
bot,"[1, 2, 3]",int,"Player Trade (1), Bank/Port Trade (2), Cancel (3): ",3
bot,"[1, 2, 3, 4]",int,"1=Build, 2=Trade, 3=Dev Cards(Play/Select), 4=End: ",4
bot,"range(0, 18)",int,Choosen a Tile [0-18] to move the Robber to: ,17
bot,['Red'],player,Choose a player to steal from {'Red'}: ,Red
bot,"['sheep', 'wheat', 'wood']",resource,"Which resource would you like to discard: brick, wood, sheep, wheat, ore: ",wheat
bot,"['sheep', 'wheat', 'wood']",resource,"Which resource would you like to discard: brick, wood, sheep, wheat, ore: ",sheep
bot,"['sheep', 'wheat', 'wood']",resource,"Which resource would you like to discard: brick, wood, sheep, wheat, ore: ",wheat
bot,"['sheep', 'wheat', 'wood']",resource,"Which resource would you like to discard: brick, wood, sheep, wheat, ore: ",wheat
bot,"['sheep', 'wood']",resource,"Which resource would you like to discard: brick, wood, sheep, wheat, ore: ",sheep
bot,"['sheep', 'wood']",resource,"Which resource would you like to discard: brick, wood, sheep, wheat, ore: ",wood
bot,"['sheep', 'wood']",resource,"Which resource would you like to discard: brick, wood, sheep, wheat, ore: ",wood
bot,"['sheep', 'wheat', 'ore', 'brick']",resource,"Which resource would you like to discard: brick, wood, sheep, wheat, ore: ",ore
bot,"['sheep', 'wheat', 'brick']",resource,"Which resource would you like to discard: brick, wood, sheep, wheat, ore: ",sheep
bot,"['sheep', 'wheat', 'brick']",resource,"Which resource would you like to discard: brick, wood, sheep, wheat, ore: ",sheep
bot,"['sheep', 'wheat', 'brick']",resource,"Which resource would you like to discard: brick, wood, sheep, wheat, ore: ",brick
bot,"['sheep', 'wheat', 'brick']",resource,"Which resource would you like to discard: brick, wood, sheep, wheat, ore: ",sheep
bot,"['sheep', 'wheat', 'brick']",resource,"Which resource would you like to discard: brick, wood, sheep, wheat, ore: ",sheep
bot,"['sheep', 'wheat', 'brick']",resource,"Which resource would you like to discard: brick, wood, sheep, wheat, ore: ",sheep
bot,"['sheep', 'wheat', 'brick']",resource,"Which resource would you like to discard: brick, wood, sheep, wheat, ore: ",sheep
bot,"['sheep', 'wheat', 'brick']",resource,"Which resource would you like to discard: brick, wood, sheep, wheat, ore: ",sheep
bot,"['sheep', 'wood', 'brick']",resource,"Which resource would you like to discard: brick, wood, sheep, wheat, ore: ",brick
bot,"['sheep', 'wood', 'brick']",resource,"Which resource would you like to discard: brick, wood, sheep, wheat, ore: ",brick
bot,"['sheep', 'wood']",resource,"Which resource would you like to discard: brick, wood, sheep, wheat, ore: ",wood
bot,"['sheep', 'wood']",resource,"Which resource would you like to discard: brick, wood, sheep, wheat, ore: ",wood
bot,"['sheep', 'wood']",resource,"Which resource would you like to discard: brick, wood, sheep, wheat, ore: ",wood
bot,['sheep'],resource,"Which resource would you like to discard: brick, wood, sheep, wheat, ore: ",sheep
bot,"['wood', 'sheep', 'ore', 'brick']",resource,"Which resource would you like to discard: brick, wood, sheep, wheat, ore: ",sheep
bot,"['wood', 'sheep', 'ore', 'brick']",resource,"Which resource would you like to discard: brick, wood, sheep, wheat, ore: ",ore
bot,"['wood', 'sheep', 'ore', 'brick']",resource,"Which resource would you like to discard: brick, wood, sheep, wheat, ore: ",brick
bot,"['wood', 'sheep', 'ore']",resource,"Which resource would you like to discard: brick, wood, sheep, wheat, ore: ",ore
bot,"['wood', 'sheep', 'ore']",resource,"Which resource would you like to discard: brick, wood, sheep, wheat, ore: ",ore
bot,"['wood', 'sheep', 'ore']",resource,"Which resource would you like to discard: brick, wood, sheep, wheat, ore: ",wood
bot,"['wood', 'sheep', 'ore']",resource,"Which resource would you like to discard: brick, wood, sheep, wheat, ore: ",ore
bot,"['wood', 'sheep', 'ore']",resource,"Which resource would you like to discard: brick, wood, sheep, wheat, ore: ",sheep
bot,"[2, 4]",int,"1=Build, 2=Trade, 3=Dev Cards(Play/Select), 4=End: ",4
bot,"[2, 4]",int,"1=Build, 2=Trade, 3=Dev Cards(Play/Select), 4=End: ",4
bot,"[2, 4]",int,"1=Build, 2=Trade, 3=Dev Cards(Play/Select), 4=End: ",2
bot,"[1, 2, 3]",int,"Player Trade (1), Bank/Port Trade (2), Cancel (3): ",2
bot,"['brick', 'wood', 'sheep', 'wheat', 'ore']",resource,Which resource would you like to trade (give away): ,sheep
bot,"['brick', 'wood', 'sheep', 'wheat', 'ore']",resource,Which resource would you like to receive: ,brick
bot,"[1, 2, 3]",int,"Player Trade (1), Bank/Port Trade (2), Cancel (3): ",1
bot,"['brick', 'wood', 'sheep', 'wheat', 'ore']",resource,Which resource would you like to trade (give away): ,brick
bot,"[1, 2, 3, 4]",int,How many would you like to trade: ,1
bot,"['brick', 'wood', 'sheep', 'wheat', 'ore']",resource,Which resource would you like to trade: ,ore
bot,"[1, 2, 3]",int,How many would you like to trade: ,1
bot,"['Y', 'N']",action,Yellow would you like to trade brick for ore [Y/N]: ,Y
bot,"[1, 2, 4]",int,"1=Build, 2=Trade, 3=Dev Cards(Play/Select), 4=End: ",1
bot,"[1, 2, 3, 4]",int,"1=Settlement, 2=City, 3=Road, 4=End: ",2
bot,"[1, 2, 3, 4]",int,"1=Settlement, 2=City, 3=Road, 4=End: ",2
bot,"[1, 2, 3, 4]",int,"1=Settlement, 2=City, 3=Road, 4=End: ",1
bot,"[1, 2, 3, 4]",int,"1=Settlement, 2=City, 3=Road, 4=End: ",3
bot,"[11, 26, 18, 33, 18, 34, 26, 34, 37, 45, 47, 45, 60]",int,Choose road location - [0-71]: ,34
bot,"[1, 2, 3, 4]",int,"1=Settlement, 2=City, 3=Road, 4=End: ",1
bot,"[1, 2, 3, 4]",int,"1=Settlement, 2=City, 3=Road, 4=End: ",4
bot,"[2, 4]",int,"1=Build, 2=Trade, 3=Dev Cards(Play/Select), 4=End: ",4
bot,"[2, 4]",int,"1=Build, 2=Trade, 3=Dev Cards(Play/Select), 4=End: ",2
bot,"[1, 2, 3]",int,"Player Trade (1), Bank/Port Trade (2), Cancel (3): ",3
bot,"[2, 4]",int,"1=Build, 2=Trade, 3=Dev Cards(Play/Select), 4=End: ",2
bot,"[1, 2, 3]",int,"Player Trade (1), Bank/Port Trade (2), Cancel (3): ",3
bot,"[2, 4]",int,"1=Build, 2=Trade, 3=Dev Cards(Play/Select), 4=End: ",2
bot,"[1, 2, 3]",int,"Player Trade (1), Bank/Port Trade (2), Cancel (3): ",1
bot,"['brick', 'wood', 'sheep', 'wheat', 'ore']",resource,Which resource would you like to trade (give away): ,wood
bot,"[1, 2, 3, 4]",int,How many would you like to trade: ,2
bot,"['brick', 'wood', 'sheep', 'wheat', 'ore']",resource,Which resource would you like to trade: ,wheat
bot,"[1, 2, 3]",int,How many would you like to trade: ,2
bot,"['Y', 'N']",action,Green would you like to trade wood for wheat [Y/N]: ,N
bot,"[2, 4]",int,"1=Build, 2=Trade, 3=Dev Cards(Play/Select), 4=End: ",4
bot,"[1, 2, 3, 4]",int,"1=Build, 2=Trade, 3=Dev Cards(Play/Select), 4=End: ",2
bot,"[1, 2, 3]",int,"Player Trade (1), Bank/Port Trade (2), Cancel (3): ",1
bot,"['brick', 'wood', 'sheep', 'wheat', 'ore']",resource,Which resource would you like to trade (give away): ,wood
bot,"[1, 2, 3, 4]",int,How many would you like to trade: ,2
bot,"['brick', 'wood', 'sheep', 'wheat', 'ore']",resource,Which resource would you like to trade: ,sheep
bot,"[1, 2, 3]",int,How many would you like to trade: ,3
bot,"['Y', 'N']",action,Red would you like to trade wood for sheep [Y/N]: ,Y
bot,"['Y', 'N']",action,Green would you like to trade wood for sheep [Y/N]: ,Y
bot,"[1, 2, 3, 4]",int,"1=Build, 2=Trade, 3=Dev Cards(Play/Select), 4=End: ",4
bot,"[2, 4]",int,"1=Build, 2=Trade, 3=Dev Cards(Play/Select), 4=End: ",2
bot,"[1, 2, 3]",int,"Player Trade (1), Bank/Port Trade (2), Cancel (3): ",1
bot,"['brick', 'wood', 'sheep', 'wheat', 'ore']",resource,Which resource would you like to trade (give away): ,wheat
bot,"[1, 2, 3, 4]",int,How many would you like to trade: ,2
bot,"['brick', 'wood', 'sheep', 'wheat', 'ore']",resource,Which resource would you like to trade: ,ore
bot,"[1, 2, 3]",int,How many would you like to trade: ,2
bot,"['Y', 'N']",action,Red would you like to trade wheat for ore [Y/N]: ,N
bot,"['Y', 'N']",action,Yellow would you like to trade wheat for ore [Y/N]: ,N
bot,"[2, 4]",int,"1=Build, 2=Trade, 3=Dev Cards(Play/Select), 4=End: ",2
bot,"[1, 2, 3]",int,"Player Trade (1), Bank/Port Trade (2), Cancel (3): ",1
bot,"['brick', 'wood', 'sheep', 'wheat', 'ore']",resource,Which resource would you like to trade (give away): ,brick
bot,"[1, 2, 3, 4]",int,How many would you like to trade: ,4
bot,"['brick', 'wood', 'sheep', 'wheat', 'ore']",resource,Which resource would you like to trade: ,brick
bot,"[1, 2, 3]",int,How many would you like to trade: ,3
bot,"[2, 4]",int,"1=Build, 2=Trade, 3=Dev Cards(Play/Select), 4=End: ",2
bot,"[1, 2, 3]",int,"Player Trade (1), Bank/Port Trade (2), Cancel (3): ",3
bot,"[2, 4]",int,"1=Build, 2=Trade, 3=Dev Cards(Play/Select), 4=End: ",4
bot,"[1, 2, 4]",int,"1=Build, 2=Trade, 3=Dev Cards(Play/Select), 4=End: ",2
bot,"[1, 2, 3]",int,"Player Trade (1), Bank/Port Trade (2), Cancel (3): ",1
bot,"['brick', 'wood', 'sheep', 'wheat', 'ore']",resource,Which resource would you like to trade (give away): ,sheep
bot,"[1, 2, 3, 4]",int,How many would you like to trade: ,3
bot,"['brick', 'wood', 'sheep', 'wheat', 'ore']",resource,Which resource would you like to trade: ,wood
bot,"[1, 2, 3]",int,How many would you like to trade: ,1
bot,"['Y', 'N']",action,Red would you like to trade sheep for wood [Y/N]: ,N
bot,"['Y', 'N']",action,Yellow would you like to trade sheep for wood [Y/N]: ,N
bot,"['Y', 'N']",action,Blue would you like to trade sheep for wood [Y/N]: ,N
bot,"[1, 2, 4]",int,"1=Build, 2=Trade, 3=Dev Cards(Play/Select), 4=End: ",4
bot,"[2, 4]",int,"1=Build, 2=Trade, 3=Dev Cards(Play/Select), 4=End: ",2
bot,"[1, 2, 3]",int,"Player Trade (1), Bank/Port Trade (2), Cancel (3): ",1
bot,"['brick', 'wood', 'sheep', 'wheat', 'ore']",resource,Which resource would you like to trade (give away): ,wood
bot,"[1, 2, 3, 4]",int,How many would you like to trade: ,1
bot,"['brick', 'wood', 'sheep', 'wheat', 'ore']",resource,Which resource would you like to trade: ,wheat
bot,"[1, 2, 3]",int,How many would you like to trade: ,3
bot,"['Y', 'N']",action,Yellow would you like to trade wood for wheat [Y/N]: ,N
bot,"[2, 4]",int,"1=Build, 2=Trade, 3=Dev Cards(Play/Select), 4=End: ",4
bot,"[1, 2, 3, 4]",int,"1=Build, 2=Trade, 3=Dev Cards(Play/Select), 4=End: ",4
bot,"[2, 4]",int,"1=Build, 2=Trade, 3=Dev Cards(Play/Select), 4=End: ",4
bot,"[1, 2, 4]",int,"1=Build, 2=Trade, 3=Dev Cards(Play/Select), 4=End: ",2
bot,"[1, 2, 3]",int,"Player Trade (1), Bank/Port Trade (2), Cancel (3): ",2
bot,"['brick', 'wood', 'sheep', 'wheat', 'ore']",resource,Which resource would you like to trade (give away): ,wood
bot,"['brick', 'wood', 'sheep', 'wheat', 'ore']",resource,Which resource would you like to receive: ,sheep
bot,"[1, 2, 3]",int,"Player Trade (1), Bank/Port Trade (2), Cancel (3): ",1
bot,"['brick', 'wood', 'sheep', 'wheat', 'ore']",resource,Which resource would you like to trade (give away): ,brick
bot,"[1, 2, 3, 4]",int,How many would you like to trade: ,2
bot,"['brick', 'wood', 'sheep', 'wheat', 'ore']",resource,Which resource would you like to trade: ,ore
bot,"[1, 2, 3]",int,How many would you like to trade: ,2
bot,"[1, 2, 4]",int,"1=Build, 2=Trade, 3=Dev Cards(Play/Select), 4=End: ",2
bot,"[1, 2, 3]",int,"Player Trade (1), Bank/Port Trade (2), Cancel (3): ",3
bot,"[1, 2, 4]",int,"1=Build, 2=Trade, 3=Dev Cards(Play/Select), 4=End: ",1
bot,"[1, 2, 3, 4]",int,"1=Settlement, 2=City, 3=Road, 4=End: ",3
bot,"[11, 26, 18, 33, 18, 26, 40, 41, 37, 45, 47, 45, 60]",int,Choose road location - [0-71]: ,18
bot,"[1, 2, 3, 4]",int,"1=Settlement, 2=City, 3=Road, 4=End: ",3
bot,"[1, 2, 3, 4]",int,"1=Settlement, 2=City, 3=Road, 4=End: ",2
bot,"[1, 2, 3, 4]",int,"1=Settlement, 2=City, 3=Road, 4=End: ",4
bot,"[2, 4]",int,"1=Build, 2=Trade, 3=Dev Cards(Play/Select), 4=End: ",2
bot,"[1, 2, 3]",int,"Player Trade (1), Bank/Port Trade (2), Cancel (3): ",2
bot,"['brick', 'wood', 'sheep', 'wheat', 'ore']",resource,Which resource would you like to trade (give away): ,sheep
bot,"['brick', 'wood', 'sheep', 'wheat', 'ore']",resource,Which resource would you like to receive: ,sheep
bot,"[2, 4]",int,"1=Build, 2=Trade, 3=Dev Cards(Play/Select), 4=End: ",4
bot,"[1, 2, 3, 4]",int,"1=Build, 2=Trade, 3=Dev Cards(Play/Select), 4=End: ",2
bot,"[1, 2, 3]",int,"Player Trade (1), Bank/Port Trade (2), Cancel (3): ",1
bot,"['brick', 'wood', 'sheep', 'wheat', 'ore']",resource,Which resource would you like to trade (give away): ,wheat
bot,"[1, 2, 3, 4]",int,How many would you like to trade: ,2
bot,"['brick', 'wood', 'sheep', 'wheat', 'ore']",resource,Which resource would you like to trade: ,wood
bot,"[1, 2, 3]",int,How many would you like to trade: ,3
bot,"['Y', 'N']",action,Yellow would you like to trade wheat for wood [Y/N]: ,N
bot,"[1, 2, 3, 4]",int,"1=Build, 2=Trade, 3=Dev Cards(Play/Select), 4=End: ",4
bot,"range(0, 18)",int,Choosen a Tile [0-18] to move the Robber to: ,1
bot,"['wood', 'sheep', 'wheat', 'ore']",resource,"Which resource would you like to discard: brick, wood, sheep, wheat, ore: ",wheat
bot,"['wood', 'sheep', 'wheat', 'ore']",resource,"Which resource would you like to discard: brick, wood, sheep, wheat, ore: ",sheep
bot,"['wood', 'sheep', 'wheat', 'ore']",resource,"Which resource would you like to discard: brick, wood, sheep, wheat, ore: ",ore
bot,"['wood', 'sheep', 'wheat', 'ore']",resource,"Which resource would you like to discard: brick, wood, sheep, wheat, ore: ",sheep
bot,"['wood', 'sheep', 'wheat', 'ore']",resource,"Which resource would you like to discard: brick, wood, sheep, wheat, ore: ",wood
bot,"['wood', 'sheep', 'wheat', 'ore']",resource,"Which resource would you like to discard: brick, wood, sheep, wheat, ore: ",wheat
bot,"['wood', 'sheep', 'ore']",resource,"Which resource would you like to discard: brick, wood, sheep, wheat, ore: ",sheep
bot,"['wood', 'sheep', 'ore']",resource,"Which resource would you like to discard: brick, wood, sheep, wheat, ore: ",ore
bot,"['sheep', 'wood', 'ore', 'brick', 'wheat']",resource,"Which resource would you like to discard: brick, wood, sheep, wheat, ore: ",wood
bot,"['sheep', 'wood', 'ore', 'brick', 'wheat']",resource,"Which resource would you like to discard: brick, wood, sheep, wheat, ore: ",wood
bot,"['sheep', 'wood', 'ore', 'brick', 'wheat']",resource,"Which resource would you like to discard: brick, wood, sheep, wheat, ore: ",brick
bot,"['wood', 'sheep', 'wheat', 'ore']",resource,"Which resource would you like to discard: brick, wood, sheep, wheat, ore: ",ore
bot,"['sheep', 'wheat', 'wood']",resource,"Which resource would you like to discard: brick, wood, sheep, wheat, ore: ",wheat
bot,"['sheep', 'wheat', 'wood']",resource,"Which resource would you like to discard: brick, wood, sheep, wheat, ore: ",wood
bot,"['sheep', 'wheat', 'wood']",resource,"Which resource would you like to discard: brick, wood, sheep, wheat, ore: ",wood
bot,"['sheep', 'wheat', 'wood']",resource,"Which resource would you like to discard: brick, wood, sheep, wheat, ore: ",sheep
bot,"['sheep', 'wheat', 'wood']",resource,"Which resource would you like to discard: brick, wood, sheep, wheat, ore: ",wood
bot,"['sheep', 'wheat', 'wood']",resource,"Which resource would you like to discard: brick, wood, sheep, wheat, ore: ",sheep
bot,"['sheep', 'brick']",resource,"Which resource would you like to discard: brick, wood, sheep, wheat, ore: ",brick
bot,['sheep'],resource,"Which resource would you like to discard: brick, wood, sheep, wheat, ore: ",sheep
bot,['sheep'],resource,"Which resource would you like to discard: brick, wood, sheep, wheat, ore: ",sheep
bot,['sheep'],resource,"Which resource would you like to discard: brick, wood, sheep, wheat, ore: ",sheep
bot,['sheep'],resource,"Which resource would you like to discard: brick, wood, sheep, wheat, ore: ",sheep
bot,['sheep'],resource,"Which resource would you like to discard: brick, wood, sheep, wheat, ore: ",sheep
bot,"[2, 4]",int,"1=Build, 2=Trade, 3=Dev Cards(Play/Select), 4=End: ",4
bot,"[2, 4]",int,"1=Build, 2=Trade, 3=Dev Cards(Play/Select), 4=End: ",4
bot,"[2, 4]",int,"1=Build, 2=Trade, 3=Dev Cards(Play/Select), 4=End: ",4
bot,"[2, 4]",int,"1=Build, 2=Trade, 3=Dev Cards(Play/Select), 4=End: ",2
bot,"[1, 2, 3]",int,"Player Trade (1), Bank/Port Trade (2), Cancel (3): ",3
bot,"[2, 4]",int,"1=Build, 2=Trade, 3=Dev Cards(Play/Select), 4=End: ",2
bot,"[1, 2, 3]",int,"Player Trade (1), Bank/Port Trade (2), Cancel (3): ",3
bot,"[2, 4]",int,"1=Build, 2=Trade, 3=Dev Cards(Play/Select), 4=End: ",2
bot,"[1, 2, 3]",int,"Player Trade (1), Bank/Port Trade (2), Cancel (3): ",1
bot,"['brick', 'wood', 'sheep', 'wheat', 'ore']",resource,Which resource would you like to trade (give away): ,ore
bot,"[1, 2, 3, 4]",int,How many would you like to trade: ,4
bot,"['brick', 'wood', 'sheep', 'wheat', 'ore']",resource,Which resource would you like to trade: ,brick
bot,"[1, 2, 3]",int,How many would you like to trade: ,2
bot,"['Y', 'N']",action,Green would you like to trade ore for brick [Y/N]: ,N
bot,"[2, 4]",int,"1=Build, 2=Trade, 3=Dev Cards(Play/Select), 4=End: ",4
bot,"[2, 4]",int,"1=Build, 2=Trade, 3=Dev Cards(Play/Select), 4=End: ",4
bot,"[2, 4]",int,"1=Build, 2=Trade, 3=Dev Cards(Play/Select), 4=End: ",4
bot,"[2, 4]",int,"1=Build, 2=Trade, 3=Dev Cards(Play/Select), 4=End: ",4
bot,"range(0, 18)",int,Choosen a Tile [0-18] to move the Robber to: ,10
bot,"['Blue', 'Green']",player,"Choose a player to steal from {'Blue', 'Green'}: ",Blue
bot,"['sheep', 'wheat', 'wood']",resource,"Which resource would you like to discard: brick, wood, sheep, wheat, ore: ",wood
bot,"['sheep', 'wheat', 'wood']",resource,"Which resource would you like to discard: brick, wood, sheep, wheat, ore: ",wheat
bot,"['sheep', 'wheat', 'wood']",resource,"Which resource would you like to discard: brick, wood, sheep, wheat, ore: ",wood
bot,"['sheep', 'wheat', 'wood']",resource,"Which resource would you like to discard: brick, wood, sheep, wheat, ore: ",wheat
bot,"['sheep', 'wood']",resource,"Which resource would you like to discard: brick, wood, sheep, wheat, ore: ",wood
bot,"['sheep', 'wood']",resource,"Which resource would you like to discard: brick, wood, sheep, wheat, ore: ",wood
bot,"['sheep', 'wood']",resource,"Which resource would you like to discard: brick, wood, sheep, wheat, ore: ",wood
bot,"['sheep', 'wood']",resource,"Which resource would you like to discard: brick, wood, sheep, wheat, ore: ",wood
bot,"['sheep', 'wheat', 'wood']",resource,"Which resource would you like to discard: brick, wood, sheep, wheat, ore: ",wheat
bot,"['sheep', 'wheat', 'wood']",resource,"Which resource would you like to discard: brick, wood, sheep, wheat, ore: ",sheep
bot,"['sheep', 'wheat', 'wood']",resource,"Which resource would you like to discard: brick, wood, sheep, wheat, ore: ",wheat
bot,"['sheep', 'wheat', 'wood']",resource,"Which resource would you like to discard: brick, wood, sheep, wheat, ore: ",wood
bot,"['sheep', 'wheat', 'wood']",resource,"Which resource would you like to discard: brick, wood, sheep, wheat, ore: ",wheat
bot,"['sheep', 'wheat', 'wood']",resource,"Which resource would you like to discard: brick, wood, sheep, wheat, ore: ",wheat
bot,['sheep'],resource,"Which resource would you like to discard: brick, wood, sheep, wheat, ore: ",sheep
bot,['sheep'],resource,"Which resource would you like to discard: brick, wood, sheep, wheat, ore: ",sheep
bot,['sheep'],resource,"Which resource would you like to discard: brick, wood, sheep, wheat, ore: ",sheep
bot,['sheep'],resource,"Which resource would you like to discard: brick, wood, sheep, wheat, ore: ",sheep
bot,"['sheep', 'ore', 'brick']",resource,"Which resource would you like to discard: brick, wood, sheep, wheat, ore: ",ore
bot,"['sheep', 'ore', 'brick']",resource,"Which resource would you like to discard: brick, wood, sheep, wheat, ore: ",ore
bot,"['sheep', 'ore', 'brick']",resource,"Which resource would you like to discard: brick, wood, sheep, wheat, ore: ",brick
bot,"['sheep', 'ore', 'brick']",resource,"Which resource would you like to discard: brick, wood, sheep, wheat, ore: ",brick
bot,"['sheep', 'ore', 'brick']",resource,"Which resource would you like to discard: brick, wood, sheep, wheat, ore: ",sheep
bot,"[2, 4]",int,"1=Build, 2=Trade, 3=Dev Cards(Play/Select), 4=End: ",2
bot,"[1, 2, 3]",int,"Player Trade (1), Bank/Port Trade (2), Cancel (3): ",3
bot,"[2, 4]",int,"1=Build, 2=Trade, 3=Dev Cards(Play/Select), 4=End: ",4
bot,"[2, 4]",int,"1=Build, 2=Trade, 3=Dev Cards(Play/Select), 4=End: ",4
bot,"[2, 4]",int,"1=Build, 2=Trade, 3=Dev Cards(Play/Select), 4=End: ",2
bot,"[1, 2, 3]",int,"Player Trade (1), Bank/Port Trade (2), Cancel (3): ",2
bot,"['brick', 'wood', 'sheep', 'wheat', 'ore']",resource,Which resource would you like to trade (give away): ,sheep
bot,"['brick', 'wood', 'sheep', 'wheat', 'ore']",resource,Which resource would you like to receive: ,wheat
bot,"[2, 4]",int,"1=Build, 2=Trade, 3=Dev Cards(Play/Select), 4=End: ",4
bot,"[2, 4]",int,"1=Build, 2=Trade, 3=Dev Cards(Play/Select), 4=End: ",4
bot,"[2, 4]",int,"1=Build, 2=Trade, 3=Dev Cards(Play/Select), 4=End: ",4
bot,"[2, 4]",int,"1=Build, 2=Trade, 3=Dev Cards(Play/Select), 4=End: ",2
bot,"[1, 2, 3]",int,"Player Trade (1), Bank/Port Trade (2), Cancel (3): ",2
bot,"['brick', 'wood', 'sheep', 'wheat', 'ore']",resource,Which resource would you like to trade (give away): ,wood
bot,"['brick', 'wood', 'sheep', 'wheat', 'ore']",resource,Which resource would you like to receive: ,wood
bot,"[2, 4]",int,"1=Build, 2=Trade, 3=Dev Cards(Play/Select), 4=End: ",2
bot,"[1, 2, 3]",int,"Player Trade (1), Bank/Port Trade (2), Cancel (3): ",2
bot,"['brick', 'wood', 'sheep', 'wheat', 'ore']",resource,Which resource would you like to trade (give away): ,wood
bot,"['brick', 'wood', 'sheep', 'wheat', 'ore']",resource,Which resource would you like to receive: ,sheep
bot,"[1, 2, 3]",int,"Player Trade (1), Bank/Port Trade (2), Cancel (3): ",1
bot,"['brick', 'wood', 'sheep', 'wheat', 'ore']",resource,Which resource would you like to trade (give away): ,wood
bot,"[1, 2, 3, 4]",int,How many would you like to trade: ,2
bot,"['brick', 'wood', 'sheep', 'wheat', 'ore']",resource,Which resource would you like to trade: ,wheat
bot,"[1, 2, 3]",int,How many would you like to trade: ,1
bot,"['Y', 'N']",action,Red would you like to trade wood for wheat [Y/N]: ,Y
bot,"[2, 4]",int,"1=Build, 2=Trade, 3=Dev Cards(Play/Select), 4=End: ",2
bot,"[1, 2, 3]",int,"Player Trade (1), Bank/Port Trade (2), Cancel (3): ",3
bot,"[2, 4]",int,"1=Build, 2=Trade, 3=Dev Cards(Play/Select), 4=End: ",2
bot,"[1, 2, 3]",int,"Player Trade (1), Bank/Port Trade (2), Cancel (3): ",1
bot,"['brick', 'wood', 'sheep', 'wheat', 'ore']",resource,Which resource would you like to trade (give away): ,sheep
bot,"[1, 2, 3, 4]",int,How many would you like to trade: ,3
bot,"['brick', 'wood', 'sheep', 'wheat', 'ore']",resource,Which resource would you like to trade: ,wheat
bot,"[1, 2, 3]",int,How many would you like to trade: ,2
bot,"['Y', 'N']",action,Red would you like to trade sheep for wheat [Y/N]: ,N
bot,"['Y', 'N']",action,Blue would you like to trade sheep for wheat [Y/N]: ,N
bot,"['Y', 'N']",action,Green would you like to trade sheep for wheat [Y/N]: ,Y
bot,"[2, 4]",int,"1=Build, 2=Trade, 3=Dev Cards(Play/Select), 4=End: ",4
bot,"range(0, 18)",int,Choosen a Tile [0-18] to move the Robber to: ,8
bot,['Green'],player,Choose a player to steal from {'Green'}: ,Green
bot,"['sheep', 'wheat', 'wood']",resource,"Which resource would you like to discard: brick, wood, sheep, wheat, ore: ",wheat
bot,"['sheep', 'wheat', 'wood']",resource,"Which resource would you like to discard: brick, wood, sheep, wheat, ore: ",wood
bot,"['sheep', 'wheat', 'wood']",resource,"Which resource would you like to discard: brick, wood, sheep, wheat, ore: ",wheat
bot,"['sheep', 'wood']",resource,"Which resource would you like to discard: brick, wood, sheep, wheat, ore: ",sheep
bot,"['sheep', 'wood']",resource,"Which resource would you like to discard: brick, wood, sheep, wheat, ore: ",wood
bot,"['sheep', 'wood']",resource,"Which resource would you like to discard: brick, wood, sheep, wheat, ore: ",sheep
bot,"['sheep', 'wood']",resource,"Which resource would you like to discard: brick, wood, sheep, wheat, ore: ",wood
bot,['sheep'],resource,"Which resource would you like to discard: brick, wood, sheep, wheat, ore: ",sheep
bot,"['sheep', 'wheat', 'ore', 'brick']",resource,"Which resource would you like to discard: brick, wood, sheep, wheat, ore: ",ore
bot,"['sheep', 'wheat', 'brick']",resource,"Which resource would you like to discard: brick, wood, sheep, wheat, ore: ",wheat
bot,"['sheep', 'wheat', 'brick']",resource,"Which resource would you like to discard: brick, wood, sheep, wheat, ore: ",wheat
bot,"['sheep', 'wheat', 'brick']",resource,"Which resource would you like to discard: brick, wood, sheep, wheat, ore: ",wheat
bot,"[1, 2, 3, 4]",int,"1=Build, 2=Trade, 3=Dev Cards(Play/Select), 4=End: ",4
bot,"[2, 4]",int,"1=Build, 2=Trade, 3=Dev Cards(Play/Select), 4=End: ",2
bot,"[1, 2, 3]",int,"Player Trade (1), Bank/Port Trade (2), Cancel (3): ",2
bot,"['brick', 'wood', 'sheep', 'wheat', 'ore']",resource,Which resource would you like to trade (give away): ,sheep
bot,"['brick', 'wood', 'sheep', 'wheat', 'ore']",resource,Which resource would you like to receive: ,wood
bot,"[1, 2, 3]",int,"Player Trade (1), Bank/Port Trade (2), Cancel (3): ",2
bot,"['brick', 'wood', 'sheep', 'wheat', 'ore']",resource,Which resource would you like to trade (give away): ,wood
bot,"['brick', 'wood', 'sheep', 'wheat', 'ore']",resource,Which resource would you like to receive: ,brick
bot,"[1, 2, 3]",int,"Player Trade (1), Bank/Port Trade (2), Cancel (3): ",1
bot,"['brick', 'wood', 'sheep', 'wheat', 'ore']",resource,Which resource would you like to trade (give away): ,ore
bot,"[1, 2, 3, 4]",int,How many would you like to trade: ,4
bot,"['brick', 'wood', 'sheep', 'wheat', 'ore']",resource,Which resource would you like to trade: ,wheat
bot,"[1, 2, 3]",int,How many would you like to trade: ,1
bot,"['Y', 'N']",action,Blue would you like to trade ore for wheat [Y/N]: ,Y
bot,"[2, 4]",int,"1=Build, 2=Trade, 3=Dev Cards(Play/Select), 4=End: ",4
bot,"[2, 4]",int,"1=Build, 2=Trade, 3=Dev Cards(Play/Select), 4=End: ",2
bot,"[1, 2, 3]",int,"Player Trade (1), Bank/Port Trade (2), Cancel (3): ",3
bot,"[2, 4]",int,"1=Build, 2=Trade, 3=Dev Cards(Play/Select), 4=End: ",2
bot,"[1, 2, 3]",int,"Player Trade (1), Bank/Port Trade (2), Cancel (3): ",2
bot,"['brick', 'wood', 'sheep', 'wheat', 'ore']",resource,Which resource would you like to trade (give away): ,sheep
bot,"['brick', 'wood', 'sheep', 'wheat', 'ore']",resource,Which resource would you like to receive: ,wood
bot,"[2, 4]",int,"1=Build, 2=Trade, 3=Dev Cards(Play/Select), 4=End: ",4
bot,"[2, 4]",int,"1=Build, 2=Trade, 3=Dev Cards(Play/Select), 4=End: ",2
bot,"[1, 2, 3]",int,"Player Trade (1), Bank/Port Trade (2), Cancel (3): ",2
bot,"['brick', 'wood', 'sheep', 'wheat', 'ore']",resource,Which resource would you like to trade (give away): ,wood
bot,"['brick', 'wood', 'sheep', 'wheat', 'ore']",resource,Which resource would you like to receive: ,wheat
bot,"[1, 2, 3]",int,"Player Trade (1), Bank/Port Trade (2), Cancel (3): ",1
bot,"['brick', 'wood', 'sheep', 'wheat', 'ore']",resource,Which resource would you like to trade (give away): ,wood
bot,"[1, 2, 3, 4]",int,How many would you like to trade: ,2
bot,"['brick', 'wood', 'sheep', 'wheat', 'ore']",resource,Which resource would you like to trade: ,wood
bot,"[1, 2, 3]",int,How many would you like to trade: ,2
bot,"['Y', 'N']",action,Red would you like to trade wood for wood [Y/N]: ,N
bot,"[2, 4]",int,"1=Build, 2=Trade, 3=Dev Cards(Play/Select), 4=End: ",2
bot,"[1, 2, 3]",int,"Player Trade (1), Bank/Port Trade (2), Cancel (3): ",2
bot,"['brick', 'wood', 'sheep', 'wheat', 'ore']",resource,Which resource would you like to trade (give away): ,ore
bot,"['brick', 'wood', 'sheep', 'wheat', 'ore']",resource,Which resource would you like to receive: ,sheep
bot,"[1, 2, 3]",int,"Player Trade (1), Bank/Port Trade (2), Cancel (3): ",3
bot,"[2, 4]",int,"1=Build, 2=Trade, 3=Dev Cards(Play/Select), 4=End: ",2
bot,"[1, 2, 3]",int,"Player Trade (1), Bank/Port Trade (2), Cancel (3): ",2
bot,"['brick', 'wood', 'sheep', 'wheat', 'ore']",resource,Which resource would you like to trade (give away): ,wood
bot,"['brick', 'wood', 'sheep', 'wheat', 'ore']",resource,Which resource would you like to receive: ,wheat
bot,"[1, 2, 3]",int,"Player Trade (1), Bank/Port Trade (2), Cancel (3): ",1
bot,"['brick', 'wood', 'sheep', 'wheat', 'ore']",resource,Which resource would you like to trade (give away): ,wheat
bot,"[1, 2, 3, 4]",int,How many would you like to trade: ,1
bot,"['brick', 'wood', 'sheep', 'wheat', 'ore']",resource,Which resource would you like to trade: ,wheat
bot,"[1, 2, 3]",int,How many would you like to trade: ,3
bot,"['Y', 'N']",action,Blue would you like to trade wheat for wheat [Y/N]: ,Y
bot,"[2, 4]",int,"1=Build, 2=Trade, 3=Dev Cards(Play/Select), 4=End: ",4
bot,"[2, 4]",int,"1=Build, 2=Trade, 3=Dev Cards(Play/Select), 4=End: ",2
bot,"[1, 2, 3]",int,"Player Trade (1), Bank/Port Trade (2), Cancel (3): ",2
bot,"['brick', 'wood', 'sheep', 'wheat', 'ore']",resource,Which resource would you like to trade (give away): ,wheat
bot,"['brick', 'wood', 'sheep', 'wheat', 'ore']",resource,Which resource would you like to receive: ,wood
bot,"[1, 2, 3]",int,"Player Trade (1), Bank/Port Trade (2), Cancel (3): ",3
bot,"[2, 4]",int,"1=Build, 2=Trade, 3=Dev Cards(Play/Select), 4=End: ",4
bot,"[2, 4]",int,"1=Build, 2=Trade, 3=Dev Cards(Play/Select), 4=End: ",2
bot,"[1, 2, 3]",int,"Player Trade (1), Bank/Port Trade (2), Cancel (3): ",2
bot,"['brick', 'wood', 'sheep', 'wheat', 'ore']",resource,Which resource would you like to trade (give away): ,wood
bot,"['brick', 'wood', 'sheep', 'wheat', 'ore']",resource,Which resource would you like to receive: ,sheep
bot,"[1, 2, 3]",int,"Player Trade (1), Bank/Port Trade (2), Cancel (3): ",2
bot,"['brick', 'wood', 'sheep', 'wheat', 'ore']",resource,Which resource would you like to trade (give away): ,sheep
bot,"['brick', 'wood', 'sheep', 'wheat', 'ore']",resource,Which resource would you like to receive: ,wood
bot,"[1, 2, 3]",int,"Player Trade (1), Bank/Port Trade (2), Cancel (3): ",1
bot,"['brick', 'wood', 'sheep', 'wheat', 'ore']",resource,Which resource would you like to trade (give away): ,brick
bot,"[1, 2, 3, 4]",int,How many would you like to trade: ,2
bot,"['brick', 'wood', 'sheep', 'wheat', 'ore']",resource,Which resource would you like to trade: ,wheat
bot,"[1, 2, 3]",int,How many would you like to trade: ,3
bot,"[2, 4]",int,"1=Build, 2=Trade, 3=Dev Cards(Play/Select), 4=End: ",2
bot,"[1, 2, 3]",int,"Player Trade (1), Bank/Port Trade (2), Cancel (3): ",3
bot,"[2, 4]",int,"1=Build, 2=Trade, 3=Dev Cards(Play/Select), 4=End: ",2
bot,"[1, 2, 3]",int,"Player Trade (1), Bank/Port Trade (2), Cancel (3): ",3
bot,"[2, 4]",int,"1=Build, 2=Trade, 3=Dev Cards(Play/Select), 4=End: ",2
bot,"[1, 2, 3]",int,"Player Trade (1), Bank/Port Trade (2), Cancel (3): ",2
bot,"['brick', 'wood', 'sheep', 'wheat', 'ore']",resource,Which resource would you like to trade (give away): ,brick
bot,"['brick', 'wood', 'sheep', 'wheat', 'ore']",resource,Which resource would you like to receive: ,brick
bot,"[1, 2, 3]",int,"Player Trade (1), Bank/Port Trade (2), Cancel (3): ",1
bot,"['brick', 'wood', 'sheep', 'wheat', 'ore']",resource,Which resource would you like to trade (give away): ,wheat
bot,"[1, 2, 3, 4]",int,How many would you like to trade: ,2
bot,"['brick', 'wood', 'sheep', 'wheat', 'ore']",resource,Which resource would you like to trade: ,wood
bot,"[1, 2, 3]",int,How many would you like to trade: ,3
bot,"['Y', 'N']",action,Blue would you like to trade wheat for wood [Y/N]: ,Y
bot,"[2, 4]",int,"1=Build, 2=Trade, 3=Dev Cards(Play/Select), 4=End: ",2
bot,"[1, 2, 3]",int,"Player Trade (1), Bank/Port Trade (2), Cancel (3): ",3
bot,"[2, 4]",int,"1=Build, 2=Trade, 3=Dev Cards(Play/Select), 4=End: ",2
bot,"[1, 2, 3]",int,"Player Trade (1), Bank/Port Trade (2), Cancel (3): ",2
bot,"['brick', 'wood', 'sheep', 'wheat', 'ore']",resource,Which resource would you like to trade (give away): ,brick
bot,"['brick', 'wood', 'sheep', 'wheat', 'ore']",resource,Which resource would you like to receive: ,wheat
bot,"[1, 2, 3]",int,"Player Trade (1), Bank/Port Trade (2), Cancel (3): ",2
bot,"['brick', 'wood', 'sheep', 'wheat', 'ore']",resource,Which resource would you like to trade (give away): ,wood
bot,"['brick', 'wood', 'sheep', 'wheat', 'ore']",resource,Which resource would you like to receive: ,wheat
bot,"[1, 2, 3]",int,"Player Trade (1), Bank/Port Trade (2), Cancel (3): ",3
bot,"[2, 4]",int,"1=Build, 2=Trade, 3=Dev Cards(Play/Select), 4=End: ",4
bot,"[2, 4]",int,"1=Build, 2=Trade, 3=Dev Cards(Play/Select), 4=End: ",4
bot,"[2, 4]",int,"1=Build, 2=Trade, 3=Dev Cards(Play/Select), 4=End: ",2
bot,"[1, 2, 3]",int,"Player Trade (1), Bank/Port Trade (2), Cancel (3): ",3
bot,"[2, 4]",int,"1=Build, 2=Trade, 3=Dev Cards(Play/Select), 4=End: ",4
bot,"[2, 4]",int,"1=Build, 2=Trade, 3=Dev Cards(Play/Select), 4=End: ",4
bot,"[2, 4]",int,"1=Build, 2=Trade, 3=Dev Cards(Play/Select), 4=End: ",2
bot,"[1, 2, 3]",int,"Player Trade (1), Bank/Port Trade (2), Cancel (3): ",3
bot,"[2, 4]",int,"1=Build, 2=Trade, 3=Dev Cards(Play/Select), 4=End: ",4
bot,"range(0, 18)",int,Choosen a Tile [0-18] to move the Robber to: ,14
bot,['Green'],player,Choose a player to steal from {'Green'}: ,Green
bot,"['sheep', 'wheat', 'wood']",resource,"Which resource would you like to discard: brick, wood, sheep, wheat, ore: ",wheat
bot,"['sheep', 'wheat', 'wood']",resource,"Which resource would you like to discard: brick, wood, sheep, wheat, ore: ",wood
bot,"['sheep', 'wheat', 'wood']",resource,"Which resource would you like to discard: brick, wood, sheep, wheat, ore: ",wood
bot,"['sheep', 'wheat', 'wood']",resource,"Which resource would you like to discard: brick, wood, sheep, wheat, ore: ",wood
bot,"['sheep', 'wheat', 'wood']",resource,"Which resource would you like to discard: brick, wood, sheep, wheat, ore: ",wood
bot,"['sheep', 'wheat', 'wood']",resource,"Which resource would you like to discard: brick, wood, sheep, wheat, ore: ",sheep
bot,"['sheep', 'wheat', 'wood']",resource,"Which resource would you like to discard: brick, wood, sheep, wheat, ore: ",sheep
bot,"['sheep', 'wheat', 'wood']",resource,"Which resource would you like to discard: brick, wood, sheep, wheat, ore: ",wheat
bot,"['sheep', 'wood']",resource,"Which resource would you like to discard: brick, wood, sheep, wheat, ore: ",wood
bot,"['sheep', 'wood']",resource,"Which resource would you like to discard: brick, wood, sheep, wheat, ore: ",sheep
bot,"['sheep', 'wood']",resource,"Which resource would you like to discard: brick, wood, sheep, wheat, ore: ",wood
bot,"['sheep', 'wood']",resource,"Which resource would you like to discard: brick, wood, sheep, wheat, ore: ",sheep
bot,"['sheep', 'wood']",resource,"Which resource would you like to discard: brick, wood, sheep, wheat, ore: ",sheep
bot,"['sheep', 'wood']",resource,"Which resource would you like to discard: brick, wood, sheep, wheat, ore: ",wood
bot,"['sheep', 'wood']",resource,"Which resource would you like to discard: brick, wood, sheep, wheat, ore: ",wood
bot,"['sheep', 'wood']",resource,"Which resource would you like to discard: brick, wood, sheep, wheat, ore: ",wood
bot,['sheep'],resource,"Which resource would you like to discard: brick, wood, sheep, wheat, ore: ",sheep
bot,['sheep'],resource,"Which resource would you like to discard: brick, wood, sheep, wheat, ore: ",sheep
bot,"[2, 4]",int,"1=Build, 2=Trade, 3=Dev Cards(Play/Select), 4=End: ",2
bot,"[1, 2, 3]",int,"Player Trade (1), Bank/Port Trade (2), Cancel (3): ",1
bot,"['brick', 'wood', 'sheep', 'wheat', 'ore']",resource,Which resource would you like to trade (give away): ,wheat
bot,"[1, 2, 3, 4]",int,How many would you like to trade: ,3
bot,"['brick', 'wood', 'sheep', 'wheat', 'ore']",resource,Which resource would you like to trade: ,ore
bot,"[1, 2, 3]",int,How many would you like to trade: ,3
bot,"[2, 4]",int,"1=Build, 2=Trade, 3=Dev Cards(Play/Select), 4=End: ",2
bot,"[1, 2, 3]",int,"Player Trade (1), Bank/Port Trade (2), Cancel (3): ",3
bot,"[2, 4]",int,"1=Build, 2=Trade, 3=Dev Cards(Play/Select), 4=End: ",4
bot,"[2, 4]",int,"1=Build, 2=Trade, 3=Dev Cards(Play/Select), 4=End: ",2
bot,"[1, 2, 3]",int,"Player Trade (1), Bank/Port Trade (2), Cancel (3): ",3
bot,"[2, 4]",int,"1=Build, 2=Trade, 3=Dev Cards(Play/Select), 4=End: ",4
bot,"[2, 4]",int,"1=Build, 2=Trade, 3=Dev Cards(Play/Select), 4=End: ",4
bot,"[2, 4]",int,"1=Build, 2=Trade, 3=Dev Cards(Play/Select), 4=End: ",4
bot,"[1, 2, 3, 4]",int,"1=Build, 2=Trade, 3=Dev Cards(Play/Select), 4=End: ",3
bot,"[1, 2, 3]",int,"1=Collect, 2=Play, 3=End:",1
bot,"[1, 2, 3]",int,"1=Collect, 2=Play, 3=End:",1
bot,"[1, 2, 3]",int,"1=Collect, 2=Play, 3=End:",2
bot,"['year_of_plenty', 'victory_point']",card,"Which dev card would you like to play from - [Knight(color=None, played=True, player=None, name='knight'), Knight(color=None, played=True, player=None, name='knight'), YearOfPlenty(color=None, played=False, player=None, name='year_of_plenty'), VictoryPoint(color=None, played=False, player=None, name='victory_point')]: ",year_of_plenty
bot,"['brick', 'ore', 'sheep', 'wheat', 'wood']",resource,Which resource would you like to collect: ,brick
bot,"['brick', 'ore', 'sheep', 'wheat', 'wood']",resource,Which resource would you like to collect: ,wheat
bot,"[2, 3, 4]",int,"1=Build, 2=Trade, 3=Dev Cards(Play/Select), 4=End: ",2
bot,"[1, 2, 3]",int,"Player Trade (1), Bank/Port Trade (2), Cancel (3): ",3
bot,"[2, 3, 4]",int,"1=Build, 2=Trade, 3=Dev Cards(Play/Select), 4=End: ",4
bot,"[2, 4]",int,"1=Build, 2=Trade, 3=Dev Cards(Play/Select), 4=End: ",2
bot,"[1, 2, 3]",int,"Player Trade (1), Bank/Port Trade (2), Cancel (3): ",1
bot,"['brick', 'wood', 'sheep', 'wheat', 'ore']",resource,Which resource would you like to trade (give away): ,brick
bot,"[1, 2, 3, 4]",int,How many would you like to trade: ,1
bot,"['brick', 'wood', 'sheep', 'wheat', 'ore']",resource,Which resource would you like to trade: ,brick
bot,"[1, 2, 3]",int,How many would you like to trade: ,2
bot,"['Y', 'N']",action,Green would you like to trade brick for brick [Y/N]: ,Y
bot,"[2, 4]",int,"1=Build, 2=Trade, 3=Dev Cards(Play/Select), 4=End: ",2
bot,"[1, 2, 3]",int,"Player Trade (1), Bank/Port Trade (2), Cancel (3): ",2
bot,"['brick', 'wood', 'sheep', 'wheat', 'ore']",resource,Which resource would you like to trade (give away): ,ore
bot,"['brick', 'wood', 'sheep', 'wheat', 'ore']",resource,Which resource would you like to receive: ,sheep
bot,"[1, 2, 3]",int,"Player Trade (1), Bank/Port Trade (2), Cancel (3): ",2
bot,"['brick', 'wood', 'sheep', 'wheat', 'ore']",resource,Which resource would you like to trade (give away): ,wood
bot,"['brick', 'wood', 'sheep', 'wheat', 'ore']",resource,Which resource would you like to receive: ,sheep
bot,"[1, 2, 3]",int,"Player Trade (1), Bank/Port Trade (2), Cancel (3): ",2
bot,"['brick', 'wood', 'sheep', 'wheat', 'ore']",resource,Which resource would you like to trade (give away): ,wood
bot,"['brick', 'wood', 'sheep', 'wheat', 'ore']",resource,Which resource would you like to receive: ,wheat
bot,"[1, 2, 3]",int,"Player Trade (1), Bank/Port Trade (2), Cancel (3): ",3
bot,"[2, 4]",int,"1=Build, 2=Trade, 3=Dev Cards(Play/Select), 4=End: ",4
bot,"[2, 4]",int,"1=Build, 2=Trade, 3=Dev Cards(Play/Select), 4=End: ",2
bot,"[1, 2, 3]",int,"Player Trade (1), Bank/Port Trade (2), Cancel (3): ",1
bot,"['brick', 'wood', 'sheep', 'wheat', 'ore']",resource,Which resource would you like to trade (give away): ,wheat
bot,"[1, 2, 3, 4]",int,How many would you like to trade: ,3
bot,"['brick', 'wood', 'sheep', 'wheat', 'ore']",resource,Which resource would you like to trade: ,sheep
bot,"[1, 2, 3]",int,How many would you like to trade: ,3
bot,"[2, 4]",int,"1=Build, 2=Trade, 3=Dev Cards(Play/Select), 4=End: ",4
bot,"[2, 4]",int,"1=Build, 2=Trade, 3=Dev Cards(Play/Select), 4=End: ",2
bot,"[1, 2, 3]",int,"Player Trade (1), Bank/Port Trade (2), Cancel (3): ",3
bot,"[2, 4]",int,"1=Build, 2=Trade, 3=Dev Cards(Play/Select), 4=End: ",4
bot,"[2, 3, 4]",int,"1=Build, 2=Trade, 3=Dev Cards(Play/Select), 4=End: ",4
bot,"[2, 4]",int,"1=Build, 2=Trade, 3=Dev Cards(Play/Select), 4=End: ",4
bot,"[2, 4]",int,"1=Build, 2=Trade, 3=Dev Cards(Play/Select), 4=End: ",4
bot,"[2, 4]",int,"1=Build, 2=Trade, 3=Dev Cards(Play/Select), 4=End: ",2
bot,"[1, 2, 3]",int,"Player Trade (1), Bank/Port Trade (2), Cancel (3): ",3
bot,"[2, 4]",int,"1=Build, 2=Trade, 3=Dev Cards(Play/Select), 4=End: ",2
bot,"[1, 2, 3]",int,"Player Trade (1), Bank/Port Trade (2), Cancel (3): ",3
bot,"[2, 4]",int,"1=Build, 2=Trade, 3=Dev Cards(Play/Select), 4=End: ",2
bot,"[1, 2, 3]",int,"Player Trade (1), Bank/Port Trade (2), Cancel (3): ",3
bot,"[2, 4]",int,"1=Build, 2=Trade, 3=Dev Cards(Play/Select), 4=End: ",2
bot,"[1, 2, 3]",int,"Player Trade (1), Bank/Port Trade (2), Cancel (3): ",1
bot,"['brick', 'wood', 'sheep', 'wheat', 'ore']",resource,Which resource would you like to trade (give away): ,ore
bot,"[1, 2, 3, 4]",int,How many would you like to trade: ,1
bot,"['brick', 'wood', 'sheep', 'wheat', 'ore']",resource,Which resource would you like to trade: ,ore
bot,"[1, 2, 3]",int,How many would you like to trade: ,1
bot,"['Y', 'N']",action,Red would you like to trade ore for ore [Y/N]: ,N
bot,"[2, 4]",int,"1=Build, 2=Trade, 3=Dev Cards(Play/Select), 4=End: ",2
bot,"[1, 2, 3]",int,"Player Trade (1), Bank/Port Trade (2), Cancel (3): ",1
bot,"['brick', 'wood', 'sheep', 'wheat', 'ore']",resource,Which resource would you like to trade (give away): ,wood
bot,"[1, 2, 3, 4]",int,How many would you like to trade: ,2
bot,"['brick', 'wood', 'sheep', 'wheat', 'ore']",resource,Which resource would you like to trade: ,sheep
bot,"[1, 2, 3]",int,How many would you like to trade: ,1
bot,"['Y', 'N']",action,Red would you like to trade wood for sheep [Y/N]: ,N
bot,"['Y', 'N']",action,Yellow would you like to trade wood for sheep [Y/N]: ,N
bot,"[2, 4]",int,"1=Build, 2=Trade, 3=Dev Cards(Play/Select), 4=End: ",2
bot,"[1, 2, 3]",int,"Player Trade (1), Bank/Port Trade (2), Cancel (3): ",1
bot,"['brick', 'wood', 'sheep', 'wheat', 'ore']",resource,Which resource would you like to trade (give away): ,wheat
bot,"[1, 2, 3, 4]",int,How many would you like to trade: ,3
bot,"['brick', 'wood', 'sheep', 'wheat', 'ore']",resource,Which resource would you like to trade: ,wheat
bot,"[1, 2, 3]",int,How many would you like to trade: ,2
bot,"[2, 4]",int,"1=Build, 2=Trade, 3=Dev Cards(Play/Select), 4=End: ",2
bot,"[1, 2, 3]",int,"Player Trade (1), Bank/Port Trade (2), Cancel (3): ",2
bot,"['brick', 'wood', 'sheep', 'wheat', 'ore']",resource,Which resource would you like to trade (give away): ,sheep
bot,"['brick', 'wood', 'sheep', 'wheat', 'ore']",resource,Which resource would you like to receive: ,wheat
bot,"[1, 2, 3]",int,"Player Trade (1), Bank/Port Trade (2), Cancel (3): ",3
bot,"[2, 4]",int,"1=Build, 2=Trade, 3=Dev Cards(Play/Select), 4=End: ",4
bot,"[1, 2, 3, 4]",int,"1=Build, 2=Trade, 3=Dev Cards(Play/Select), 4=End: ",2
bot,"[1, 2, 3]",int,"Player Trade (1), Bank/Port Trade (2), Cancel (3): ",2
bot,"['brick', 'wood', 'sheep', 'wheat', 'ore']",resource,Which resource would you like to trade (give away): ,wheat
bot,"['brick', 'wood', 'sheep', 'wheat', 'ore']",resource,Which resource would you like to receive: ,wheat
bot,"[1, 2, 3]",int,"Player Trade (1), Bank/Port Trade (2), Cancel (3): ",3
bot,"[1, 2, 3, 4]",int,"1=Build, 2=Trade, 3=Dev Cards(Play/Select), 4=End: ",2
bot,"[1, 2, 3]",int,"Player Trade (1), Bank/Port Trade (2), Cancel (3): ",2
bot,"['brick', 'wood', 'sheep', 'wheat', 'ore']",resource,Which resource would you like to trade (give away): ,brick
bot,"['brick', 'wood', 'sheep', 'wheat', 'ore']",resource,Which resource would you like to receive: ,brick
bot,"[1, 2, 3]",int,"Player Trade (1), Bank/Port Trade (2), Cancel (3): ",2
bot,"['brick', 'wood', 'sheep', 'wheat', 'ore']",resource,Which resource would you like to trade (give away): ,ore
bot,"['brick', 'wood', 'sheep', 'wheat', 'ore']",resource,Which resource would you like to receive: ,ore
bot,"[1, 2, 3]",int,"Player Trade (1), Bank/Port Trade (2), Cancel (3): ",1
bot,"['brick', 'wood', 'sheep', 'wheat', 'ore']",resource,Which resource would you like to trade (give away): ,wheat
bot,"[1, 2, 3, 4]",int,How many would you like to trade: ,3
bot,"['brick', 'wood', 'sheep', 'wheat', 'ore']",resource,Which resource would you like to trade: ,wheat
bot,"[1, 2, 3]",int,How many would you like to trade: ,3
bot,"[1, 2, 3, 4]",int,"1=Build, 2=Trade, 3=Dev Cards(Play/Select), 4=End: ",3
bot,"[1, 2, 3]",int,"1=Collect, 2=Play, 3=End:",2
bot,['victory_point'],card,"Which dev card would you like to play from - [Knight(color=None, played=True, player=None, name='knight'), Knight(color=None, played=True, player=None, name='knight'), YearOfPlenty(color=None, played=True, player=None, name='year_of_plenty'), VictoryPoint(color=None, played=False, player=None, name='victory_point')]: ",victory_point
bot,"[1, 2, 3, 4]",int,"1=Build, 2=Trade, 3=Dev Cards(Play/Select), 4=End: ",1
bot,"[1, 2, 3, 4]",int,"1=Settlement, 2=City, 3=Road, 4=End: ",4
bot,"[1, 2, 3, 4]",int,"1=Build, 2=Trade, 3=Dev Cards(Play/Select), 4=End: ",2
bot,"[1, 2, 3]",int,"Player Trade (1), Bank/Port Trade (2), Cancel (3): ",1
bot,"['brick', 'wood', 'sheep', 'wheat', 'ore']",resource,Which resource would you like to trade (give away): ,sheep
bot,"[1, 2, 3, 4]",int,How many would you like to trade: ,2
bot,"['brick', 'wood', 'sheep', 'wheat', 'ore']",resource,Which resource would you like to trade: ,wheat
bot,"[1, 2, 3]",int,How many would you like to trade: ,3
bot,"['Y', 'N']",action,Yellow would you like to trade sheep for wheat [Y/N]: ,Y
bot,"['Y', 'N']",action,Blue would you like to trade sheep for wheat [Y/N]: ,N
bot,"[2, 4]",int,"1=Build, 2=Trade, 3=Dev Cards(Play/Select), 4=End: ",2
bot,"[1, 2, 3]",int,"Player Trade (1), Bank/Port Trade (2), Cancel (3): ",2
bot,"['brick', 'wood', 'sheep', 'wheat', 'ore']",resource,Which resource would you like to trade (give away): ,wood
bot,"['brick', 'wood', 'sheep', 'wheat', 'ore']",resource,Which resource would you like to receive: ,wheat
bot,"[2, 4]",int,"1=Build, 2=Trade, 3=Dev Cards(Play/Select), 4=End: ",4
bot,"[1, 2, 4]",int,"1=Build, 2=Trade, 3=Dev Cards(Play/Select), 4=End: ",1
bot,"[1, 2, 3, 4]",int,"1=Settlement, 2=City, 3=Road, 4=End: ",2
bot,"[1, 2, 3, 4]",int,"1=Settlement, 2=City, 3=Road, 4=End: ",1
bot,[12],int,Choose settlement location - [0-53]:,12
bot,"[1, 2, 3, 4]",int,"1=Settlement, 2=City, 3=Road, 4=End: ",3
bot,"[8, 13, 15, 13, 27, 28, 51, 56, 58, 63]",int,Choose road location - [0-71]: ,58
bot,"[1, 2, 3, 4]",int,"1=Settlement, 2=City, 3=Road, 4=End: ",4
bot,"[2, 4]",int,"1=Build, 2=Trade, 3=Dev Cards(Play/Select), 4=End: ",4
bot,"[2, 4]",int,"1=Build, 2=Trade, 3=Dev Cards(Play/Select), 4=End: ",4
bot,"[2, 4]",int,"1=Build, 2=Trade, 3=Dev Cards(Play/Select), 4=End: ",2
bot,"[1, 2, 3]",int,"Player Trade (1), Bank/Port Trade (2), Cancel (3): ",3
bot,"[2, 4]",int,"1=Build, 2=Trade, 3=Dev Cards(Play/Select), 4=End: ",4
bot,"[2, 4]",int,"1=Build, 2=Trade, 3=Dev Cards(Play/Select), 4=End: ",4
bot,"[2, 4]",int,"1=Build, 2=Trade, 3=Dev Cards(Play/Select), 4=End: ",4
bot,"[2, 4]",int,"1=Build, 2=Trade, 3=Dev Cards(Play/Select), 4=End: ",2
bot,"[1, 2, 3]",int,"Player Trade (1), Bank/Port Trade (2), Cancel (3): ",2
bot,"['brick', 'wood', 'sheep', 'wheat', 'ore']",resource,Which resource would you like to trade (give away): ,wood
bot,"['brick', 'wood', 'sheep', 'wheat', 'ore']",resource,Which resource would you like to receive: ,wheat
bot,"[1, 2, 3]",int,"Player Trade (1), Bank/Port Trade (2), Cancel (3): ",2
bot,"['brick', 'wood', 'sheep', 'wheat', 'ore']",resource,Which resource would you like to trade (give away): ,wheat
bot,"['brick', 'wood', 'sheep', 'wheat', 'ore']",resource,Which resource would you like to receive: ,brick
bot,"[1, 2, 3]",int,"Player Trade (1), Bank/Port Trade (2), Cancel (3): ",1
bot,"['brick', 'wood', 'sheep', 'wheat', 'ore']",resource,Which resource would you like to trade (give away): ,ore
bot,"[1, 2, 3, 4]",int,How many would you like to trade: ,3
bot,"['brick', 'wood', 'sheep', 'wheat', 'ore']",resource,Which resource would you like to trade: ,wheat
bot,"[1, 2, 3]",int,How many would you like to trade: ,3
bot,"['Y', 'N']",action,Red would you like to trade ore for wheat [Y/N]: ,N
bot,"['Y', 'N']",action,Green would you like to trade ore for wheat [Y/N]: ,Y
bot,"[2, 4]",int,"1=Build, 2=Trade, 3=Dev Cards(Play/Select), 4=End: ",4
bot,"[1, 2, 3, 4]",int,"1=Build, 2=Trade, 3=Dev Cards(Play/Select), 4=End: ",2
bot,"[1, 2, 3]",int,"Player Trade (1), Bank/Port Trade (2), Cancel (3): ",3
bot,"[1, 2, 3, 4]",int,"1=Build, 2=Trade, 3=Dev Cards(Play/Select), 4=End: ",3
bot,"[1, 2, 3]",int,"1=Collect, 2=Play, 3=End:",1
bot,"[1, 2, 3]",int,"1=Collect, 2=Play, 3=End:",1
bot,"[1, 2, 3]",int,"1=Collect, 2=Play, 3=End:",1
bot,"[1, 2, 3]",int,"1=Collect, 2=Play, 3=End:",2
bot,['knight'],card,"Which dev card would you like to play from - [Monopoly(color=None, played=True, player=None, name='monopoly'), Knight(color=None, played=False, player=None, name='knight')]: ",knight
bot,"range(0, 18)",int,Choosen a Tile [0-18] to move the Robber to: ,15
bot,"[1, 2, 4]",int,"1=Build, 2=Trade, 3=Dev Cards(Play/Select), 4=End: ",1
bot,"[1, 2, 3, 4]",int,"1=Settlement, 2=City, 3=Road, 4=End: ",1
bot,"[1, 2, 3, 4]",int,"1=Settlement, 2=City, 3=Road, 4=End: ",2
bot,"[1, 2, 3, 4]",int,"1=Settlement, 2=City, 3=Road, 4=End: ",1
bot,"[1, 2, 3, 4]",int,"1=Settlement, 2=City, 3=Road, 4=End: ",2
bot,"[1, 2, 3, 4]",int,"1=Settlement, 2=City, 3=Road, 4=End: ",3
bot,"[1, 2, 3, 4]",int,"1=Settlement, 2=City, 3=Road, 4=End: ",1
bot,"[1, 2, 3, 4]",int,"1=Settlement, 2=City, 3=Road, 4=End: ",3
bot,"[1, 2, 3, 4]",int,"1=Settlement, 2=City, 3=Road, 4=End: ",2
bot,"[1, 2, 3, 4]",int,"1=Settlement, 2=City, 3=Road, 4=End: ",2
bot,"[1, 2, 3, 4]",int,"1=Settlement, 2=City, 3=Road, 4=End: ",2
bot,"[1, 2, 3, 4]",int,"1=Settlement, 2=City, 3=Road, 4=End: ",2
bot,"[1, 2, 3, 4]",int,"1=Settlement, 2=City, 3=Road, 4=End: ",3
bot,"[1, 2, 3, 4]",int,"1=Settlement, 2=City, 3=Road, 4=End: ",2
bot,"[1, 2, 3, 4]",int,"1=Settlement, 2=City, 3=Road, 4=End: ",1
bot,"[1, 2, 3, 4]",int,"1=Settlement, 2=City, 3=Road, 4=End: ",2
bot,"[1, 2, 3, 4]",int,"1=Settlement, 2=City, 3=Road, 4=End: ",3
bot,"[1, 2, 3, 4]",int,"1=Settlement, 2=City, 3=Road, 4=End: ",3
bot,"[1, 2, 3, 4]",int,"1=Settlement, 2=City, 3=Road, 4=End: ",3
bot,"[1, 2, 3, 4]",int,"1=Settlement, 2=City, 3=Road, 4=End: ",2
bot,"[1, 2, 3, 4]",int,"1=Settlement, 2=City, 3=Road, 4=End: ",2
bot,"[1, 2, 3, 4]",int,"1=Settlement, 2=City, 3=Road, 4=End: ",1
bot,"[1, 2, 3, 4]",int,"1=Settlement, 2=City, 3=Road, 4=End: ",2
bot,"[1, 2, 3, 4]",int,"1=Settlement, 2=City, 3=Road, 4=End: ",1
bot,"[1, 2, 3, 4]",int,"1=Settlement, 2=City, 3=Road, 4=End: ",3
bot,"[1, 2, 3, 4]",int,"1=Settlement, 2=City, 3=Road, 4=End: ",3
bot,"[1, 2, 3, 4]",int,"1=Settlement, 2=City, 3=Road, 4=End: ",3
bot,"[1, 2, 3, 4]",int,"1=Settlement, 2=City, 3=Road, 4=End: ",1
bot,"[1, 2, 3, 4]",int,"1=Settlement, 2=City, 3=Road, 4=End: ",1
bot,"[1, 2, 3, 4]",int,"1=Settlement, 2=City, 3=Road, 4=End: ",4
bot,"[1, 2, 4]",int,"1=Build, 2=Trade, 3=Dev Cards(Play/Select), 4=End: ",2
bot,"[1, 2, 3]",int,"Player Trade (1), Bank/Port Trade (2), Cancel (3): ",3
bot,"[1, 2, 4]",int,"1=Build, 2=Trade, 3=Dev Cards(Play/Select), 4=End: ",2
bot,"[1, 2, 3]",int,"Player Trade (1), Bank/Port Trade (2), Cancel (3): ",3
bot,"[1, 2, 4]",int,"1=Build, 2=Trade, 3=Dev Cards(Play/Select), 4=End: ",1
bot,"[1, 2, 3, 4]",int,"1=Settlement, 2=City, 3=Road, 4=End: ",3
bot,"[1, 2, 3, 4]",int,"1=Settlement, 2=City, 3=Road, 4=End: ",2
bot,"[1, 2, 3, 4]",int,"1=Settlement, 2=City, 3=Road, 4=End: ",4
bot,"[1, 2, 4]",int,"1=Build, 2=Trade, 3=Dev Cards(Play/Select), 4=End: ",1
bot,"[1, 2, 3, 4]",int,"1=Settlement, 2=City, 3=Road, 4=End: ",4
bot,"[1, 2, 4]",int,"1=Build, 2=Trade, 3=Dev Cards(Play/Select), 4=End: ",1
bot,"[1, 2, 3, 4]",int,"1=Settlement, 2=City, 3=Road, 4=End: ",2
bot,"[1, 2, 3, 4]",int,"1=Settlement, 2=City, 3=Road, 4=End: ",3
bot,"[1, 2, 3, 4]",int,"1=Settlement, 2=City, 3=Road, 4=End: ",1
bot,"[1, 2, 3, 4]",int,"1=Settlement, 2=City, 3=Road, 4=End: ",1
bot,"[1, 2, 3, 4]",int,"1=Settlement, 2=City, 3=Road, 4=End: ",3
bot,"[1, 2, 3, 4]",int,"1=Settlement, 2=City, 3=Road, 4=End: ",2
bot,"[1, 2, 3, 4]",int,"1=Settlement, 2=City, 3=Road, 4=End: ",4
bot,"[1, 2, 4]",int,"1=Build, 2=Trade, 3=Dev Cards(Play/Select), 4=End: ",2
bot,"[1, 2, 3]",int,"Player Trade (1), Bank/Port Trade (2), Cancel (3): ",1
bot,"['brick', 'wood', 'sheep', 'wheat', 'ore']",resource,Which resource would you like to trade (give away): ,wood
bot,"[1, 2, 3, 4]",int,How many would you like to trade: ,3
bot,"['brick', 'wood', 'sheep', 'wheat', 'ore']",resource,Which resource would you like to trade: ,ore
bot,"[1, 2, 3]",int,How many would you like to trade: ,2
bot,"['Y', 'N']",action,Red would you like to trade wood for ore [Y/N]: ,N
bot,"[1, 2, 4]",int,"1=Build, 2=Trade, 3=Dev Cards(Play/Select), 4=End: ",4
bot,"[2, 4]",int,"1=Build, 2=Trade, 3=Dev Cards(Play/Select), 4=End: ",2
bot,"[1, 2, 3]",int,"Player Trade (1), Bank/Port Trade (2), Cancel (3): ",1
bot,"['brick', 'wood', 'sheep', 'wheat', 'ore']",resource,Which resource would you like to trade (give away): ,ore
bot,"[1, 2, 3, 4]",int,How many would you like to trade: ,1
bot,"['brick', 'wood', 'sheep', 'wheat', 'ore']",resource,Which resource would you like to trade: ,wheat
bot,"[1, 2, 3]",int,How many would you like to trade: ,3
bot,"['Y', 'N']",action,Blue would you like to trade ore for wheat [Y/N]: ,Y
bot,"[2, 4]",int,"1=Build, 2=Trade, 3=Dev Cards(Play/Select), 4=End: ",2
bot,"[1, 2, 3]",int,"Player Trade (1), Bank/Port Trade (2), Cancel (3): ",2
bot,"['brick', 'wood', 'sheep', 'wheat', 'ore']",resource,Which resource would you like to trade (give away): ,sheep
bot,"['brick', 'wood', 'sheep', 'wheat', 'ore']",resource,Which resource would you like to receive: ,brick
bot,"[1, 2, 4]",int,"1=Build, 2=Trade, 3=Dev Cards(Play/Select), 4=End: ",2
bot,"[1, 2, 3]",int,"Player Trade (1), Bank/Port Trade (2), Cancel (3): ",1
bot,"['brick', 'wood', 'sheep', 'wheat', 'ore']",resource,Which resource would you like to trade (give away): ,ore
bot,"[1, 2, 3, 4]",int,How many would you like to trade: ,2
bot,"['brick', 'wood', 'sheep', 'wheat', 'ore']",resource,Which resource would you like to trade: ,wood
bot,"[1, 2, 3]",int,How many would you like to trade: ,3
bot,"[1, 2, 4]",int,"1=Build, 2=Trade, 3=Dev Cards(Play/Select), 4=End: ",1
bot,"[1, 2, 3, 4]",int,"1=Settlement, 2=City, 3=Road, 4=End: ",3
bot,"[7, 11, 13, 60, 64]",int,Choose road location - [0-71]: ,60
bot,"[1, 2, 3, 4]",int,"1=Settlement, 2=City, 3=Road, 4=End: ",4
bot,"[2, 4]",int,"1=Build, 2=Trade, 3=Dev Cards(Play/Select), 4=End: ",2
bot,"[1, 2, 3]",int,"Player Trade (1), Bank/Port Trade (2), Cancel (3): ",1
bot,"['brick', 'wood', 'sheep', 'wheat', 'ore']",resource,Which resource would you like to trade (give away): ,wheat
bot,"[1, 2, 3, 4]",int,How many would you like to trade: ,3
bot,"['brick', 'wood', 'sheep', 'wheat', 'ore']",resource,Which resource would you like to trade: ,wood
bot,"[1, 2, 3]",int,How many would you like to trade: ,3
bot,"['Y', 'N']",action,Green would you like to trade wheat for wood [Y/N]: ,Y
bot,"[1, 2, 3, 4]",int,"1=Build, 2=Trade, 3=Dev Cards(Play/Select), 4=End: ",1
bot,"[1, 2, 3, 4]",int,"1=Settlement, 2=City, 3=Road, 4=End: ",1
bot,"[1, 2, 3, 4]",int,"1=Settlement, 2=City, 3=Road, 4=End: ",2
bot,"[1, 2, 3, 4]",int,"1=Settlement, 2=City, 3=Road, 4=End: ",4
bot,"[1, 2, 3, 4]",int,"1=Build, 2=Trade, 3=Dev Cards(Play/Select), 4=End: ",1
bot,"[1, 2, 3, 4]",int,"1=Settlement, 2=City, 3=Road, 4=End: ",4
bot,"[1, 2, 3, 4]",int,"1=Build, 2=Trade, 3=Dev Cards(Play/Select), 4=End: ",2
bot,"[1, 2, 3]",int,"Player Trade (1), Bank/Port Trade (2), Cancel (3): ",1
bot,"['brick', 'wood', 'sheep', 'wheat', 'ore']",resource,Which resource would you like to trade (give away): ,ore
bot,"[1, 2, 3, 4]",int,How many would you like to trade: ,3
bot,"['brick', 'wood', 'sheep', 'wheat', 'ore']",resource,Which resource would you like to trade: ,wheat
bot,"[1, 2, 3]",int,How many would you like to trade: ,3
bot,"[1, 2, 3, 4]",int,"1=Build, 2=Trade, 3=Dev Cards(Play/Select), 4=End: ",3
bot,"[1, 2, 3]",int,"1=Collect, 2=Play, 3=End:",1
bot,"[1, 2, 3]",int,"1=Collect, 2=Play, 3=End:",2
bot,['knight'],card,"Which dev card would you like to play from - [Knight(color=None, played=True, player=None, name='knight'), Knight(color=None, played=True, player=None, name='knight'), YearOfPlenty(color=None, played=True, player=None, name='year_of_plenty'), VictoryPoint(color=None, played=True, player=None, name='victory_point'), Knight(color=None, played=False, player=None, name='knight')]: ",knight
bot,"range(0, 18)",int,Choosen a Tile [0-18] to move the Robber to: ,2
bot,"[1, 2, 3, 4]",int,"1=Build, 2=Trade, 3=Dev Cards(Play/Select), 4=End: ",4
bot,"[2, 4]",int,"1=Build, 2=Trade, 3=Dev Cards(Play/Select), 4=End: ",2
bot,"[1, 2, 3]",int,"Player Trade (1), Bank/Port Trade (2), Cancel (3): ",2
bot,"['brick', 'wood', 'sheep', 'wheat', 'ore']",resource,Which resource would you like to trade (give away): ,wheat
bot,"['brick', 'wood', 'sheep', 'wheat', 'ore']",resource,Which resource would you like to receive: ,wheat
bot,"[1, 2, 3]",int,"Player Trade (1), Bank/Port Trade (2), Cancel (3): ",1
bot,"['brick', 'wood', 'sheep', 'wheat', 'ore']",resource,Which resource would you like to trade (give away): ,brick
bot,"[1, 2, 3, 4]",int,How many would you like to trade: ,2
bot,"['brick', 'wood', 'sheep', 'wheat', 'ore']",resource,Which resource would you like to trade: ,wood
bot,"[1, 2, 3]",int,How many would you like to trade: ,3
bot,"['Y', 'N']",action,Green would you like to trade brick for wood [Y/N]: ,N
bot,"[2, 4]",int,"1=Build, 2=Trade, 3=Dev Cards(Play/Select), 4=End: ",4
bot,"[2, 4]",int,"1=Build, 2=Trade, 3=Dev Cards(Play/Select), 4=End: ",2
bot,"[1, 2, 3]",int,"Player Trade (1), Bank/Port Trade (2), Cancel (3): ",3
bot,"[2, 4]",int,"1=Build, 2=Trade, 3=Dev Cards(Play/Select), 4=End: ",2
bot,"[1, 2, 3]",int,"Player Trade (1), Bank/Port Trade (2), Cancel (3): ",3
bot,"[2, 4]",int,"1=Build, 2=Trade, 3=Dev Cards(Play/Select), 4=End: ",4
bot,"range(0, 18)",int,Choosen a Tile [0-18] to move the Robber to: ,8
bot,['Blue'],player,Choose a player to steal from {'Blue'}: ,Blue
bot,"['wood', 'sheep', 'wheat', 'ore']",resource,"Which resource would you like to discard: brick, wood, sheep, wheat, ore: ",wood
bot,"['wood', 'sheep', 'wheat', 'ore']",resource,"Which resource would you like to discard: brick, wood, sheep, wheat, ore: ",ore
bot,"['wood', 'sheep', 'wheat', 'ore']",resource,"Which resource would you like to discard: brick, wood, sheep, wheat, ore: ",wood
bot,"['wood', 'sheep', 'wheat', 'ore']",resource,"Which resource would you like to discard: brick, wood, sheep, wheat, ore: ",wheat
bot,"['wood', 'sheep', 'ore']",resource,"Which resource would you like to discard: brick, wood, sheep, wheat, ore: ",wood
bot,"['wood', 'sheep', 'ore']",resource,"Which resource would you like to discard: brick, wood, sheep, wheat, ore: ",wood
bot,"['wood', 'sheep', 'ore']",resource,"Which resource would you like to discard: brick, wood, sheep, wheat, ore: ",ore
bot,"['wood', 'sheep', 'ore']",resource,"Which resource would you like to discard: brick, wood, sheep, wheat, ore: ",sheep
bot,"['wood', 'sheep', 'ore']",resource,"Which resource would you like to discard: brick, wood, sheep, wheat, ore: ",sheep
bot,"['sheep', 'wheat', 'wood']",resource,"Which resource would you like to discard: brick, wood, sheep, wheat, ore: ",wood
bot,"['sheep', 'wheat', 'wood']",resource,"Which resource would you like to discard: brick, wood, sheep, wheat, ore: ",wood
bot,"['sheep', 'wheat']",resource,"Which resource would you like to discard: brick, wood, sheep, wheat, ore: ",sheep
bot,"['sheep', 'wheat']",resource,"Which resource would you like to discard: brick, wood, sheep, wheat, ore: ",wheat
bot,"['sheep', 'wheat']",resource,"Which resource would you like to discard: brick, wood, sheep, wheat, ore: ",wheat
bot,['sheep'],resource,"Which resource would you like to discard: brick, wood, sheep, wheat, ore: ",sheep
bot,['sheep'],resource,"Which resource would you like to discard: brick, wood, sheep, wheat, ore: ",sheep
bot,['sheep'],resource,"Which resource would you like to discard: brick, wood, sheep, wheat, ore: ",sheep
bot,['sheep'],resource,"Which resource would you like to discard: brick, wood, sheep, wheat, ore: ",sheep
bot,['sheep'],resource,"Which resource would you like to discard: brick, wood, sheep, wheat, ore: ",sheep
bot,['sheep'],resource,"Which resource would you like to discard: brick, wood, sheep, wheat, ore: ",sheep
bot,['sheep'],resource,"Which resource would you like to discard: brick, wood, sheep, wheat, ore: ",sheep
bot,['sheep'],resource,"Which resource would you like to discard: brick, wood, sheep, wheat, ore: ",sheep
bot,['sheep'],resource,"Which resource would you like to discard: brick, wood, sheep, wheat, ore: ",sheep
bot,['sheep'],resource,"Which resource would you like to discard: brick, wood, sheep, wheat, ore: ",sheep
bot,['sheep'],resource,"Which resource would you like to discard: brick, wood, sheep, wheat, ore: ",sheep
bot,['sheep'],resource,"Which resource would you like to discard: brick, wood, sheep, wheat, ore: ",sheep
bot,"['wood', 'sheep', 'ore', 'brick']",resource,"Which resource would you like to discard: brick, wood, sheep, wheat, ore: ",wood
bot,"['sheep', 'ore', 'brick']",resource,"Which resource would you like to discard: brick, wood, sheep, wheat, ore: ",ore
bot,"['sheep', 'ore', 'brick']",resource,"Which resource would you like to discard: brick, wood, sheep, wheat, ore: ",ore
bot,"['sheep', 'brick']",resource,"Which resource would you like to discard: brick, wood, sheep, wheat, ore: ",brick
bot,"['sheep', 'brick']",resource,"Which resource would you like to discard: brick, wood, sheep, wheat, ore: ",sheep
bot,"[2, 4]",int,"1=Build, 2=Trade, 3=Dev Cards(Play/Select), 4=End: ",4
bot,"[2, 4]",int,"1=Build, 2=Trade, 3=Dev Cards(Play/Select), 4=End: ",2
bot,"[1, 2, 3]",int,"Player Trade (1), Bank/Port Trade (2), Cancel (3): ",2
bot,"['brick', 'wood', 'sheep', 'wheat', 'ore']",resource,Which resource would you like to trade (give away): ,brick
bot,"['brick', 'wood', 'sheep', 'wheat', 'ore']",resource,Which resource would you like to receive: ,brick
bot,"[1, 2, 3]",int,"Player Trade (1), Bank/Port Trade (2), Cancel (3): ",1
bot,"['brick', 'wood', 'sheep', 'wheat', 'ore']",resource,Which resource would you like to trade (give away): ,wheat
bot,"[1, 2, 3, 4]",int,How many would you like to trade: ,4
bot,"['brick', 'wood', 'sheep', 'wheat', 'ore']",resource,Which resource would you like to trade: ,ore
bot,"[1, 2, 3]",int,How many would you like to trade: ,3
bot,"[2, 4]",int,"1=Build, 2=Trade, 3=Dev Cards(Play/Select), 4=End: ",4
bot,"[2, 4]",int,"1=Build, 2=Trade, 3=Dev Cards(Play/Select), 4=End: ",2
bot,"[1, 2, 3]",int,"Player Trade (1), Bank/Port Trade (2), Cancel (3): ",2
bot,"['brick', 'wood', 'sheep', 'wheat', 'ore']",resource,Which resource would you like to trade (give away): ,wood
bot,"['brick', 'wood', 'sheep', 'wheat', 'ore']",resource,Which resource would you like to receive: ,wood
bot,"[1, 2, 3]",int,"Player Trade (1), Bank/Port Trade (2), Cancel (3): ",1
bot,"['brick', 'wood', 'sheep', 'wheat', 'ore']",resource,Which resource would you like to trade (give away): ,ore
bot,"[1, 2, 3, 4]",int,How many would you like to trade: ,4
bot,"['brick', 'wood', 'sheep', 'wheat', 'ore']",resource,Which resource would you like to trade: ,sheep
bot,"[1, 2, 3]",int,How many would you like to trade: ,3
bot,"['Y', 'N']",action,Red would you like to trade ore for sheep [Y/N]: ,Y
bot,"[2, 4]",int,"1=Build, 2=Trade, 3=Dev Cards(Play/Select), 4=End: ",4
bot,"[2, 4]",int,"1=Build, 2=Trade, 3=Dev Cards(Play/Select), 4=End: ",2
bot,"[1, 2, 3]",int,"Player Trade (1), Bank/Port Trade (2), Cancel (3): ",3
bot,"[2, 4]",int,"1=Build, 2=Trade, 3=Dev Cards(Play/Select), 4=End: ",4
bot,"[2, 4]",int,"1=Build, 2=Trade, 3=Dev Cards(Play/Select), 4=End: ",2
bot,"[1, 2, 3]",int,"Player Trade (1), Bank/Port Trade (2), Cancel (3): ",3
bot,"[2, 4]",int,"1=Build, 2=Trade, 3=Dev Cards(Play/Select), 4=End: ",4
bot,"[2, 4]",int,"1=Build, 2=Trade, 3=Dev Cards(Play/Select), 4=End: ",4
bot,"range(0, 18)",int,Choosen a Tile [0-18] to move the Robber to: ,2
bot,"['wood', 'sheep', 'ore']",resource,"Which resource would you like to discard: brick, wood, sheep, wheat, ore: ",ore
bot,"['wood', 'sheep', 'ore']",resource,"Which resource would you like to discard: brick, wood, sheep, wheat, ore: ",ore
bot,"['wood', 'sheep', 'ore']",resource,"Which resource would you like to discard: brick, wood, sheep, wheat, ore: ",wood
bot,"['wood', 'sheep', 'ore']",resource,"Which resource would you like to discard: brick, wood, sheep, wheat, ore: ",ore
bot,"['sheep', 'wood']",resource,"Which resource would you like to discard: brick, wood, sheep, wheat, ore: ",sheep
bot,"['sheep', 'wood']",resource,"Which resource would you like to discard: brick, wood, sheep, wheat, ore: ",sheep
bot,"['sheep', 'wood']",resource,"Which resource would you like to discard: brick, wood, sheep, wheat, ore: ",sheep
bot,"['sheep', 'wood']",resource,"Which resource would you like to discard: brick, wood, sheep, wheat, ore: ",wood
bot,"['sheep', 'wood']",resource,"Which resource would you like to discard: brick, wood, sheep, wheat, ore: ",wood
bot,"['sheep', 'ore']",resource,"Which resource would you like to discard: brick, wood, sheep, wheat, ore: ",ore
bot,"['sheep', 'ore']",resource,"Which resource would you like to discard: brick, wood, sheep, wheat, ore: ",sheep
bot,"['sheep', 'ore']",resource,"Which resource would you like to discard: brick, wood, sheep, wheat, ore: ",ore
bot,"['sheep', 'ore']",resource,"Which resource would you like to discard: brick, wood, sheep, wheat, ore: ",ore
bot,['sheep'],resource,"Which resource would you like to discard: brick, wood, sheep, wheat, ore: ",sheep
bot,['sheep'],resource,"Which resource would you like to discard: brick, wood, sheep, wheat, ore: ",sheep
bot,['sheep'],resource,"Which resource would you like to discard: brick, wood, sheep, wheat, ore: ",sheep
bot,['sheep'],resource,"Which resource would you like to discard: brick, wood, sheep, wheat, ore: ",sheep
bot,['sheep'],resource,"Which resource would you like to discard: brick, wood, sheep, wheat, ore: ",sheep
bot,['sheep'],resource,"Which resource would you like to discard: brick, wood, sheep, wheat, ore: ",sheep
bot,['sheep'],resource,"Which resource would you like to discard: brick, wood, sheep, wheat, ore: ",sheep
bot,['sheep'],resource,"Which resource would you like to discard: brick, wood, sheep, wheat, ore: ",sheep
bot,"[2, 4]",int,"1=Build, 2=Trade, 3=Dev Cards(Play/Select), 4=End: ",4
bot,"[2, 4]",int,"1=Build, 2=Trade, 3=Dev Cards(Play/Select), 4=End: ",4
bot,"[2, 4]",int,"1=Build, 2=Trade, 3=Dev Cards(Play/Select), 4=End: ",2
bot,"[1, 2, 3]",int,"Player Trade (1), Bank/Port Trade (2), Cancel (3): ",1
bot,"['brick', 'wood', 'sheep', 'wheat', 'ore']",resource,Which resource would you like to trade (give away): ,wheat
bot,"[1, 2, 3, 4]",int,How many would you like to trade: ,3
bot,"['brick', 'wood', 'sheep', 'wheat', 'ore']",resource,Which resource would you like to trade: ,wood
bot,"[1, 2, 3]",int,How many would you like to trade: ,1
bot,"['Y', 'N']",action,Red would you like to trade wheat for wood [Y/N]: ,Y
bot,"[2, 4]",int,"1=Build, 2=Trade, 3=Dev Cards(Play/Select), 4=End: ",4
bot,"[2, 4]",int,"1=Build, 2=Trade, 3=Dev Cards(Play/Select), 4=End: ",4
bot,"[2, 4]",int,"1=Build, 2=Trade, 3=Dev Cards(Play/Select), 4=End: ",2
bot,"[1, 2, 3]",int,"Player Trade (1), Bank/Port Trade (2), Cancel (3): ",1
bot,"['brick', 'wood', 'sheep', 'wheat', 'ore']",resource,Which resource would you like to trade (give away): ,brick
bot,"[1, 2, 3, 4]",int,How many would you like to trade: ,1
bot,"['brick', 'wood', 'sheep', 'wheat', 'ore']",resource,Which resource would you like to trade: ,wheat
bot,"[1, 2, 3]",int,How many would you like to trade: ,1
bot,"['Y', 'N']",action,Green would you like to trade brick for wheat [Y/N]: ,Y
bot,"[1, 2, 4]",int,"1=Build, 2=Trade, 3=Dev Cards(Play/Select), 4=End: ",1
bot,"[1, 2, 3, 4]",int,"1=Settlement, 2=City, 3=Road, 4=End: ",1
bot,"[1, 2, 3, 4]",int,"1=Settlement, 2=City, 3=Road, 4=End: ",3
bot,"[8, 13, 15, 13, 27, 28, 51, 56, 63, 51, 64]",int,Choose road location - [0-71]: ,15
bot,"[1, 2, 3, 4]",int,"1=Settlement, 2=City, 3=Road, 4=End: ",2
bot,"[1, 2, 3, 4]",int,"1=Settlement, 2=City, 3=Road, 4=End: ",1
bot,"[1, 2, 3, 4]",int,"1=Settlement, 2=City, 3=Road, 4=End: ",4
bot,"[2, 4]",int,"1=Build, 2=Trade, 3=Dev Cards(Play/Select), 4=End: ",2
bot,"[1, 2, 3]",int,"Player Trade (1), Bank/Port Trade (2), Cancel (3): ",2
bot,"['brick', 'wood', 'sheep', 'wheat', 'ore']",resource,Which resource would you like to trade (give away): ,wheat
bot,"['brick', 'wood', 'sheep', 'wheat', 'ore']",resource,Which resource would you like to receive: ,wheat
bot,"[1, 2, 3]",int,"Player Trade (1), Bank/Port Trade (2), Cancel (3): ",2
bot,"['brick', 'wood', 'sheep', 'wheat', 'ore']",resource,Which resource would you like to trade (give away): ,ore
bot,"['brick', 'wood', 'sheep', 'wheat', 'ore']",resource,Which resource would you like to receive: ,ore
bot,"[1, 2, 3]",int,"Player Trade (1), Bank/Port Trade (2), Cancel (3): ",2
bot,"['brick', 'wood', 'sheep', 'wheat', 'ore']",resource,Which resource would you like to trade (give away): ,wood
bot,"['brick', 'wood', 'sheep', 'wheat', 'ore']",resource,Which resource would you like to receive: ,brick
bot,"[1, 2, 3]",int,"Player Trade (1), Bank/Port Trade (2), Cancel (3): ",1
bot,"['brick', 'wood', 'sheep', 'wheat', 'ore']",resource,Which resource would you like to trade (give away): ,wheat
bot,"[1, 2, 3, 4]",int,How many would you like to trade: ,3
bot,"['brick', 'wood', 'sheep', 'wheat', 'ore']",resource,Which resource would you like to trade: ,sheep
bot,"[1, 2, 3]",int,How many would you like to trade: ,2
bot,"['Y', 'N']",action,Green would you like to trade wheat for sheep [Y/N]: ,N
bot,"[2, 4]",int,"1=Build, 2=Trade, 3=Dev Cards(Play/Select), 4=End: ",4
bot,"[2, 4]",int,"1=Build, 2=Trade, 3=Dev Cards(Play/Select), 4=End: ",2
bot,"[1, 2, 3]",int,"Player Trade (1), Bank/Port Trade (2), Cancel (3): ",3
bot,"[2, 4]",int,"1=Build, 2=Trade, 3=Dev Cards(Play/Select), 4=End: ",2
bot,"[1, 2, 3]",int,"Player Trade (1), Bank/Port Trade (2), Cancel (3): ",2
bot,"['brick', 'wood', 'sheep', 'wheat', 'ore']",resource,Which resource would you like to trade (give away): ,brick
bot,"['brick', 'wood', 'sheep', 'wheat', 'ore']",resource,Which resource would you like to receive: ,brick
bot,"[1, 2, 3]",int,"Player Trade (1), Bank/Port Trade (2), Cancel (3): ",2
bot,"['brick', 'wood', 'sheep', 'wheat', 'ore']",resource,Which resource would you like to trade (give away): ,wheat
bot,"['brick', 'wood', 'sheep', 'wheat', 'ore']",resource,Which resource would you like to receive: ,brick
bot,"[1, 2, 3]",int,"Player Trade (1), Bank/Port Trade (2), Cancel (3): ",1
bot,"['brick', 'wood', 'sheep', 'wheat', 'ore']",resource,Which resource would you like to trade (give away): ,sheep
bot,"[1, 2, 3, 4]",int,How many would you like to trade: ,3
bot,"['brick', 'wood', 'sheep', 'wheat', 'ore']",resource,Which resource would you like to trade: ,ore
bot,"[1, 2, 3]",int,How many would you like to trade: ,1
bot,"['Y', 'N']",action,Red would you like to trade sheep for ore [Y/N]: ,Y
bot,"['Y', 'N']",action,Yellow would you like to trade sheep for ore [Y/N]: ,Y
bot,"['Y', 'N']",action,Green would you like to trade sheep for ore [Y/N]: ,N
bot,"[2, 4]",int,"1=Build, 2=Trade, 3=Dev Cards(Play/Select), 4=End: ",4
bot,"range(0, 18)",int,Choosen a Tile [0-18] to move the Robber to: ,4
bot,"['Yellow', 'Red']",player,"Choose a player to steal from {'Yellow', 'Red'}: ",Yellow
bot,"['wood', 'sheep', 'wheat', 'ore']",resource,"Which resource would you like to discard: brick, wood, sheep, wheat, ore: ",sheep
bot,"['wood', 'sheep', 'wheat', 'ore']",resource,"Which resource would you like to discard: brick, wood, sheep, wheat, ore: ",ore
bot,"['wood', 'sheep', 'wheat', 'ore']",resource,"Which resource would you like to discard: brick, wood, sheep, wheat, ore: ",wheat
bot,"['wood', 'sheep', 'ore']",resource,"Which resource would you like to discard: brick, wood, sheep, wheat, ore: ",wood
bot,"['wood', 'sheep', 'ore']",resource,"Which resource would you like to discard: brick, wood, sheep, wheat, ore: ",wood
bot,"['wood', 'sheep', 'ore']",resource,"Which resource would you like to discard: brick, wood, sheep, wheat, ore: ",ore
bot,"['wood', 'sheep', 'ore']",resource,"Which resource would you like to discard: brick, wood, sheep, wheat, ore: ",wood
bot,"['wood', 'sheep', 'ore']",resource,"Which resource would you like to discard: brick, wood, sheep, wheat, ore: ",ore
bot,"['sheep', 'wood']",resource,"Which resource would you like to discard: brick, wood, sheep, wheat, ore: ",sheep
bot,"['wood', 'sheep', 'ore']",resource,"Which resource would you like to discard: brick, wood, sheep, wheat, ore: ",ore
bot,"['wood', 'sheep', 'ore']",resource,"Which resource would you like to discard: brick, wood, sheep, wheat, ore: ",ore
bot,"['wood', 'sheep', 'ore']",resource,"Which resource would you like to discard: brick, wood, sheep, wheat, ore: ",ore
bot,"['sheep', 'wood']",resource,"Which resource would you like to discard: brick, wood, sheep, wheat, ore: ",sheep
bot,"['sheep', 'wood']",resource,"Which resource would you like to discard: brick, wood, sheep, wheat, ore: ",sheep
bot,"['sheep', 'wood']",resource,"Which resource would you like to discard: brick, wood, sheep, wheat, ore: ",wood
bot,"[1, 2, 3, 4]",int,"1=Build, 2=Trade, 3=Dev Cards(Play/Select), 4=End: ",3
bot,"[1, 2, 3]",int,"1=Collect, 2=Play, 3=End:",2
bot,"[1, 2, 3]",int,"1=Collect, 2=Play, 3=End:",2
bot,"[1, 2, 3]",int,"1=Collect, 2=Play, 3=End:",2
bot,"[1, 2, 3]",int,"1=Collect, 2=Play, 3=End:",1
bot,"[1, 2, 3]",int,"1=Collect, 2=Play, 3=End:",2
bot,['victory_point'],card,"Which dev card would you like to play from - [Monopoly(color=None, played=True, player=None, name='monopoly'), Knight(color=None, played=True, player=None, name='knight'), VictoryPoint(color=None, played=False, player=None, name='victory_point')]: ",victory_point
bot,"[2, 4]",int,"1=Build, 2=Trade, 3=Dev Cards(Play/Select), 4=End: ",2
bot,"[1, 2, 3]",int,"Player Trade (1), Bank/Port Trade (2), Cancel (3): ",3
bot,"[2, 4]",int,"1=Build, 2=Trade, 3=Dev Cards(Play/Select), 4=End: ",4
bot,"[2, 4]",int,"1=Build, 2=Trade, 3=Dev Cards(Play/Select), 4=End: ",2
bot,"[1, 2, 3]",int,"Player Trade (1), Bank/Port Trade (2), Cancel (3): ",3
bot,"[2, 4]",int,"1=Build, 2=Trade, 3=Dev Cards(Play/Select), 4=End: ",2
bot,"[1, 2, 3]",int,"Player Trade (1), Bank/Port Trade (2), Cancel (3): ",3
bot,"[2, 4]",int,"1=Build, 2=Trade, 3=Dev Cards(Play/Select), 4=End: ",4
bot,"[2, 4]",int,"1=Build, 2=Trade, 3=Dev Cards(Play/Select), 4=End: ",2
bot,"[1, 2, 3]",int,"Player Trade (1), Bank/Port Trade (2), Cancel (3): ",2
bot,"['brick', 'wood', 'sheep', 'wheat', 'ore']",resource,Which resource would you like to trade (give away): ,sheep
bot,"['brick', 'wood', 'sheep', 'wheat', 'ore']",resource,Which resource would you like to receive: ,wheat
bot,"[2, 4]",int,"1=Build, 2=Trade, 3=Dev Cards(Play/Select), 4=End: ",2
bot,"[1, 2, 3]",int,"Player Trade (1), Bank/Port Trade (2), Cancel (3): ",1
bot,"['brick', 'wood', 'sheep', 'wheat', 'ore']",resource,Which resource would you like to trade (give away): ,brick
bot,"[1, 2, 3, 4]",int,How many would you like to trade: ,3
bot,"['brick', 'wood', 'sheep', 'wheat', 'ore']",resource,Which resource would you like to trade: ,wood
bot,"[1, 2, 3]",int,How many would you like to trade: ,1
bot,"['Y', 'N']",action,Green would you like to trade brick for wood [Y/N]: ,N
bot,"[2, 4]",int,"1=Build, 2=Trade, 3=Dev Cards(Play/Select), 4=End: ",4
bot,"[2, 4]",int,"1=Build, 2=Trade, 3=Dev Cards(Play/Select), 4=End: ",4
bot,"range(0, 18)",int,Choosen a Tile [0-18] to move the Robber to: ,13
bot,"['Blue', 'Yellow']",player,"Choose a player to steal from {'Blue', 'Yellow'}: ",Blue
bot,"['sheep', 'wheat', 'wood']",resource,"Which resource would you like to discard: brick, wood, sheep, wheat, ore: ",sheep
bot,"['wheat', 'wood']",resource,"Which resource would you like to discard: brick, wood, sheep, wheat, ore: ",wheat
bot,"['wheat', 'wood']",resource,"Which resource would you like to discard: brick, wood, sheep, wheat, ore: ",wood
bot,"['wheat', 'wood']",resource,"Which resource would you like to discard: brick, wood, sheep, wheat, ore: ",wood
bot,"['wheat', 'wood']",resource,"Which resource would you like to discard: brick, wood, sheep, wheat, ore: ",wheat
bot,"[2, 4]",int,"1=Build, 2=Trade, 3=Dev Cards(Play/Select), 4=End: ",4
bot,"[2, 4]",int,"1=Build, 2=Trade, 3=Dev Cards(Play/Select), 4=End: ",4
bot,"[2, 4]",int,"1=Build, 2=Trade, 3=Dev Cards(Play/Select), 4=End: ",4
bot,"[2, 4]",int,"1=Build, 2=Trade, 3=Dev Cards(Play/Select), 4=End: ",2
bot,"[1, 2, 3]",int,"Player Trade (1), Bank/Port Trade (2), Cancel (3): ",1
bot,"['brick', 'wood', 'sheep', 'wheat', 'ore']",resource,Which resource would you like to trade (give away): ,wheat
bot,"[1, 2, 3, 4]",int,How many would you like to trade: ,2
bot,"['brick', 'wood', 'sheep', 'wheat', 'ore']",resource,Which resource would you like to trade: ,brick
bot,"[1, 2, 3]",int,How many would you like to trade: ,2
bot,"[2, 4]",int,"1=Build, 2=Trade, 3=Dev Cards(Play/Select), 4=End: ",2
bot,"[1, 2, 3]",int,"Player Trade (1), Bank/Port Trade (2), Cancel (3): ",3
bot,"[2, 4]",int,"1=Build, 2=Trade, 3=Dev Cards(Play/Select), 4=End: ",2
bot,"[1, 2, 3]",int,"Player Trade (1), Bank/Port Trade (2), Cancel (3): ",2
bot,"['brick', 'wood', 'sheep', 'wheat', 'ore']",resource,Which resource would you like to trade (give away): ,ore
bot,"['brick', 'wood', 'sheep', 'wheat', 'ore']",resource,Which resource would you like to receive: ,brick
bot,"[1, 2, 3]",int,"Player Trade (1), Bank/Port Trade (2), Cancel (3): ",3
bot,"[2, 4]",int,"1=Build, 2=Trade, 3=Dev Cards(Play/Select), 4=End: ",2
bot,"[1, 2, 3]",int,"Player Trade (1), Bank/Port Trade (2), Cancel (3): ",1
bot,"['brick', 'wood', 'sheep', 'wheat', 'ore']",resource,Which resource would you like to trade (give away): ,wheat
bot,"[1, 2, 3, 4]",int,How many would you like to trade: ,3
bot,"['brick', 'wood', 'sheep', 'wheat', 'ore']",resource,Which resource would you like to trade: ,ore
bot,"[1, 2, 3]",int,How many would you like to trade: ,2
bot,"[2, 4]",int,"1=Build, 2=Trade, 3=Dev Cards(Play/Select), 4=End: ",4
bot,"[2, 4]",int,"1=Build, 2=Trade, 3=Dev Cards(Play/Select), 4=End: ",2
bot,"[1, 2, 3]",int,"Player Trade (1), Bank/Port Trade (2), Cancel (3): ",1
bot,"['brick', 'wood', 'sheep', 'wheat', 'ore']",resource,Which resource would you like to trade (give away): ,ore
bot,"[1, 2, 3, 4]",int,How many would you like to trade: ,3
bot,"['brick', 'wood', 'sheep', 'wheat', 'ore']",resource,Which resource would you like to trade: ,wood
bot,"[1, 2, 3]",int,How many would you like to trade: ,3
bot,"[2, 4]",int,"1=Build, 2=Trade, 3=Dev Cards(Play/Select), 4=End: ",2
bot,"[1, 2, 3]",int,"Player Trade (1), Bank/Port Trade (2), Cancel (3): ",1
bot,"['brick', 'wood', 'sheep', 'wheat', 'ore']",resource,Which resource would you like to trade (give away): ,ore
bot,"[1, 2, 3, 4]",int,How many would you like to trade: ,4
bot,"['brick', 'wood', 'sheep', 'wheat', 'ore']",resource,Which resource would you like to trade: ,brick
bot,"[1, 2, 3]",int,How many would you like to trade: ,2
bot,"[2, 4]",int,"1=Build, 2=Trade, 3=Dev Cards(Play/Select), 4=End: ",4
bot,"[2, 4]",int,"1=Build, 2=Trade, 3=Dev Cards(Play/Select), 4=End: ",2
bot,"[1, 2, 3]",int,"Player Trade (1), Bank/Port Trade (2), Cancel (3): ",2
bot,"['brick', 'wood', 'sheep', 'wheat', 'ore']",resource,Which resource would you like to trade (give away): ,wood
bot,"['brick', 'wood', 'sheep', 'wheat', 'ore']",resource,Which resource would you like to receive: ,sheep
bot,"[2, 4]",int,"1=Build, 2=Trade, 3=Dev Cards(Play/Select), 4=End: ",2
bot,"[1, 2, 3]",int,"Player Trade (1), Bank/Port Trade (2), Cancel (3): ",1
bot,"['brick', 'wood', 'sheep', 'wheat', 'ore']",resource,Which resource would you like to trade (give away): ,wheat
bot,"[1, 2, 3, 4]",int,How many would you like to trade: ,2
bot,"['brick', 'wood', 'sheep', 'wheat', 'ore']",resource,Which resource would you like to trade: ,wood
bot,"[1, 2, 3]",int,How many would you like to trade: ,2
bot,"[2, 4]",int,"1=Build, 2=Trade, 3=Dev Cards(Play/Select), 4=End: ",4
bot,"[2, 4]",int,"1=Build, 2=Trade, 3=Dev Cards(Play/Select), 4=End: ",4
bot,"[2, 4]",int,"1=Build, 2=Trade, 3=Dev Cards(Play/Select), 4=End: ",2
bot,"[1, 2, 3]",int,"Player Trade (1), Bank/Port Trade (2), Cancel (3): ",1
bot,"['brick', 'wood', 'sheep', 'wheat', 'ore']",resource,Which resource would you like to trade (give away): ,wheat
bot,"[1, 2, 3, 4]",int,How many would you like to trade: ,2
bot,"['brick', 'wood', 'sheep', 'wheat', 'ore']",resource,Which resource would you like to trade: ,wheat
bot,"[1, 2, 3]",int,How many would you like to trade: ,3
bot,"[2, 4]",int,"1=Build, 2=Trade, 3=Dev Cards(Play/Select), 4=End: ",2
bot,"[1, 2, 3]",int,"Player Trade (1), Bank/Port Trade (2), Cancel (3): ",3
bot,"[2, 4]",int,"1=Build, 2=Trade, 3=Dev Cards(Play/Select), 4=End: ",4
bot,"[2, 4]",int,"1=Build, 2=Trade, 3=Dev Cards(Play/Select), 4=End: ",2
bot,"[1, 2, 3]",int,"Player Trade (1), Bank/Port Trade (2), Cancel (3): ",2
bot,"['brick', 'wood', 'sheep', 'wheat', 'ore']",resource,Which resource would you like to trade (give away): ,ore
bot,"['brick', 'wood', 'sheep', 'wheat', 'ore']",resource,Which resource would you like to receive: ,ore
bot,"[1, 2, 3]",int,"Player Trade (1), Bank/Port Trade (2), Cancel (3): ",1
bot,"['brick', 'wood', 'sheep', 'wheat', 'ore']",resource,Which resource would you like to trade (give away): ,wood
bot,"[1, 2, 3, 4]",int,How many would you like to trade: ,1
bot,"['brick', 'wood', 'sheep', 'wheat', 'ore']",resource,Which resource would you like to trade: ,wheat
bot,"[1, 2, 3]",int,How many would you like to trade: ,1
bot,"['Y', 'N']",action,Red would you like to trade wood for wheat [Y/N]: ,Y
bot,"['Y', 'N']",action,Yellow would you like to trade wood for wheat [Y/N]: ,N
bot,"[2, 4]",int,"1=Build, 2=Trade, 3=Dev Cards(Play/Select), 4=End: ",4
bot,"range(0, 18)",int,Choosen a Tile [0-18] to move the Robber to: ,13
bot,"range(0, 18)",int,Choosen a Tile [0-18] to move the Robber to: ,13
bot,"range(0, 18)",int,Choosen a Tile [0-18] to move the Robber to: ,15
bot,['Green'],player,Choose a player to steal from {'Green'}: ,Green
bot,"['sheep', 'wheat', 'wood']",resource,"Which resource would you like to discard: brick, wood, sheep, wheat, ore: ",wheat
bot,"['sheep', 'wood']",resource,"Which resource would you like to discard: brick, wood, sheep, wheat, ore: ",wood
bot,"['sheep', 'wood']",resource,"Which resource would you like to discard: brick, wood, sheep, wheat, ore: ",wood
bot,"['sheep', 'wood']",resource,"Which resource would you like to discard: brick, wood, sheep, wheat, ore: ",wood
bot,"['sheep', 'wood']",resource,"Which resource would you like to discard: brick, wood, sheep, wheat, ore: ",wood
bot,"['sheep', 'wood']",resource,"Which resource would you like to discard: brick, wood, sheep, wheat, ore: ",sheep
bot,"['sheep', 'wood']",resource,"Which resource would you like to discard: brick, wood, sheep, wheat, ore: ",sheep
bot,"['sheep', 'wood']",resource,"Which resource would you like to discard: brick, wood, sheep, wheat, ore: ",wood
bot,"['sheep', 'wood']",resource,"Which resource would you like to discard: brick, wood, sheep, wheat, ore: ",sheep
bot,"['sheep', 'wood']",resource,"Which resource would you like to discard: brick, wood, sheep, wheat, ore: ",wood
bot,"['sheep', 'wood']",resource,"Which resource would you like to discard: brick, wood, sheep, wheat, ore: ",wood
bot,"['sheep', 'wheat']",resource,"Which resource would you like to discard: brick, wood, sheep, wheat, ore: ",sheep
bot,"['sheep', 'wheat']",resource,"Which resource would you like to discard: brick, wood, sheep, wheat, ore: ",sheep
bot,"['sheep', 'wheat']",resource,"Which resource would you like to discard: brick, wood, sheep, wheat, ore: ",sheep
bot,"['sheep', 'wheat']",resource,"Which resource would you like to discard: brick, wood, sheep, wheat, ore: ",sheep
bot,"[2, 4]",int,"1=Build, 2=Trade, 3=Dev Cards(Play/Select), 4=End: ",4
bot,"[2, 4]",int,"1=Build, 2=Trade, 3=Dev Cards(Play/Select), 4=End: ",4
bot,"[2, 4]",int,"1=Build, 2=Trade, 3=Dev Cards(Play/Select), 4=End: ",4
bot,"range(0, 18)",int,Choosen a Tile [0-18] to move the Robber to: ,15
bot,"range(0, 18)",int,Choosen a Tile [0-18] to move the Robber to: ,2
bot,"['wood', 'sheep', 'wheat', 'ore']",resource,"Which resource would you like to discard: brick, wood, sheep, wheat, ore: ",ore
bot,"['wood', 'sheep', 'wheat', 'ore']",resource,"Which resource would you like to discard: brick, wood, sheep, wheat, ore: ",wood
bot,"['sheep', 'wheat', 'ore']",resource,"Which resource would you like to discard: brick, wood, sheep, wheat, ore: ",wheat
bot,"['sheep', 'wheat', 'ore']",resource,"Which resource would you like to discard: brick, wood, sheep, wheat, ore: ",ore
bot,"['sheep', 'wheat', 'ore', 'brick']",resource,"Which resource would you like to discard: brick, wood, sheep, wheat, ore: ",ore
bot,"['sheep', 'wheat', 'brick']",resource,"Which resource would you like to discard: brick, wood, sheep, wheat, ore: ",sheep
bot,"['sheep', 'wheat', 'brick']",resource,"Which resource would you like to discard: brick, wood, sheep, wheat, ore: ",sheep
bot,"['wheat', 'brick']",resource,"Which resource would you like to discard: brick, wood, sheep, wheat, ore: ",wheat
bot,"[2, 4]",int,"1=Build, 2=Trade, 3=Dev Cards(Play/Select), 4=End: ",4
bot,"range(0, 18)",int,Choosen a Tile [0-18] to move the Robber to: ,11
bot,"[2, 4]",int,"1=Build, 2=Trade, 3=Dev Cards(Play/Select), 4=End: ",2
bot,"[1, 2, 3]",int,"Player Trade (1), Bank/Port Trade (2), Cancel (3): ",2
bot,"['brick', 'wood', 'sheep', 'wheat', 'ore']",resource,Which resource would you like to trade (give away): ,sheep
bot,"['brick', 'wood', 'sheep', 'wheat', 'ore']",resource,Which resource would you like to receive: ,sheep
bot,"[2, 4]",int,"1=Build, 2=Trade, 3=Dev Cards(Play/Select), 4=End: ",2
bot,"[1, 2, 3]",int,"Player Trade (1), Bank/Port Trade (2), Cancel (3): ",1
bot,"['brick', 'wood', 'sheep', 'wheat', 'ore']",resource,Which resource would you like to trade (give away): ,sheep
bot,"[1, 2, 3, 4]",int,How many would you like to trade: ,1
bot,"['brick', 'wood', 'sheep', 'wheat', 'ore']",resource,Which resource would you like to trade: ,ore
bot,"[1, 2, 3]",int,How many would you like to trade: ,3
bot,"['Y', 'N']",action,Yellow would you like to trade sheep for ore [Y/N]: ,N
bot,"['Y', 'N']",action,Blue would you like to trade sheep for ore [Y/N]: ,N
bot,"[2, 4]",int,"1=Build, 2=Trade, 3=Dev Cards(Play/Select), 4=End: ",2
bot,"[1, 2, 3]",int,"Player Trade (1), Bank/Port Trade (2), Cancel (3): ",2
bot,"['brick', 'wood', 'sheep', 'wheat', 'ore']",resource,Which resource would you like to trade (give away): ,brick
bot,"['brick', 'wood', 'sheep', 'wheat', 'ore']",resource,Which resource would you like to receive: ,ore
bot,"[1, 2, 3]",int,"Player Trade (1), Bank/Port Trade (2), Cancel (3): ",1
bot,"['brick', 'wood', 'sheep', 'wheat', 'ore']",resource,Which resource would you like to trade (give away): ,sheep
bot,"[1, 2, 3, 4]",int,How many would you like to trade: ,1
bot,"['brick', 'wood', 'sheep', 'wheat', 'ore']",resource,Which resource would you like to trade: ,ore
bot,"[1, 2, 3]",int,How many would you like to trade: ,3
bot,"['Y', 'N']",action,Yellow would you like to trade sheep for ore [Y/N]: ,N
bot,"['Y', 'N']",action,Blue would you like to trade sheep for ore [Y/N]: ,Y
bot,"[2, 4]",int,"1=Build, 2=Trade, 3=Dev Cards(Play/Select), 4=End: ",4
bot,"range(0, 18)",int,Choosen a Tile [0-18] to move the Robber to: ,5
bot,['Blue'],player,Choose a player to steal from {'Blue'}: ,Blue
bot,"['sheep', 'wheat', 'wood']",resource,"Which resource would you like to discard: brick, wood, sheep, wheat, ore: ",sheep
bot,"['sheep', 'wheat', 'wood']",resource,"Which resource would you like to discard: brick, wood, sheep, wheat, ore: ",wood
bot,"['sheep', 'wheat', 'wood']",resource,"Which resource would you like to discard: brick, wood, sheep, wheat, ore: ",wheat
bot,"['sheep', 'wood']",resource,"Which resource would you like to discard: brick, wood, sheep, wheat, ore: ",wood
bot,"[2, 4]",int,"1=Build, 2=Trade, 3=Dev Cards(Play/Select), 4=End: ",2
bot,"[1, 2, 3]",int,"Player Trade (1), Bank/Port Trade (2), Cancel (3): ",2
bot,"['brick', 'wood', 'sheep', 'wheat', 'ore']",resource,Which resource would you like to trade (give away): ,sheep
bot,"['brick', 'wood', 'sheep', 'wheat', 'ore']",resource,Which resource would you like to receive: ,sheep
bot,"[2, 4]",int,"1=Build, 2=Trade, 3=Dev Cards(Play/Select), 4=End: ",4
bot,"[2, 4]",int,"1=Build, 2=Trade, 3=Dev Cards(Play/Select), 4=End: ",2
bot,"[1, 2, 3]",int,"Player Trade (1), Bank/Port Trade (2), Cancel (3): ",3
bot,"[2, 4]",int,"1=Build, 2=Trade, 3=Dev Cards(Play/Select), 4=End: ",2
bot,"[1, 2, 3]",int,"Player Trade (1), Bank/Port Trade (2), Cancel (3): ",2
bot,"['brick', 'wood', 'sheep', 'wheat', 'ore']",resource,Which resource would you like to trade (give away): ,wood
bot,"['brick', 'wood', 'sheep', 'wheat', 'ore']",resource,Which resource would you like to receive: ,brick
bot,"[1, 2, 3]",int,"Player Trade (1), Bank/Port Trade (2), Cancel (3): ",3
bot,"[2, 4]",int,"1=Build, 2=Trade, 3=Dev Cards(Play/Select), 4=End: ",2
bot,"[1, 2, 3]",int,"Player Trade (1), Bank/Port Trade (2), Cancel (3): ",1
bot,"['brick', 'wood', 'sheep', 'wheat', 'ore']",resource,Which resource would you like to trade (give away): ,wood
bot,"[1, 2, 3, 4]",int,How many would you like to trade: ,4
bot,"['brick', 'wood', 'sheep', 'wheat', 'ore']",resource,Which resource would you like to trade: ,wheat
bot,"[1, 2, 3]",int,How many would you like to trade: ,1
bot,"[2, 4]",int,"1=Build, 2=Trade, 3=Dev Cards(Play/Select), 4=End: ",2
bot,"[1, 2, 3]",int,"Player Trade (1), Bank/Port Trade (2), Cancel (3): ",1
bot,"['brick', 'wood', 'sheep', 'wheat', 'ore']",resource,Which resource would you like to trade (give away): ,brick
bot,"[1, 2, 3, 4]",int,How many would you like to trade: ,3
bot,"['brick', 'wood', 'sheep', 'wheat', 'ore']",resource,Which resource would you like to trade: ,wood
bot,"[1, 2, 3]",int,How many would you like to trade: ,1
bot,"['Y', 'N']",action,Green would you like to trade brick for wood [Y/N]: ,N
bot,"[2, 4]",int,"1=Build, 2=Trade, 3=Dev Cards(Play/Select), 4=End: ",2
bot,"[1, 2, 3]",int,"Player Trade (1), Bank/Port Trade (2), Cancel (3): ",3
bot,"[2, 4]",int,"1=Build, 2=Trade, 3=Dev Cards(Play/Select), 4=End: ",2
bot,"[1, 2, 3]",int,"Player Trade (1), Bank/Port Trade (2), Cancel (3): ",1
bot,"['brick', 'wood', 'sheep', 'wheat', 'ore']",resource,Which resource would you like to trade (give away): ,brick
bot,"[1, 2, 3, 4]",int,How many would you like to trade: ,4
bot,"['brick', 'wood', 'sheep', 'wheat', 'ore']",resource,Which resource would you like to trade: ,sheep
bot,"[1, 2, 3]",int,How many would you like to trade: ,1
bot,"['Y', 'N']",action,Green would you like to trade brick for sheep [Y/N]: ,N
bot,"[2, 4]",int,"1=Build, 2=Trade, 3=Dev Cards(Play/Select), 4=End: ",2
bot,"[1, 2, 3]",int,"Player Trade (1), Bank/Port Trade (2), Cancel (3): ",1
bot,"['brick', 'wood', 'sheep', 'wheat', 'ore']",resource,Which resource would you like to trade (give away): ,sheep
bot,"[1, 2, 3, 4]",int,How many would you like to trade: ,3
bot,"['brick', 'wood', 'sheep', 'wheat', 'ore']",resource,Which resource would you like to trade: ,wood
bot,"[1, 2, 3]",int,How many would you like to trade: ,3
bot,"['Y', 'N']",action,Red would you like to trade sheep for wood [Y/N]: ,N
bot,"[2, 4]",int,"1=Build, 2=Trade, 3=Dev Cards(Play/Select), 4=End: ",2
bot,"[1, 2, 3]",int,"Player Trade (1), Bank/Port Trade (2), Cancel (3): ",2
bot,"['brick', 'wood', 'sheep', 'wheat', 'ore']",resource,Which resource would you like to trade (give away): ,brick
bot,"['brick', 'wood', 'sheep', 'wheat', 'ore']",resource,Which resource would you like to receive: ,ore
bot,"[1, 2, 3]",int,"Player Trade (1), Bank/Port Trade (2), Cancel (3): ",3
bot,"[2, 4]",int,"1=Build, 2=Trade, 3=Dev Cards(Play/Select), 4=End: ",2
bot,"[1, 2, 3]",int,"Player Trade (1), Bank/Port Trade (2), Cancel (3): ",2
bot,"['brick', 'wood', 'sheep', 'wheat', 'ore']",resource,Which resource would you like to trade (give away): ,brick
bot,"['brick', 'wood', 'sheep', 'wheat', 'ore']",resource,Which resource would you like to receive: ,brick
bot,"[1, 2, 3]",int,"Player Trade (1), Bank/Port Trade (2), Cancel (3): ",3
bot,"[2, 4]",int,"1=Build, 2=Trade, 3=Dev Cards(Play/Select), 4=End: ",4
bot,"[2, 4]",int,"1=Build, 2=Trade, 3=Dev Cards(Play/Select), 4=End: ",2
bot,"[1, 2, 3]",int,"Player Trade (1), Bank/Port Trade (2), Cancel (3): ",3
bot,"[2, 4]",int,"1=Build, 2=Trade, 3=Dev Cards(Play/Select), 4=End: ",2
bot,"[1, 2, 3]",int,"Player Trade (1), Bank/Port Trade (2), Cancel (3): ",3
bot,"[2, 4]",int,"1=Build, 2=Trade, 3=Dev Cards(Play/Select), 4=End: ",4
bot,"[2, 4]",int,"1=Build, 2=Trade, 3=Dev Cards(Play/Select), 4=End: ",4
bot,"range(0, 18)",int,Choosen a Tile [0-18] to move the Robber to: ,7
bot,['Green'],player,Choose a player to steal from {'Green'}: ,Green
bot,"['sheep', 'wheat', 'wood']",resource,"Which resource would you like to discard: brick, wood, sheep, wheat, ore: ",wood
bot,"['sheep', 'wheat', 'wood']",resource,"Which resource would you like to discard: brick, wood, sheep, wheat, ore: ",wheat
bot,"['sheep', 'wood']",resource,"Which resource would you like to discard: brick, wood, sheep, wheat, ore: ",sheep
bot,"['sheep', 'wood']",resource,"Which resource would you like to discard: brick, wood, sheep, wheat, ore: ",sheep
bot,"[2, 4]",int,"1=Build, 2=Trade, 3=Dev Cards(Play/Select), 4=End: ",4
bot,"[2, 4]",int,"1=Build, 2=Trade, 3=Dev Cards(Play/Select), 4=End: ",2
bot,"[1, 2, 3]",int,"Player Trade (1), Bank/Port Trade (2), Cancel (3): ",2
bot,"['brick', 'wood', 'sheep', 'wheat', 'ore']",resource,Which resource would you like to trade (give away): ,sheep
bot,"['brick', 'wood', 'sheep', 'wheat', 'ore']",resource,Which resource would you like to receive: ,ore
bot,"[2, 4]",int,"1=Build, 2=Trade, 3=Dev Cards(Play/Select), 4=End: ",2
bot,"[1, 2, 3]",int,"Player Trade (1), Bank/Port Trade (2), Cancel (3): ",1
bot,"['brick', 'wood', 'sheep', 'wheat', 'ore']",resource,Which resource would you like to trade (give away): ,ore
bot,"[1, 2, 3, 4]",int,How many would you like to trade: ,1
bot,"['brick', 'wood', 'sheep', 'wheat', 'ore']",resource,Which resource would you like to trade: ,brick
bot,"[1, 2, 3]",int,How many would you like to trade: ,2
bot,"[2, 4]",int,"1=Build, 2=Trade, 3=Dev Cards(Play/Select), 4=End: ",2
bot,"[1, 2, 3]",int,"Player Trade (1), Bank/Port Trade (2), Cancel (3): ",2
bot,"['brick', 'wood', 'sheep', 'wheat', 'ore']",resource,Which resource would you like to trade (give away): ,sheep
bot,"['brick', 'wood', 'sheep', 'wheat', 'ore']",resource,Which resource would you like to receive: ,brick
bot,"[2, 4]",int,"1=Build, 2=Trade, 3=Dev Cards(Play/Select), 4=End: ",2
bot,"[1, 2, 3]",int,"Player Trade (1), Bank/Port Trade (2), Cancel (3): ",1
bot,"['brick', 'wood', 'sheep', 'wheat', 'ore']",resource,Which resource would you like to trade (give away): ,sheep
bot,"[1, 2, 3, 4]",int,How many would you like to trade: ,2
bot,"['brick', 'wood', 'sheep', 'wheat', 'ore']",resource,Which resource would you like to trade: ,wheat
bot,"[1, 2, 3]",int,How many would you like to trade: ,2
bot,"['Y', 'N']",action,Red would you like to trade sheep for wheat [Y/N]: ,N
bot,"['Y', 'N']",action,Yellow would you like to trade sheep for wheat [Y/N]: ,N
bot,"['Y', 'N']",action,Green would you like to trade sheep for wheat [Y/N]: ,Y
bot,"[2, 4]",int,"1=Build, 2=Trade, 3=Dev Cards(Play/Select), 4=End: ",4
bot,"[2, 4]",int,"1=Build, 2=Trade, 3=Dev Cards(Play/Select), 4=End: ",2
bot,"[1, 2, 3]",int,"Player Trade (1), Bank/Port Trade (2), Cancel (3): ",1
bot,"['brick', 'wood', 'sheep', 'wheat', 'ore']",resource,Which resource would you like to trade (give away): ,wood
bot,"[1, 2, 3, 4]",int,How many would you like to trade: ,3
bot,"['brick', 'wood', 'sheep', 'wheat', 'ore']",resource,Which resource would you like to trade: ,sheep
bot,"[1, 2, 3]",int,How many would you like to trade: ,1
bot,"['Y', 'N']",action,Red would you like to trade wood for sheep [Y/N]: ,N
bot,"[2, 4]",int,"1=Build, 2=Trade, 3=Dev Cards(Play/Select), 4=End: ",4
bot,"[2, 4]",int,"1=Build, 2=Trade, 3=Dev Cards(Play/Select), 4=End: ",2
bot,"[1, 2, 3]",int,"Player Trade (1), Bank/Port Trade (2), Cancel (3): ",1
bot,"['brick', 'wood', 'sheep', 'wheat', 'ore']",resource,Which resource would you like to trade (give away): ,wood
bot,"[1, 2, 3, 4]",int,How many would you like to trade: ,3
bot,"['brick', 'wood', 'sheep', 'wheat', 'ore']",resource,Which resource would you like to trade: ,wood
bot,"[1, 2, 3]",int,How many would you like to trade: ,2
bot,"[2, 4]",int,"1=Build, 2=Trade, 3=Dev Cards(Play/Select), 4=End: ",2
bot,"[1, 2, 3]",int,"Player Trade (1), Bank/Port Trade (2), Cancel (3): ",3
bot,"[2, 4]",int,"1=Build, 2=Trade, 3=Dev Cards(Play/Select), 4=End: ",2
bot,"[1, 2, 3]",int,"Player Trade (1), Bank/Port Trade (2), Cancel (3): ",3
bot,"[2, 4]",int,"1=Build, 2=Trade, 3=Dev Cards(Play/Select), 4=End: ",2
bot,"[1, 2, 3]",int,"Player Trade (1), Bank/Port Trade (2), Cancel (3): ",2
bot,"['brick', 'wood', 'sheep', 'wheat', 'ore']",resource,Which resource would you like to trade (give away): ,sheep
bot,"['brick', 'wood', 'sheep', 'wheat', 'ore']",resource,Which resource would you like to receive: ,wheat
bot,"[2, 4]",int,"1=Build, 2=Trade, 3=Dev Cards(Play/Select), 4=End: ",4
bot,"[2, 4]",int,"1=Build, 2=Trade, 3=Dev Cards(Play/Select), 4=End: ",2
bot,"[1, 2, 3]",int,"Player Trade (1), Bank/Port Trade (2), Cancel (3): ",1
bot,"['brick', 'wood', 'sheep', 'wheat', 'ore']",resource,Which resource would you like to trade (give away): ,brick
bot,"[1, 2, 3, 4]",int,How many would you like to trade: ,3
bot,"['brick', 'wood', 'sheep', 'wheat', 'ore']",resource,Which resource would you like to trade: ,ore
bot,"[1, 2, 3]",int,How many would you like to trade: ,3
bot,"['Y', 'N']",action,Blue would you like to trade brick for ore [Y/N]: ,N
bot,"['Y', 'N']",action,Green would you like to trade brick for ore [Y/N]: ,N
bot,"[2, 4]",int,"1=Build, 2=Trade, 3=Dev Cards(Play/Select), 4=End: ",2
bot,"[1, 2, 3]",int,"Player Trade (1), Bank/Port Trade (2), Cancel (3): ",1
bot,"['brick', 'wood', 'sheep', 'wheat', 'ore']",resource,Which resource would you like to trade (give away): ,brick
bot,"[1, 2, 3, 4]",int,How many would you like to trade: ,1
bot,"['brick', 'wood', 'sheep', 'wheat', 'ore']",resource,Which resource would you like to trade: ,wood
bot,"[1, 2, 3]",int,How many would you like to trade: ,1
bot,"['Y', 'N']",action,Blue would you like to trade brick for wood [Y/N]: ,Y
bot,"['Y', 'N']",action,Green would you like to trade brick for wood [Y/N]: ,N
bot,"[2, 4]",int,"1=Build, 2=Trade, 3=Dev Cards(Play/Select), 4=End: ",4
bot,"[1, 2, 4]",int,"1=Build, 2=Trade, 3=Dev Cards(Play/Select), 4=End: ",1
bot,"[1, 2, 3, 4]",int,"1=Settlement, 2=City, 3=Road, 4=End: ",2
bot,"[1, 2, 3, 4]",int,"1=Settlement, 2=City, 3=Road, 4=End: ",3
bot,"[21, 28, 30, 36, 35, 41, 43, 50]",int,Choose road location - [0-71]: ,43
bot,"[1, 2, 3, 4]",int,"1=Settlement, 2=City, 3=Road, 4=End: ",4
bot,"[2, 4]",int,"1=Build, 2=Trade, 3=Dev Cards(Play/Select), 4=End: ",2
bot,"[1, 2, 3]",int,"Player Trade (1), Bank/Port Trade (2), Cancel (3): ",3
bot,"[2, 4]",int,"1=Build, 2=Trade, 3=Dev Cards(Play/Select), 4=End: ",2
bot,"[1, 2, 3]",int,"Player Trade (1), Bank/Port Trade (2), Cancel (3): ",3
bot,"[2, 4]",int,"1=Build, 2=Trade, 3=Dev Cards(Play/Select), 4=End: ",2
bot,"[1, 2, 3]",int,"Player Trade (1), Bank/Port Trade (2), Cancel (3): ",3
bot,"[2, 4]",int,"1=Build, 2=Trade, 3=Dev Cards(Play/Select), 4=End: ",2
bot,"[1, 2, 3]",int,"Player Trade (1), Bank/Port Trade (2), Cancel (3): ",3
bot,"[2, 4]",int,"1=Build, 2=Trade, 3=Dev Cards(Play/Select), 4=End: ",4
bot,"[2, 4]",int,"1=Build, 2=Trade, 3=Dev Cards(Play/Select), 4=End: ",2
bot,"[1, 2, 3]",int,"Player Trade (1), Bank/Port Trade (2), Cancel (3): ",2
bot,"['brick', 'wood', 'sheep', 'wheat', 'ore']",resource,Which resource would you like to trade (give away): ,sheep
bot,"['brick', 'wood', 'sheep', 'wheat', 'ore']",resource,Which resource would you like to receive: ,wheat
bot,"[1, 2, 3]",int,"Player Trade (1), Bank/Port Trade (2), Cancel (3): ",2
bot,"['brick', 'wood', 'sheep', 'wheat', 'ore']",resource,Which resource would you like to trade (give away): ,ore
bot,"['brick', 'wood', 'sheep', 'wheat', 'ore']",resource,Which resource would you like to receive: ,wheat
bot,"[1, 2, 3]",int,"Player Trade (1), Bank/Port Trade (2), Cancel (3): ",2
bot,"['brick', 'wood', 'sheep', 'wheat', 'ore']",resource,Which resource would you like to trade (give away): ,ore
bot,"['brick', 'wood', 'sheep', 'wheat', 'ore']",resource,Which resource would you like to receive: ,wheat
bot,"[1, 2, 3]",int,"Player Trade (1), Bank/Port Trade (2), Cancel (3): ",3
bot,"[2, 4]",int,"1=Build, 2=Trade, 3=Dev Cards(Play/Select), 4=End: ",2
bot,"[1, 2, 3]",int,"Player Trade (1), Bank/Port Trade (2), Cancel (3): ",3
bot,"[2, 4]",int,"1=Build, 2=Trade, 3=Dev Cards(Play/Select), 4=End: ",2
bot,"[1, 2, 3]",int,"Player Trade (1), Bank/Port Trade (2), Cancel (3): ",2
bot,"['brick', 'wood', 'sheep', 'wheat', 'ore']",resource,Which resource would you like to trade (give away): ,sheep
bot,"['brick', 'wood', 'sheep', 'wheat', 'ore']",resource,Which resource would you like to receive: ,brick
bot,"[1, 2, 3]",int,"Player Trade (1), Bank/Port Trade (2), Cancel (3): ",3
bot,"[2, 4]",int,"1=Build, 2=Trade, 3=Dev Cards(Play/Select), 4=End: ",2
bot,"[1, 2, 3]",int,"Player Trade (1), Bank/Port Trade (2), Cancel (3): ",2
bot,"['brick', 'wood', 'sheep', 'wheat', 'ore']",resource,Which resource would you like to trade (give away): ,wheat
bot,"['brick', 'wood', 'sheep', 'wheat', 'ore']",resource,Which resource would you like to receive: ,sheep
bot,"[1, 2, 3]",int,"Player Trade (1), Bank/Port Trade (2), Cancel (3): ",2
bot,"['brick', 'wood', 'sheep', 'wheat', 'ore']",resource,Which resource would you like to trade (give away): ,sheep
bot,"['brick', 'wood', 'sheep', 'wheat', 'ore']",resource,Which resource would you like to receive: ,wood
bot,"[1, 2, 3]",int,"Player Trade (1), Bank/Port Trade (2), Cancel (3): ",1
bot,"['brick', 'wood', 'sheep', 'wheat', 'ore']",resource,Which resource would you like to trade (give away): ,ore
bot,"[1, 2, 3, 4]",int,How many would you like to trade: ,4
bot,"['brick', 'wood', 'sheep', 'wheat', 'ore']",resource,Which resource would you like to trade: ,ore
bot,"[1, 2, 3]",int,How many would you like to trade: ,1
bot,"[2, 4]",int,"1=Build, 2=Trade, 3=Dev Cards(Play/Select), 4=End: ",2
bot,"[1, 2, 3]",int,"Player Trade (1), Bank/Port Trade (2), Cancel (3): ",3
bot,"[2, 4]",int,"1=Build, 2=Trade, 3=Dev Cards(Play/Select), 4=End: ",2
bot,"[1, 2, 3]",int,"Player Trade (1), Bank/Port Trade (2), Cancel (3): ",3
bot,"[2, 4]",int,"1=Build, 2=Trade, 3=Dev Cards(Play/Select), 4=End: ",4
bot,"[2, 4]",int,"1=Build, 2=Trade, 3=Dev Cards(Play/Select), 4=End: ",4
bot,"[2, 4]",int,"1=Build, 2=Trade, 3=Dev Cards(Play/Select), 4=End: ",4
bot,"[2, 4]",int,"1=Build, 2=Trade, 3=Dev Cards(Play/Select), 4=End: ",4
bot,"[2, 4]",int,"1=Build, 2=Trade, 3=Dev Cards(Play/Select), 4=End: ",4
bot,"[2, 4]",int,"1=Build, 2=Trade, 3=Dev Cards(Play/Select), 4=End: ",2
bot,"[1, 2, 3]",int,"Player Trade (1), Bank/Port Trade (2), Cancel (3): ",2
bot,"['brick', 'wood', 'sheep', 'wheat', 'ore']",resource,Which resource would you like to trade (give away): ,ore
bot,"['brick', 'wood', 'sheep', 'wheat', 'ore']",resource,Which resource would you like to receive: ,wood
bot,"[1, 2, 3]",int,"Player Trade (1), Bank/Port Trade (2), Cancel (3): ",2
bot,"['brick', 'wood', 'sheep', 'wheat', 'ore']",resource,Which resource would you like to trade (give away): ,wheat
bot,"['brick', 'wood', 'sheep', 'wheat', 'ore']",resource,Which resource would you like to receive: ,wheat
bot,"[1, 2, 3]",int,"Player Trade (1), Bank/Port Trade (2), Cancel (3): ",2
bot,"['brick', 'wood', 'sheep', 'wheat', 'ore']",resource,Which resource would you like to trade (give away): ,wheat
bot,"['brick', 'wood', 'sheep', 'wheat', 'ore']",resource,Which resource would you like to receive: ,brick
bot,"[1, 2, 3]",int,"Player Trade (1), Bank/Port Trade (2), Cancel (3): ",1
bot,"['brick', 'wood', 'sheep', 'wheat', 'ore']",resource,Which resource would you like to trade (give away): ,wood
bot,"[1, 2, 3, 4]",int,How many would you like to trade: ,1
bot,"['brick', 'wood', 'sheep', 'wheat', 'ore']",resource,Which resource would you like to trade: ,wood
bot,"[1, 2, 3]",int,How many would you like to trade: ,2
bot,"['Y', 'N']",action,Yellow would you like to trade wood for wood [Y/N]: ,N
bot,"[2, 4]",int,"1=Build, 2=Trade, 3=Dev Cards(Play/Select), 4=End: ",4
bot,"[1, 2, 4]",int,"1=Build, 2=Trade, 3=Dev Cards(Play/Select), 4=End: ",1
bot,"[1, 2, 3, 4]",int,"1=Settlement, 2=City, 3=Road, 4=End: ",4
bot,"[1, 2, 4]",int,"1=Build, 2=Trade, 3=Dev Cards(Play/Select), 4=End: ",2
bot,"[1, 2, 3]",int,"Player Trade (1), Bank/Port Trade (2), Cancel (3): ",2
bot,"['brick', 'wood', 'sheep', 'wheat', 'ore']",resource,Which resource would you like to trade (give away): ,brick
bot,"['brick', 'wood', 'sheep', 'wheat', 'ore']",resource,Which resource would you like to receive: ,sheep
bot,"[1, 2, 3]",int,"Player Trade (1), Bank/Port Trade (2), Cancel (3): ",2
bot,"['brick', 'wood', 'sheep', 'wheat', 'ore']",resource,Which resource would you like to trade (give away): ,sheep
bot,"['brick', 'wood', 'sheep', 'wheat', 'ore']",resource,Which resource would you like to receive: ,sheep
bot,"[1, 2, 4]",int,"1=Build, 2=Trade, 3=Dev Cards(Play/Select), 4=End: ",4
bot,"range(0, 18)",int,Choosen a Tile [0-18] to move the Robber to: ,17
bot,"['Red', 'Yellow']",player,"Choose a player to steal from {'Red', 'Yellow'}: ",Yellow
bot,"['sheep', 'wheat', 'wood']",resource,"Which resource would you like to discard: brick, wood, sheep, wheat, ore: ",wood
bot,"['sheep', 'wheat', 'wood']",resource,"Which resource would you like to discard: brick, wood, sheep, wheat, ore: ",sheep
bot,"['sheep', 'wheat', 'wood']",resource,"Which resource would you like to discard: brick, wood, sheep, wheat, ore: ",wheat
bot,"['sheep', 'wood']",resource,"Which resource would you like to discard: brick, wood, sheep, wheat, ore: ",sheep
bot,"['sheep', 'wood']",resource,"Which resource would you like to discard: brick, wood, sheep, wheat, ore: ",wood
bot,"['sheep', 'wood']",resource,"Which resource would you like to discard: brick, wood, sheep, wheat, ore: ",wood
bot,"['sheep', 'wood', 'brick']",resource,"Which resource would you like to discard: brick, wood, sheep, wheat, ore: ",brick
bot,"['sheep', 'wood', 'brick']",resource,"Which resource would you like to discard: brick, wood, sheep, wheat, ore: ",sheep
bot,"['sheep', 'wood', 'brick']",resource,"Which resource would you like to discard: brick, wood, sheep, wheat, ore: ",wood
bot,"['sheep', 'brick']",resource,"Which resource would you like to discard: brick, wood, sheep, wheat, ore: ",sheep
bot,"['sheep', 'brick']",resource,"Which resource would you like to discard: brick, wood, sheep, wheat, ore: ",brick
bot,"['sheep', 'wheat', 'brick']",resource,"Which resource would you like to discard: brick, wood, sheep, wheat, ore: ",sheep
bot,"['sheep', 'wheat', 'brick']",resource,"Which resource would you like to discard: brick, wood, sheep, wheat, ore: ",sheep
bot,"['wheat', 'brick']",resource,"Which resource would you like to discard: brick, wood, sheep, wheat, ore: ",brick
bot,"['wheat', 'brick']",resource,"Which resource would you like to discard: brick, wood, sheep, wheat, ore: ",brick
bot,"['wheat', 'brick']",resource,"Which resource would you like to discard: brick, wood, sheep, wheat, ore: ",brick
bot,"[1, 2, 4]",int,"1=Build, 2=Trade, 3=Dev Cards(Play/Select), 4=End: ",2
bot,"[1, 2, 3]",int,"Player Trade (1), Bank/Port Trade (2), Cancel (3): ",2
bot,"['brick', 'wood', 'sheep', 'wheat', 'ore']",resource,Which resource would you like to trade (give away): ,sheep
bot,"['brick', 'wood', 'sheep', 'wheat', 'ore']",resource,Which resource would you like to receive: ,sheep
bot,"[1, 2, 4]",int,"1=Build, 2=Trade, 3=Dev Cards(Play/Select), 4=End: ",4
bot,"[2, 4]",int,"1=Build, 2=Trade, 3=Dev Cards(Play/Select), 4=End: ",4
bot,"range(0, 18)",int,Choosen a Tile [0-18] to move the Robber to: ,16
bot,['Yellow'],player,Choose a player to steal from {'Yellow'}: ,Yellow
bot,"['sheep', 'wood']",resource,"Which resource would you like to discard: brick, wood, sheep, wheat, ore: ",sheep
bot,"['sheep', 'wood']",resource,"Which resource would you like to discard: brick, wood, sheep, wheat, ore: ",sheep
bot,"['sheep', 'wood']",resource,"Which resource would you like to discard: brick, wood, sheep, wheat, ore: ",wood
bot,"['sheep', 'wood']",resource,"Which resource would you like to discard: brick, wood, sheep, wheat, ore: ",wood
bot,"[2, 4]",int,"1=Build, 2=Trade, 3=Dev Cards(Play/Select), 4=End: ",4
bot,"[2, 4]",int,"1=Build, 2=Trade, 3=Dev Cards(Play/Select), 4=End: ",2
bot,"[1, 2, 3]",int,"Player Trade (1), Bank/Port Trade (2), Cancel (3): ",2
bot,"['brick', 'wood', 'sheep', 'wheat', 'ore']",resource,Which resource would you like to trade (give away): ,sheep
bot,"['brick', 'wood', 'sheep', 'wheat', 'ore']",resource,Which resource would you like to receive: ,wood
bot,"[2, 4]",int,"1=Build, 2=Trade, 3=Dev Cards(Play/Select), 4=End: ",4
bot,"[1, 2, 4]",int,"1=Build, 2=Trade, 3=Dev Cards(Play/Select), 4=End: ",4
bot,"[2, 4]",int,"1=Build, 2=Trade, 3=Dev Cards(Play/Select), 4=End: ",4
bot,"[2, 4]",int,"1=Build, 2=Trade, 3=Dev Cards(Play/Select), 4=End: ",2
bot,"[1, 2, 3]",int,"Player Trade (1), Bank/Port Trade (2), Cancel (3): ",2
bot,"['brick', 'wood', 'sheep', 'wheat', 'ore']",resource,Which resource would you like to trade (give away): ,ore
bot,"['brick', 'wood', 'sheep', 'wheat', 'ore']",resource,Which resource would you like to receive: ,sheep
bot,"[1, 2, 3]",int,"Player Trade (1), Bank/Port Trade (2), Cancel (3): ",2
bot,"['brick', 'wood', 'sheep', 'wheat', 'ore']",resource,Which resource would you like to trade (give away): ,ore
bot,"['brick', 'wood', 'sheep', 'wheat', 'ore']",resource,Which resource would you like to receive: ,wheat
bot,"[1, 2, 3]",int,"Player Trade (1), Bank/Port Trade (2), Cancel (3): ",1
bot,"['brick', 'wood', 'sheep', 'wheat', 'ore']",resource,Which resource would you like to trade (give away): ,brick
bot,"[1, 2, 3, 4]",int,How many would you like to trade: ,3
bot,"['brick', 'wood', 'sheep', 'wheat', 'ore']",resource,Which resource would you like to trade: ,wood
bot,"[1, 2, 3]",int,How many would you like to trade: ,2
bot,"['Y', 'N']",action,Blue would you like to trade brick for wood [Y/N]: ,Y
bot,"['Y', 'N']",action,Green would you like to trade brick for wood [Y/N]: ,N
bot,"[1, 2, 4]",int,"1=Build, 2=Trade, 3=Dev Cards(Play/Select), 4=End: ",2
bot,"[1, 2, 3]",int,"Player Trade (1), Bank/Port Trade (2), Cancel (3): ",3
bot,"[1, 2, 4]",int,"1=Build, 2=Trade, 3=Dev Cards(Play/Select), 4=End: ",1
bot,"[1, 2, 3, 4]",int,"1=Settlement, 2=City, 3=Road, 4=End: ",1
bot,"[1, 2, 3, 4]",int,"1=Settlement, 2=City, 3=Road, 4=End: ",3
bot,"[7, 11, 13, 64, 61, 65]",int,Choose road location - [0-71]: ,13
bot,"[1, 2, 3, 4]",int,"1=Settlement, 2=City, 3=Road, 4=End: ",3
bot,"[1, 2, 3, 4]",int,"1=Settlement, 2=City, 3=Road, 4=End: ",3
bot,"[1, 2, 3, 4]",int,"1=Settlement, 2=City, 3=Road, 4=End: ",1
bot,"[1, 2, 3, 4]",int,"1=Settlement, 2=City, 3=Road, 4=End: ",4
bot,"[2, 4]",int,"1=Build, 2=Trade, 3=Dev Cards(Play/Select), 4=End: ",4
bot,"[2, 4]",int,"1=Build, 2=Trade, 3=Dev Cards(Play/Select), 4=End: ",2
bot,"[1, 2, 3]",int,"Player Trade (1), Bank/Port Trade (2), Cancel (3): ",1
bot,"['brick', 'wood', 'sheep', 'wheat', 'ore']",resource,Which resource would you like to trade (give away): ,wood
bot,"[1, 2, 3, 4]",int,How many would you like to trade: ,3
bot,"['brick', 'wood', 'sheep', 'wheat', 'ore']",resource,Which resource would you like to trade: ,ore
bot,"[1, 2, 3]",int,How many would you like to trade: ,1
bot,"['Y', 'N']",action,Blue would you like to trade wood for ore [Y/N]: ,N
bot,"[2, 4]",int,"1=Build, 2=Trade, 3=Dev Cards(Play/Select), 4=End: ",4
bot,"[1, 2, 4]",int,"1=Build, 2=Trade, 3=Dev Cards(Play/Select), 4=End: ",4
bot,"[1, 2, 3, 4]",int,"1=Build, 2=Trade, 3=Dev Cards(Play/Select), 4=End: ",2
bot,"[1, 2, 3]",int,"Player Trade (1), Bank/Port Trade (2), Cancel (3): ",3
bot,"[1, 2, 3, 4]",int,"1=Build, 2=Trade, 3=Dev Cards(Play/Select), 4=End: ",1
bot,"[1, 2, 3, 4]",int,"1=Settlement, 2=City, 3=Road, 4=End: ",3
bot,"[1, 2, 3, 4]",int,"1=Settlement, 2=City, 3=Road, 4=End: ",3
bot,"[1, 2, 3, 4]",int,"1=Settlement, 2=City, 3=Road, 4=End: ",4
bot,"[1, 2, 3, 4]",int,"1=Build, 2=Trade, 3=Dev Cards(Play/Select), 4=End: ",4
bot,"range(0, 18)",int,Choosen a Tile [0-18] to move the Robber to: ,2
bot,"['sheep', 'wheat', 'ore', 'brick']",resource,"Which resource would you like to discard: brick, wood, sheep, wheat, ore: ",wheat
bot,"['sheep', 'wheat', 'ore', 'brick']",resource,"Which resource would you like to discard: brick, wood, sheep, wheat, ore: ",ore
bot,"['sheep', 'wheat', 'brick']",resource,"Which resource would you like to discard: brick, wood, sheep, wheat, ore: ",brick
bot,"['sheep', 'wheat']",resource,"Which resource would you like to discard: brick, wood, sheep, wheat, ore: ",sheep
bot,"['sheep', 'wheat']",resource,"Which resource would you like to discard: brick, wood, sheep, wheat, ore: ",sheep
bot,"['sheep', 'wheat', 'wood']",resource,"Which resource would you like to discard: brick, wood, sheep, wheat, ore: ",wheat
bot,"['sheep', 'wood']",resource,"Which resource would you like to discard: brick, wood, sheep, wheat, ore: ",sheep
bot,"['sheep', 'wood']",resource,"Which resource would you like to discard: brick, wood, sheep, wheat, ore: ",wood
bot,"['sheep', 'wood']",resource,"Which resource would you like to discard: brick, wood, sheep, wheat, ore: ",wood
bot,"['sheep', 'wood', 'brick']",resource,"Which resource would you like to discard: brick, wood, sheep, wheat, ore: ",sheep
bot,"['sheep', 'wood', 'brick']",resource,"Which resource would you like to discard: brick, wood, sheep, wheat, ore: ",wood
bot,"['sheep', 'wood', 'brick']",resource,"Which resource would you like to discard: brick, wood, sheep, wheat, ore: ",sheep
bot,"['sheep', 'wood', 'brick']",resource,"Which resource would you like to discard: brick, wood, sheep, wheat, ore: ",brick
bot,"['sheep', 'wheat', 'ore', 'brick']",resource,"Which resource would you like to discard: brick, wood, sheep, wheat, ore: ",sheep
bot,"['sheep', 'wheat', 'ore', 'brick']",resource,"Which resource would you like to discard: brick, wood, sheep, wheat, ore: ",sheep
bot,"['wheat', 'ore', 'brick']",resource,"Which resource would you like to discard: brick, wood, sheep, wheat, ore: ",wheat
bot,"['wheat', 'ore', 'brick']",resource,"Which resource would you like to discard: brick, wood, sheep, wheat, ore: ",wheat
bot,"['wheat', 'ore', 'brick']",resource,"Which resource would you like to discard: brick, wood, sheep, wheat, ore: ",wheat
bot,"[2, 4]",int,"1=Build, 2=Trade, 3=Dev Cards(Play/Select), 4=End: ",4
bot,"range(0, 18)",int,Choosen a Tile [0-18] to move the Robber to: ,15
bot,['Green'],player,Choose a player to steal from {'Green'}: ,Green
bot,"[2, 4]",int,"1=Build, 2=Trade, 3=Dev Cards(Play/Select), 4=End: ",4
bot,"[2, 4]",int,"1=Build, 2=Trade, 3=Dev Cards(Play/Select), 4=End: ",2
bot,"[1, 2, 3]",int,"Player Trade (1), Bank/Port Trade (2), Cancel (3): ",1
bot,"['brick', 'wood', 'sheep', 'wheat', 'ore']",resource,Which resource would you like to trade (give away): ,ore
bot,"[1, 2, 3, 4]",int,How many would you like to trade: ,2
bot,"['brick', 'wood', 'sheep', 'wheat', 'ore']",resource,Which resource would you like to trade: ,ore
bot,"[1, 2, 3]",int,How many would you like to trade: ,1
bot,"['Y', 'N']",action,Yellow would you like to trade ore for ore [Y/N]: ,N
bot,"['Y', 'N']",action,Green would you like to trade ore for ore [Y/N]: ,N
bot,"[2, 4]",int,"1=Build, 2=Trade, 3=Dev Cards(Play/Select), 4=End: ",4
bot,"range(0, 18)",int,Choosen a Tile [0-18] to move the Robber to: ,14
bot,['Red'],player,Choose a player to steal from {'Red'}: ,Red
bot,"[1, 2, 3, 4]",int,"1=Build, 2=Trade, 3=Dev Cards(Play/Select), 4=End: ",1
bot,"[1, 2, 3, 4]",int,"1=Settlement, 2=City, 3=Road, 4=End: ",4
bot,"[1, 2, 3, 4]",int,"1=Build, 2=Trade, 3=Dev Cards(Play/Select), 4=End: ",1
bot,"[1, 2, 3, 4]",int,"1=Settlement, 2=City, 3=Road, 4=End: ",3
bot,"[1, 2, 3, 4]",int,"1=Settlement, 2=City, 3=Road, 4=End: ",3
bot,"[1, 2, 3, 4]",int,"1=Settlement, 2=City, 3=Road, 4=End: ",1
bot,"[1, 2, 3, 4]",int,"1=Settlement, 2=City, 3=Road, 4=End: ",3
bot,"[1, 2, 3, 4]",int,"1=Settlement, 2=City, 3=Road, 4=End: ",4
bot,"[1, 2, 3, 4]",int,"1=Build, 2=Trade, 3=Dev Cards(Play/Select), 4=End: ",1
bot,"[1, 2, 3, 4]",int,"1=Settlement, 2=City, 3=Road, 4=End: ",1
bot,"[1, 2, 3, 4]",int,"1=Settlement, 2=City, 3=Road, 4=End: ",2
bot,"[1, 2, 3, 4]",int,"1=Settlement, 2=City, 3=Road, 4=End: ",1
bot,"[1, 2, 3, 4]",int,"1=Settlement, 2=City, 3=Road, 4=End: ",2
bot,"[1, 2, 3, 4]",int,"1=Settlement, 2=City, 3=Road, 4=End: ",2
bot,"[1, 2, 3, 4]",int,"1=Settlement, 2=City, 3=Road, 4=End: ",2
bot,"[1, 2, 3, 4]",int,"1=Settlement, 2=City, 3=Road, 4=End: ",2
bot,"[1, 2, 3, 4]",int,"1=Settlement, 2=City, 3=Road, 4=End: ",2
bot,"[1, 2, 3, 4]",int,"1=Settlement, 2=City, 3=Road, 4=End: ",2
bot,"[1, 2, 3, 4]",int,"1=Settlement, 2=City, 3=Road, 4=End: ",3
bot,"[1, 2, 3, 4]",int,"1=Settlement, 2=City, 3=Road, 4=End: ",3
bot,"[1, 2, 3, 4]",int,"1=Settlement, 2=City, 3=Road, 4=End: ",4
bot,"[1, 2, 3, 4]",int,"1=Build, 2=Trade, 3=Dev Cards(Play/Select), 4=End: ",1
bot,"[1, 2, 3, 4]",int,"1=Settlement, 2=City, 3=Road, 4=End: ",1
bot,"[1, 2, 3, 4]",int,"1=Settlement, 2=City, 3=Road, 4=End: ",3
bot,"[1, 2, 3, 4]",int,"1=Settlement, 2=City, 3=Road, 4=End: ",4
bot,"[1, 2, 3, 4]",int,"1=Build, 2=Trade, 3=Dev Cards(Play/Select), 4=End: ",1
bot,"[1, 2, 3, 4]",int,"1=Settlement, 2=City, 3=Road, 4=End: ",1
bot,"[1, 2, 3, 4]",int,"1=Settlement, 2=City, 3=Road, 4=End: ",3
bot,"[1, 2, 3, 4]",int,"1=Settlement, 2=City, 3=Road, 4=End: ",2
bot,"[1, 2, 3, 4]",int,"1=Settlement, 2=City, 3=Road, 4=End: ",1
bot,"[1, 2, 3, 4]",int,"1=Settlement, 2=City, 3=Road, 4=End: ",1
bot,"[1, 2, 3, 4]",int,"1=Settlement, 2=City, 3=Road, 4=End: ",2
bot,"[1, 2, 3, 4]",int,"1=Settlement, 2=City, 3=Road, 4=End: ",2
bot,"[1, 2, 3, 4]",int,"1=Settlement, 2=City, 3=Road, 4=End: ",3
bot,"[1, 2, 3, 4]",int,"1=Settlement, 2=City, 3=Road, 4=End: ",3
bot,"[1, 2, 3, 4]",int,"1=Settlement, 2=City, 3=Road, 4=End: ",3
bot,"[1, 2, 3, 4]",int,"1=Settlement, 2=City, 3=Road, 4=End: ",1
bot,"[1, 2, 3, 4]",int,"1=Settlement, 2=City, 3=Road, 4=End: ",3
bot,"[1, 2, 3, 4]",int,"1=Settlement, 2=City, 3=Road, 4=End: ",4
bot,"[1, 2, 3, 4]",int,"1=Build, 2=Trade, 3=Dev Cards(Play/Select), 4=End: ",1
bot,"[1, 2, 3, 4]",int,"1=Settlement, 2=City, 3=Road, 4=End: ",4
bot,"[1, 2, 3, 4]",int,"1=Build, 2=Trade, 3=Dev Cards(Play/Select), 4=End: ",1
bot,"[1, 2, 3, 4]",int,"1=Settlement, 2=City, 3=Road, 4=End: ",2
bot,"[1, 2, 3, 4]",int,"1=Settlement, 2=City, 3=Road, 4=End: ",2
bot,"[1, 2, 3, 4]",int,"1=Settlement, 2=City, 3=Road, 4=End: ",3
bot,"[1, 2, 3, 4]",int,"1=Settlement, 2=City, 3=Road, 4=End: ",1
bot,"[1, 2, 3, 4]",int,"1=Settlement, 2=City, 3=Road, 4=End: ",3
bot,"[1, 2, 3, 4]",int,"1=Settlement, 2=City, 3=Road, 4=End: ",1
bot,"[1, 2, 3, 4]",int,"1=Settlement, 2=City, 3=Road, 4=End: ",1
bot,"[1, 2, 3, 4]",int,"1=Settlement, 2=City, 3=Road, 4=End: ",2
bot,"[1, 2, 3, 4]",int,"1=Settlement, 2=City, 3=Road, 4=End: ",1
bot,"[1, 2, 3, 4]",int,"1=Settlement, 2=City, 3=Road, 4=End: ",2
bot,"[1, 2, 3, 4]",int,"1=Settlement, 2=City, 3=Road, 4=End: ",3
bot,"[1, 2, 3, 4]",int,"1=Settlement, 2=City, 3=Road, 4=End: ",3
bot,"[1, 2, 3, 4]",int,"1=Settlement, 2=City, 3=Road, 4=End: ",4
bot,"[1, 2, 3, 4]",int,"1=Build, 2=Trade, 3=Dev Cards(Play/Select), 4=End: ",2
bot,"[1, 2, 3]",int,"Player Trade (1), Bank/Port Trade (2), Cancel (3): ",3
bot,"[1, 2, 3, 4]",int,"1=Build, 2=Trade, 3=Dev Cards(Play/Select), 4=End: ",4
bot,"[2, 4]",int,"1=Build, 2=Trade, 3=Dev Cards(Play/Select), 4=End: ",2
bot,"[1, 2, 3]",int,"Player Trade (1), Bank/Port Trade (2), Cancel (3): ",3
bot,"[2, 4]",int,"1=Build, 2=Trade, 3=Dev Cards(Play/Select), 4=End: ",4
bot,"range(0, 18)",int,Choosen a Tile [0-18] to move the Robber to: ,13
bot,['Blue'],player,Choose a player to steal from {'Blue'}: ,Blue
bot,"[2, 4]",int,"1=Build, 2=Trade, 3=Dev Cards(Play/Select), 4=End: ",4
bot,"[2, 4]",int,"1=Build, 2=Trade, 3=Dev Cards(Play/Select), 4=End: ",4
bot,"[1, 2, 3, 4]",int,"1=Build, 2=Trade, 3=Dev Cards(Play/Select), 4=End: ",3
bot,"[1, 2, 3]",int,"1=Collect, 2=Play, 3=End:",2
bot,"[1, 2, 3]",int,"1=Collect, 2=Play, 3=End:",3
bot,"[1, 2, 3, 4]",int,"1=Build, 2=Trade, 3=Dev Cards(Play/Select), 4=End: ",1
bot,"[1, 2, 3, 4]",int,"1=Settlement, 2=City, 3=Road, 4=End: ",1
bot,"[1, 2, 3, 4]",int,"1=Settlement, 2=City, 3=Road, 4=End: ",3
bot,"[1, 2, 3, 4]",int,"1=Settlement, 2=City, 3=Road, 4=End: ",1
bot,"[1, 2, 3, 4]",int,"1=Settlement, 2=City, 3=Road, 4=End: ",2
bot,"[1, 2, 3, 4]",int,"1=Settlement, 2=City, 3=Road, 4=End: ",4
bot,"[1, 2, 3, 4]",int,"1=Build, 2=Trade, 3=Dev Cards(Play/Select), 4=End: ",4
bot,"[2, 4]",int,"1=Build, 2=Trade, 3=Dev Cards(Play/Select), 4=End: ",4
bot,"[2, 4]",int,"1=Build, 2=Trade, 3=Dev Cards(Play/Select), 4=End: ",4
bot,"[2, 4]",int,"1=Build, 2=Trade, 3=Dev Cards(Play/Select), 4=End: ",4
bot,"[1, 2, 3, 4]",int,"1=Build, 2=Trade, 3=Dev Cards(Play/Select), 4=End: ",4
bot,"range(0, 18)",int,Choosen a Tile [0-18] to move the Robber to: ,15
bot,['Green'],player,Choose a player to steal from {'Green'}: ,Green
bot,"['sheep', 'wheat', 'ore']",resource,"Which resource would you like to discard: brick, wood, sheep, wheat, ore: ",sheep
bot,"['sheep', 'wheat', 'ore']",resource,"Which resource would you like to discard: brick, wood, sheep, wheat, ore: ",sheep
bot,"['sheep', 'wheat', 'ore']",resource,"Which resource would you like to discard: brick, wood, sheep, wheat, ore: ",sheep
bot,"['sheep', 'wheat', 'ore']",resource,"Which resource would you like to discard: brick, wood, sheep, wheat, ore: ",ore
bot,"['sheep', 'wheat', 'ore']",resource,"Which resource would you like to discard: brick, wood, sheep, wheat, ore: ",sheep
bot,"['sheep', 'wheat', 'ore']",resource,"Which resource would you like to discard: brick, wood, sheep, wheat, ore: ",sheep
bot,"['sheep', 'wheat', 'ore']",resource,"Which resource would you like to discard: brick, wood, sheep, wheat, ore: ",sheep
bot,"['wood', 'sheep', 'ore']",resource,"Which resource would you like to discard: brick, wood, sheep, wheat, ore: ",sheep
bot,"['wood', 'sheep', 'ore']",resource,"Which resource would you like to discard: brick, wood, sheep, wheat, ore: ",wood
bot,"['wood', 'sheep', 'ore']",resource,"Which resource would you like to discard: brick, wood, sheep, wheat, ore: ",wood
bot,"['wood', 'sheep', 'ore']",resource,"Which resource would you like to discard: brick, wood, sheep, wheat, ore: ",ore
bot,"['sheep', 'wood']",resource,"Which resource would you like to discard: brick, wood, sheep, wheat, ore: ",sheep
bot,"['sheep', 'wood']",resource,"Which resource would you like to discard: brick, wood, sheep, wheat, ore: ",sheep
bot,"['sheep', 'ore', 'brick']",resource,"Which resource would you like to discard: brick, wood, sheep, wheat, ore: ",brick
bot,"['sheep', 'ore', 'brick']",resource,"Which resource would you like to discard: brick, wood, sheep, wheat, ore: ",sheep
bot,"['sheep', 'ore', 'brick']",resource,"Which resource would you like to discard: brick, wood, sheep, wheat, ore: ",ore
bot,"['sheep', 'ore', 'brick']",resource,"Which resource would you like to discard: brick, wood, sheep, wheat, ore: ",brick
bot,"[1, 2, 3, 4]",int,"1=Build, 2=Trade, 3=Dev Cards(Play/Select), 4=End: ",4
bot,"range(0, 18)",int,Choosen a Tile [0-18] to move the Robber to: ,17
bot,['Red'],player,Choose a player to steal from {'Red'}: ,Red
bot,"['sheep', 'wood']",resource,"Which resource would you like to discard: brick, wood, sheep, wheat, ore: ",sheep
bot,"['sheep', 'wood']",resource,"Which resource would you like to discard: brick, wood, sheep, wheat, ore: ",wood
bot,"['sheep', 'wood']",resource,"Which resource would you like to discard: brick, wood, sheep, wheat, ore: ",sheep
bot,"['sheep', 'wood']",resource,"Which resource would you like to discard: brick, wood, sheep, wheat, ore: ",wood
bot,"[2, 4]",int,"1=Build, 2=Trade, 3=Dev Cards(Play/Select), 4=End: ",4
bot,"[2, 4]",int,"1=Build, 2=Trade, 3=Dev Cards(Play/Select), 4=End: ",4
bot,"range(0, 18)",int,Choosen a Tile [0-18] to move the Robber to: ,9
bot,['Blue'],player,Choose a player to steal from {'Blue'}: ,Blue
bot,"['sheep', 'wheat', 'ore']",resource,"Which resource would you like to discard: brick, wood, sheep, wheat, ore: ",ore
bot,"['sheep', 'wheat']",resource,"Which resource would you like to discard: brick, wood, sheep, wheat, ore: ",sheep
bot,"['sheep', 'wheat']",resource,"Which resource would you like to discard: brick, wood, sheep, wheat, ore: ",wheat
bot,"['sheep', 'wheat']",resource,"Which resource would you like to discard: brick, wood, sheep, wheat, ore: ",sheep
bot,"[2, 4]",int,"1=Build, 2=Trade, 3=Dev Cards(Play/Select), 4=End: ",2
bot,"[1, 2, 3]",int,"Player Trade (1), Bank/Port Trade (2), Cancel (3): ",2
bot,"['brick', 'wood', 'sheep', 'wheat', 'ore']",resource,Which resource would you like to trade (give away): ,ore
bot,"['brick', 'wood', 'sheep', 'wheat', 'ore']",resource,Which resource would you like to receive: ,brick
bot,"[1, 2, 3]",int,"Player Trade (1), Bank/Port Trade (2), Cancel (3): ",1
bot,"['brick', 'wood', 'sheep', 'wheat', 'ore']",resource,Which resource would you like to trade (give away): ,ore
bot,"[1, 2, 3, 4]",int,How many would you like to trade: ,2
bot,"['brick', 'wood', 'sheep', 'wheat', 'ore']",resource,Which resource would you like to trade: ,brick
bot,"[1, 2, 3]",int,How many would you like to trade: ,3
bot,"[2, 4]",int,"1=Build, 2=Trade, 3=Dev Cards(Play/Select), 4=End: ",2
bot,"[1, 2, 3]",int,"Player Trade (1), Bank/Port Trade (2), Cancel (3): ",1
bot,"['brick', 'wood', 'sheep', 'wheat', 'ore']",resource,Which resource would you like to trade (give away): ,wood
bot,"[1, 2, 3, 4]",int,How many would you like to trade: ,4
bot,"['brick', 'wood', 'sheep', 'wheat', 'ore']",resource,Which resource would you like to trade: ,sheep
bot,"[1, 2, 3]",int,How many would you like to trade: ,2
bot,"['Y', 'N']",action,Blue would you like to trade wood for sheep [Y/N]: ,Y
bot,"[1, 2, 4]",int,"1=Build, 2=Trade, 3=Dev Cards(Play/Select), 4=End: ",4
bot,"[2, 4]",int,"1=Build, 2=Trade, 3=Dev Cards(Play/Select), 4=End: ",4
bot,"range(0, 18)",int,Choosen a Tile [0-18] to move the Robber to: ,16
bot,['sheep'],resource,"Which resource would you like to discard: brick, wood, sheep, wheat, ore: ",sheep
bot,['sheep'],resource,"Which resource would you like to discard: brick, wood, sheep, wheat, ore: ",sheep
bot,['sheep'],resource,"Which resource would you like to discard: brick, wood, sheep, wheat, ore: ",sheep
bot,['sheep'],resource,"Which resource would you like to discard: brick, wood, sheep, wheat, ore: ",sheep
bot,"[2, 4]",int,"1=Build, 2=Trade, 3=Dev Cards(Play/Select), 4=End: ",2
bot,"[1, 2, 3]",int,"Player Trade (1), Bank/Port Trade (2), Cancel (3): ",1
bot,"['brick', 'wood', 'sheep', 'wheat', 'ore']",resource,Which resource would you like to trade (give away): ,wood
bot,"[1, 2, 3, 4]",int,How many would you like to trade: ,1
bot,"['brick', 'wood', 'sheep', 'wheat', 'ore']",resource,Which resource would you like to trade: ,brick
bot,"[1, 2, 3]",int,How many would you like to trade: ,1
bot,"['Y', 'N']",action,Red would you like to trade wood for brick [Y/N]: ,Y
bot,"['Y', 'N']",action,Green would you like to trade wood for brick [Y/N]: ,N
bot,"[2, 4]",int,"1=Build, 2=Trade, 3=Dev Cards(Play/Select), 4=End: ",2
bot,"[1, 2, 3]",int,"Player Trade (1), Bank/Port Trade (2), Cancel (3): ",1
bot,"['brick', 'wood', 'sheep', 'wheat', 'ore']",resource,Which resource would you like to trade (give away): ,sheep
bot,"[1, 2, 3, 4]",int,How many would you like to trade: ,3
bot,"['brick', 'wood', 'sheep', 'wheat', 'ore']",resource,Which resource would you like to trade: ,sheep
bot,"[1, 2, 3]",int,How many would you like to trade: ,1
bot,"['Y', 'N']",action,Red would you like to trade sheep for sheep [Y/N]: ,Y
bot,"['Y', 'N']",action,Blue would you like to trade sheep for sheep [Y/N]: ,Y
bot,"[2, 4]",int,"1=Build, 2=Trade, 3=Dev Cards(Play/Select), 4=End: ",2
bot,"[1, 2, 3]",int,"Player Trade (1), Bank/Port Trade (2), Cancel (3): ",2
bot,"['brick', 'wood', 'sheep', 'wheat', 'ore']",resource,Which resource would you like to trade (give away): ,wheat
bot,"['brick', 'wood', 'sheep', 'wheat', 'ore']",resource,Which resource would you like to receive: ,wood
bot,"[1, 2, 3]",int,"Player Trade (1), Bank/Port Trade (2), Cancel (3): ",2
bot,"['brick', 'wood', 'sheep', 'wheat', 'ore']",resource,Which resource would you like to trade (give away): ,ore
bot,"['brick', 'wood', 'sheep', 'wheat', 'ore']",resource,Which resource would you like to receive: ,wheat
bot,"[1, 2, 3]",int,"Player Trade (1), Bank/Port Trade (2), Cancel (3): ",3
bot,"[2, 4]",int,"1=Build, 2=Trade, 3=Dev Cards(Play/Select), 4=End: ",4
bot,"[2, 4]",int,"1=Build, 2=Trade, 3=Dev Cards(Play/Select), 4=End: ",4
bot,"[1, 2, 4]",int,"1=Build, 2=Trade, 3=Dev Cards(Play/Select), 4=End: ",4
bot,"[1, 2, 4]",int,"1=Build, 2=Trade, 3=Dev Cards(Play/Select), 4=End: ",4
bot,"[2, 4]",int,"1=Build, 2=Trade, 3=Dev Cards(Play/Select), 4=End: ",4
bot,"range(0, 18)",int,Choosen a Tile [0-18] to move the Robber to: ,17
bot,"['Red', 'Yellow']",player,"Choose a player to steal from {'Red', 'Yellow'}: ",Red
bot,"['sheep', 'wheat', 'wood']",resource,"Which resource would you like to discard: brick, wood, sheep, wheat, ore: ",sheep
bot,"['sheep', 'wheat', 'wood']",resource,"Which resource would you like to discard: brick, wood, sheep, wheat, ore: ",sheep
bot,"['sheep', 'wheat', 'wood']",resource,"Which resource would you like to discard: brick, wood, sheep, wheat, ore: ",wood
bot,"['sheep', 'wheat', 'wood']",resource,"Which resource would you like to discard: brick, wood, sheep, wheat, ore: ",wood
bot,"['sheep', 'wheat', 'wood']",resource,"Which resource would you like to discard: brick, wood, sheep, wheat, ore: ",sheep
bot,"['sheep', 'brick']",resource,"Which resource would you like to discard: brick, wood, sheep, wheat, ore: ",sheep
bot,"['sheep', 'brick']",resource,"Which resource would you like to discard: brick, wood, sheep, wheat, ore: ",sheep
bot,"['sheep', 'brick']",resource,"Which resource would you like to discard: brick, wood, sheep, wheat, ore: ",sheep
bot,"['sheep', 'brick']",resource,"Which resource would you like to discard: brick, wood, sheep, wheat, ore: ",sheep
bot,"[2, 4]",int,"1=Build, 2=Trade, 3=Dev Cards(Play/Select), 4=End: ",4
bot,"[1, 2, 4]",int,"1=Build, 2=Trade, 3=Dev Cards(Play/Select), 4=End: ",1
bot,"[1, 2, 3, 4]",int,"1=Settlement, 2=City, 3=Road, 4=End: ",3
bot,"[10, 11, 26, 33, 26, 40, 41, 37, 45, 47, 45]",int,Choose road location - [0-71]: ,40
bot,"[1, 2, 3, 4]",int,"1=Settlement, 2=City, 3=Road, 4=End: ",4
bot,"[2, 4]",int,"1=Build, 2=Trade, 3=Dev Cards(Play/Select), 4=End: ",4
bot,"[2, 4]",int,"1=Build, 2=Trade, 3=Dev Cards(Play/Select), 4=End: ",4
bot,"[2, 4]",int,"1=Build, 2=Trade, 3=Dev Cards(Play/Select), 4=End: ",2
bot,"[1, 2, 3]",int,"Player Trade (1), Bank/Port Trade (2), Cancel (3): ",3
bot,"[2, 4]",int,"1=Build, 2=Trade, 3=Dev Cards(Play/Select), 4=End: ",2
bot,"[1, 2, 3]",int,"Player Trade (1), Bank/Port Trade (2), Cancel (3): ",3
bot,"[2, 4]",int,"1=Build, 2=Trade, 3=Dev Cards(Play/Select), 4=End: ",2
bot,"[1, 2, 3]",int,"Player Trade (1), Bank/Port Trade (2), Cancel (3): ",1
bot,"['brick', 'wood', 'sheep', 'wheat', 'ore']",resource,Which resource would you like to trade (give away): ,wheat
bot,"[1, 2, 3, 4]",int,How many would you like to trade: ,4
bot,"['brick', 'wood', 'sheep', 'wheat', 'ore']",resource,Which resource would you like to trade: ,brick
bot,"[1, 2, 3]",int,How many would you like to trade: ,3
bot,"['Y', 'N']",action,Red would you like to trade wheat for brick [Y/N]: ,N
bot,"[2, 4]",int,"1=Build, 2=Trade, 3=Dev Cards(Play/Select), 4=End: ",4
bot,"[2, 4]",int,"1=Build, 2=Trade, 3=Dev Cards(Play/Select), 4=End: ",4
bot,"[2, 4]",int,"1=Build, 2=Trade, 3=Dev Cards(Play/Select), 4=End: ",2
bot,"[1, 2, 3]",int,"Player Trade (1), Bank/Port Trade (2), Cancel (3): ",1
bot,"['brick', 'wood', 'sheep', 'wheat', 'ore']",resource,Which resource would you like to trade (give away): ,wheat
bot,"[1, 2, 3, 4]",int,How many would you like to trade: ,1
bot,"['brick', 'wood', 'sheep', 'wheat', 'ore']",resource,Which resource would you like to trade: ,wood
bot,"[1, 2, 3]",int,How many would you like to trade: ,1
bot,"['Y', 'N']",action,Red would you like to trade wheat for wood [Y/N]: ,N
bot,"['Y', 'N']",action,Yellow would you like to trade wheat for wood [Y/N]: ,Y
bot,"[2, 4]",int,"1=Build, 2=Trade, 3=Dev Cards(Play/Select), 4=End: ",4
bot,"[2, 4]",int,"1=Build, 2=Trade, 3=Dev Cards(Play/Select), 4=End: ",4
bot,"[2, 4]",int,"1=Build, 2=Trade, 3=Dev Cards(Play/Select), 4=End: ",2
bot,"[1, 2, 3]",int,"Player Trade (1), Bank/Port Trade (2), Cancel (3): ",2
bot,"['brick', 'wood', 'sheep', 'wheat', 'ore']",resource,Which resource would you like to trade (give away): ,brick
bot,"['brick', 'wood', 'sheep', 'wheat', 'ore']",resource,Which resource would you like to receive: ,ore
bot,"[1, 2, 3]",int,"Player Trade (1), Bank/Port Trade (2), Cancel (3): ",2
bot,"['brick', 'wood', 'sheep', 'wheat', 'ore']",resource,Which resource would you like to trade (give away): ,brick
bot,"['brick', 'wood', 'sheep', 'wheat', 'ore']",resource,Which resource would you like to receive: ,ore
bot,"[1, 2, 3]",int,"Player Trade (1), Bank/Port Trade (2), Cancel (3): ",2
bot,"['brick', 'wood', 'sheep', 'wheat', 'ore']",resource,Which resource would you like to trade (give away): ,ore
bot,"['brick', 'wood', 'sheep', 'wheat', 'ore']",resource,Which resource would you like to receive: ,sheep
bot,"[1, 2, 3]",int,"Player Trade (1), Bank/Port Trade (2), Cancel (3): ",2
bot,"['brick', 'wood', 'sheep', 'wheat', 'ore']",resource,Which resource would you like to trade (give away): ,brick
bot,"['brick', 'wood', 'sheep', 'wheat', 'ore']",resource,Which resource would you like to receive: ,wood
bot,"[1, 2, 3]",int,"Player Trade (1), Bank/Port Trade (2), Cancel (3): ",3
bot,"[2, 4]",int,"1=Build, 2=Trade, 3=Dev Cards(Play/Select), 4=End: ",2
bot,"[1, 2, 3]",int,"Player Trade (1), Bank/Port Trade (2), Cancel (3): ",1
bot,"['brick', 'wood', 'sheep', 'wheat', 'ore']",resource,Which resource would you like to trade (give away): ,sheep
bot,"[1, 2, 3, 4]",int,How many would you like to trade: ,3
bot,"['brick', 'wood', 'sheep', 'wheat', 'ore']",resource,Which resource would you like to trade: ,brick
bot,"[1, 2, 3]",int,How many would you like to trade: ,3
bot,"['Y', 'N']",action,Blue would you like to trade sheep for brick [Y/N]: ,N
bot,"[2, 4]",int,"1=Build, 2=Trade, 3=Dev Cards(Play/Select), 4=End: ",2
bot,"[1, 2, 3]",int,"Player Trade (1), Bank/Port Trade (2), Cancel (3): ",2
bot,"['brick', 'wood', 'sheep', 'wheat', 'ore']",resource,Which resource would you like to trade (give away): ,ore
bot,"['brick', 'wood', 'sheep', 'wheat', 'ore']",resource,Which resource would you like to receive: ,brick
bot,"[1, 2, 3]",int,"Player Trade (1), Bank/Port Trade (2), Cancel (3): ",1
bot,"['brick', 'wood', 'sheep', 'wheat', 'ore']",resource,Which resource would you like to trade (give away): ,wheat
bot,"[1, 2, 3, 4]",int,How many would you like to trade: ,1
bot,"['brick', 'wood', 'sheep', 'wheat', 'ore']",resource,Which resource would you like to trade: ,wood
bot,"[1, 2, 3]",int,How many would you like to trade: ,2
bot,"['Y', 'N']",action,Red would you like to trade wheat for wood [Y/N]: ,N
bot,"['Y', 'N']",action,Green would you like to trade wheat for wood [Y/N]: ,Y
bot,"[2, 4]",int,"1=Build, 2=Trade, 3=Dev Cards(Play/Select), 4=End: ",2
bot,"[1, 2, 3]",int,"Player Trade (1), Bank/Port Trade (2), Cancel (3): ",3
bot,"[2, 4]",int,"1=Build, 2=Trade, 3=Dev Cards(Play/Select), 4=End: ",4
bot,"[2, 4]",int,"1=Build, 2=Trade, 3=Dev Cards(Play/Select), 4=End: ",2
bot,"[1, 2, 3]",int,"Player Trade (1), Bank/Port Trade (2), Cancel (3): ",1
bot,"['brick', 'wood', 'sheep', 'wheat', 'ore']",resource,Which resource would you like to trade (give away): ,wheat
bot,"[1, 2, 3, 4]",int,How many would you like to trade: ,1
bot,"['brick', 'wood', 'sheep', 'wheat', 'ore']",resource,Which resource would you like to trade: ,wheat
bot,"[1, 2, 3]",int,How many would you like to trade: ,1
bot,"['Y', 'N']",action,Red would you like to trade wheat for wheat [Y/N]: ,N
bot,"['Y', 'N']",action,Yellow would you like to trade wheat for wheat [Y/N]: ,N
bot,"[2, 4]",int,"1=Build, 2=Trade, 3=Dev Cards(Play/Select), 4=End: ",4
bot,"[2, 4]",int,"1=Build, 2=Trade, 3=Dev Cards(Play/Select), 4=End: ",4
bot,"[2, 4]",int,"1=Build, 2=Trade, 3=Dev Cards(Play/Select), 4=End: ",4
bot,"[2, 4]",int,"1=Build, 2=Trade, 3=Dev Cards(Play/Select), 4=End: ",4
bot,"[2, 4]",int,"1=Build, 2=Trade, 3=Dev Cards(Play/Select), 4=End: ",2
bot,"[1, 2, 3]",int,"Player Trade (1), Bank/Port Trade (2), Cancel (3): ",2
bot,"['brick', 'wood', 'sheep', 'wheat', 'ore']",resource,Which resource would you like to trade (give away): ,brick
bot,"['brick', 'wood', 'sheep', 'wheat', 'ore']",resource,Which resource would you like to receive: ,wood
bot,"[1, 2, 3]",int,"Player Trade (1), Bank/Port Trade (2), Cancel (3): ",1
bot,"['brick', 'wood', 'sheep', 'wheat', 'ore']",resource,Which resource would you like to trade (give away): ,brick
bot,"[1, 2, 3, 4]",int,How many would you like to trade: ,3
bot,"['brick', 'wood', 'sheep', 'wheat', 'ore']",resource,Which resource would you like to trade: ,wheat
bot,"[1, 2, 3]",int,How many would you like to trade: ,2
bot,"['Y', 'N']",action,Green would you like to trade brick for wheat [Y/N]: ,N
bot,"[2, 4]",int,"1=Build, 2=Trade, 3=Dev Cards(Play/Select), 4=End: ",2
bot,"[1, 2, 3]",int,"Player Trade (1), Bank/Port Trade (2), Cancel (3): ",1
bot,"['brick', 'wood', 'sheep', 'wheat', 'ore']",resource,Which resource would you like to trade (give away): ,wheat
bot,"[1, 2, 3, 4]",int,How many would you like to trade: ,2
bot,"['brick', 'wood', 'sheep', 'wheat', 'ore']",resource,Which resource would you like to trade: ,wheat
bot,"[1, 2, 3]",int,How many would you like to trade: ,1
bot,"['Y', 'N']",action,Red would you like to trade wheat for wheat [Y/N]: ,Y
bot,"['Y', 'N']",action,Yellow would you like to trade wheat for wheat [Y/N]: ,Y
bot,"['Y', 'N']",action,Green would you like to trade wheat for wheat [Y/N]: ,N
bot,"[2, 4]",int,"1=Build, 2=Trade, 3=Dev Cards(Play/Select), 4=End: ",2
bot,"[1, 2, 3]",int,"Player Trade (1), Bank/Port Trade (2), Cancel (3): ",1
bot,"['brick', 'wood', 'sheep', 'wheat', 'ore']",resource,Which resource would you like to trade (give away): ,wood
bot,"[1, 2, 3, 4]",int,How many would you like to trade: ,3
bot,"['brick', 'wood', 'sheep', 'wheat', 'ore']",resource,Which resource would you like to trade: ,wheat
bot,"[1, 2, 3]",int,How many would you like to trade: ,1
bot,"['Y', 'N']",action,Red would you like to trade wood for wheat [Y/N]: ,N
bot,"['Y', 'N']",action,Yellow would you like to trade wood for wheat [Y/N]: ,Y
bot,"[1, 2, 4]",int,"1=Build, 2=Trade, 3=Dev Cards(Play/Select), 4=End: ",2
bot,"[1, 2, 3]",int,"Player Trade (1), Bank/Port Trade (2), Cancel (3): ",3
bot,"[1, 2, 4]",int,"1=Build, 2=Trade, 3=Dev Cards(Play/Select), 4=End: ",1
bot,"[1, 2, 3, 4]",int,"1=Settlement, 2=City, 3=Road, 4=End: ",4
bot,"[1, 2, 4]",int,"1=Build, 2=Trade, 3=Dev Cards(Play/Select), 4=End: ",2
bot,"[1, 2, 3]",int,"Player Trade (1), Bank/Port Trade (2), Cancel (3): ",2
bot,"['brick', 'wood', 'sheep', 'wheat', 'ore']",resource,Which resource would you like to trade (give away): ,wood
bot,"['brick', 'wood', 'sheep', 'wheat', 'ore']",resource,Which resource would you like to receive: ,sheep
bot,"[1, 2, 3]",int,"Player Trade (1), Bank/Port Trade (2), Cancel (3): ",2
bot,"['brick', 'wood', 'sheep', 'wheat', 'ore']",resource,Which resource would you like to trade (give away): ,brick
bot,"['brick', 'wood', 'sheep', 'wheat', 'ore']",resource,Which resource would you like to receive: ,brick
bot,"[1, 2, 3]",int,"Player Trade (1), Bank/Port Trade (2), Cancel (3): ",2
bot,"['brick', 'wood', 'sheep', 'wheat', 'ore']",resource,Which resource would you like to trade (give away): ,sheep
bot,"['brick', 'wood', 'sheep', 'wheat', 'ore']",resource,Which resource would you like to receive: ,ore
bot,"[1, 2, 4]",int,"1=Build, 2=Trade, 3=Dev Cards(Play/Select), 4=End: ",2
bot,"[1, 2, 3]",int,"Player Trade (1), Bank/Port Trade (2), Cancel (3): ",1
bot,"['brick', 'wood', 'sheep', 'wheat', 'ore']",resource,Which resource would you like to trade (give away): ,wood
bot,"[1, 2, 3, 4]",int,How many would you like to trade: ,4
bot,"['brick', 'wood', 'sheep', 'wheat', 'ore']",resource,Which resource would you like to trade: ,brick
bot,"[1, 2, 3]",int,How many would you like to trade: ,2
bot,"['Y', 'N']",action,Red would you like to trade wood for brick [Y/N]: ,N
bot,"['Y', 'N']",action,Yellow would you like to trade wood for brick [Y/N]: ,Y
bot,"[2, 4]",int,"1=Build, 2=Trade, 3=Dev Cards(Play/Select), 4=End: ",2
bot,"[1, 2, 3]",int,"Player Trade (1), Bank/Port Trade (2), Cancel (3): ",1
bot,"['brick', 'wood', 'sheep', 'wheat', 'ore']",resource,Which resource would you like to trade (give away): ,sheep
bot,"[1, 2, 3, 4]",int,How many would you like to trade: ,3
bot,"['brick', 'wood', 'sheep', 'wheat', 'ore']",resource,Which resource would you like to trade: ,brick
bot,"[1, 2, 3]",int,How many would you like to trade: ,3
bot,"['Y', 'N']",action,Yellow would you like to trade sheep for brick [Y/N]: ,Y
bot,"[2, 4]",int,"1=Build, 2=Trade, 3=Dev Cards(Play/Select), 4=End: ",4
bot,"[2, 4]",int,"1=Build, 2=Trade, 3=Dev Cards(Play/Select), 4=End: ",4
bot,"[2, 4]",int,"1=Build, 2=Trade, 3=Dev Cards(Play/Select), 4=End: ",2
bot,"[1, 2, 3]",int,"Player Trade (1), Bank/Port Trade (2), Cancel (3): ",1
bot,"['brick', 'wood', 'sheep', 'wheat', 'ore']",resource,Which resource would you like to trade (give away): ,ore
bot,"[1, 2, 3, 4]",int,How many would you like to trade: ,2
bot,"['brick', 'wood', 'sheep', 'wheat', 'ore']",resource,Which resource would you like to trade: ,wheat
bot,"[1, 2, 3]",int,How many would you like to trade: ,1
bot,"['Y', 'N']",action,Green would you like to trade ore for wheat [Y/N]: ,Y
bot,"[1, 2, 3, 4]",int,"1=Build, 2=Trade, 3=Dev Cards(Play/Select), 4=End: ",4
bot,"[1, 2, 4]",int,"1=Build, 2=Trade, 3=Dev Cards(Play/Select), 4=End: ",1
bot,"[1, 2, 3, 4]",int,"1=Settlement, 2=City, 3=Road, 4=End: ",4
bot,"[1, 2, 4]",int,"1=Build, 2=Trade, 3=Dev Cards(Play/Select), 4=End: ",2
bot,"[1, 2, 3]",int,"Player Trade (1), Bank/Port Trade (2), Cancel (3): ",3
bot,"[1, 2, 4]",int,"1=Build, 2=Trade, 3=Dev Cards(Play/Select), 4=End: ",4
bot,"[2, 4]",int,"1=Build, 2=Trade, 3=Dev Cards(Play/Select), 4=End: ",4
bot,"[1, 2, 4]",int,"1=Build, 2=Trade, 3=Dev Cards(Play/Select), 4=End: ",1
bot,"[1, 2, 3, 4]",int,"1=Settlement, 2=City, 3=Road, 4=End: ",3
bot,"[1, 2, 3, 4]",int,"1=Settlement, 2=City, 3=Road, 4=End: ",2
bot,"[18, 34]",int,Choose city location - [0-53]:,18
bot,"[1, 2, 3, 4]",int,"1=Settlement, 2=City, 3=Road, 4=End: ",3
bot,"[1, 2, 3, 4]",int,"1=Settlement, 2=City, 3=Road, 4=End: ",3
bot,"[1, 2, 3, 4]",int,"1=Settlement, 2=City, 3=Road, 4=End: ",2
bot,"[1, 2, 3, 4]",int,"1=Settlement, 2=City, 3=Road, 4=End: ",4
bot,"[2, 4]",int,"1=Build, 2=Trade, 3=Dev Cards(Play/Select), 4=End: ",4
bot,"[1, 2, 3, 4]",int,"1=Build, 2=Trade, 3=Dev Cards(Play/Select), 4=End: ",1
bot,"[1, 2, 3, 4]",int,"1=Settlement, 2=City, 3=Road, 4=End: ",2
bot,"[1, 2, 3, 4]",int,"1=Settlement, 2=City, 3=Road, 4=End: ",2
bot,"[1, 2, 3, 4]",int,"1=Settlement, 2=City, 3=Road, 4=End: ",2
bot,"[1, 2, 3, 4]",int,"1=Settlement, 2=City, 3=Road, 4=End: ",4
bot,"[1, 2, 3, 4]",int,"1=Build, 2=Trade, 3=Dev Cards(Play/Select), 4=End: ",3
bot,"[1, 2, 3]",int,"1=Collect, 2=Play, 3=End:",3
bot,"[1, 2, 3, 4]",int,"1=Build, 2=Trade, 3=Dev Cards(Play/Select), 4=End: ",4
bot,"[1, 2, 4]",int,"1=Build, 2=Trade, 3=Dev Cards(Play/Select), 4=End: ",2
bot,"[1, 2, 3]",int,"Player Trade (1), Bank/Port Trade (2), Cancel (3): ",1
bot,"['brick', 'wood', 'sheep', 'wheat', 'ore']",resource,Which resource would you like to trade (give away): ,brick
bot,"[1, 2, 3, 4]",int,How many would you like to trade: ,1
bot,"['brick', 'wood', 'sheep', 'wheat', 'ore']",resource,Which resource would you like to trade: ,wood
bot,"[1, 2, 3]",int,How many would you like to trade: ,3
bot,"['Y', 'N']",action,Green would you like to trade brick for wood [Y/N]: ,Y
bot,"[1, 2, 4]",int,"1=Build, 2=Trade, 3=Dev Cards(Play/Select), 4=End: ",2
bot,"[1, 2, 3]",int,"Player Trade (1), Bank/Port Trade (2), Cancel (3): ",2
bot,"['brick', 'wood', 'sheep', 'wheat', 'ore']",resource,Which resource would you like to trade (give away): ,sheep
bot,"['brick', 'wood', 'sheep', 'wheat', 'ore']",resource,Which resource would you like to receive: ,wheat
bot,"[1, 2, 4]",int,"1=Build, 2=Trade, 3=Dev Cards(Play/Select), 4=End: ",1
bot,"[1, 2, 3, 4]",int,"1=Settlement, 2=City, 3=Road, 4=End: ",2
bot,"[1, 2, 3, 4]",int,"1=Settlement, 2=City, 3=Road, 4=End: ",1
bot,"[12, 13]",int,Choose settlement location - [0-53]:,12
bot,[13],int,Choose settlement location - [0-53]:,13
bot,"[1, 2, 3, 4]",int,"1=Settlement, 2=City, 3=Road, 4=End: ",3
bot,"[8, 8, 16, 21, 27, 28, 51, 56, 63, 51, 64]",int,Choose road location - [0-71]: ,16
bot,"[1, 2, 3, 4]",int,"1=Settlement, 2=City, 3=Road, 4=End: ",4
bot,"[1, 2, 4]",int,"1=Build, 2=Trade, 3=Dev Cards(Play/Select), 4=End: ",2
bot,"[1, 2, 3]",int,"Player Trade (1), Bank/Port Trade (2), Cancel (3): ",1
bot,"['brick', 'wood', 'sheep', 'wheat', 'ore']",resource,Which resource would you like to trade (give away): ,wood
bot,"[1, 2, 3, 4]",int,How many would you like to trade: ,2
bot,"['brick', 'wood', 'sheep', 'wheat', 'ore']",resource,Which resource would you like to trade: ,brick
bot,"[1, 2, 3]",int,How many would you like to trade: ,2
bot,"['Y', 'N']",action,Red would you like to trade wood for brick [Y/N]: ,Y
bot,"['Y', 'N']",action,Blue would you like to trade wood for brick [Y/N]: ,Y
bot,"[1, 2, 4]",int,"1=Build, 2=Trade, 3=Dev Cards(Play/Select), 4=End: ",4
bot,"[2, 4]",int,"1=Build, 2=Trade, 3=Dev Cards(Play/Select), 4=End: ",2
bot,"[1, 2, 3]",int,"Player Trade (1), Bank/Port Trade (2), Cancel (3): ",1
bot,"['brick', 'wood', 'sheep', 'wheat', 'ore']",resource,Which resource would you like to trade (give away): ,brick
bot,"[1, 2, 3, 4]",int,How many would you like to trade: ,2
bot,"['brick', 'wood', 'sheep', 'wheat', 'ore']",resource,Which resource would you like to trade: ,sheep
bot,"[1, 2, 3]",int,How many would you like to trade: ,3
bot,"['Y', 'N']",action,Yellow would you like to trade brick for sheep [Y/N]: ,N
bot,"['Y', 'N']",action,Green would you like to trade brick for sheep [Y/N]: ,N
bot,"[2, 4]",int,"1=Build, 2=Trade, 3=Dev Cards(Play/Select), 4=End: ",4
bot,"[1, 2, 4]",int,"1=Build, 2=Trade, 3=Dev Cards(Play/Select), 4=End: ",2
bot,"[1, 2, 3]",int,"Player Trade (1), Bank/Port Trade (2), Cancel (3): ",3
bot,"[1, 2, 4]",int,"1=Build, 2=Trade, 3=Dev Cards(Play/Select), 4=End: ",2
bot,"[1, 2, 3]",int,"Player Trade (1), Bank/Port Trade (2), Cancel (3): ",3
bot,"[1, 2, 4]",int,"1=Build, 2=Trade, 3=Dev Cards(Play/Select), 4=End: ",2
bot,"[1, 2, 3]",int,"Player Trade (1), Bank/Port Trade (2), Cancel (3): ",3
bot,"[1, 2, 4]",int,"1=Build, 2=Trade, 3=Dev Cards(Play/Select), 4=End: ",2
bot,"[1, 2, 3]",int,"Player Trade (1), Bank/Port Trade (2), Cancel (3): ",2
bot,"['brick', 'wood', 'sheep', 'wheat', 'ore']",resource,Which resource would you like to trade (give away): ,brick
bot,"['brick', 'wood', 'sheep', 'wheat', 'ore']",resource,Which resource would you like to receive: ,wheat
bot,"[1, 2, 4]",int,"1=Build, 2=Trade, 3=Dev Cards(Play/Select), 4=End: ",2
bot,"[1, 2, 3]",int,"Player Trade (1), Bank/Port Trade (2), Cancel (3): ",3
bot,"[1, 2, 4]",int,"1=Build, 2=Trade, 3=Dev Cards(Play/Select), 4=End: ",4
bot,"[1, 2, 3, 4]",int,"1=Build, 2=Trade, 3=Dev Cards(Play/Select), 4=End: ",3
bot,"[1, 2, 3]",int,"1=Collect, 2=Play, 3=End:",2
bot,"[1, 2, 3]",int,"1=Collect, 2=Play, 3=End:",1
bot,"[1, 2, 3]",int,"1=Collect, 2=Play, 3=End:",1
bot,"[1, 2, 3]",int,"1=Collect, 2=Play, 3=End:",3
bot,"[1, 2, 3, 4]",int,"1=Build, 2=Trade, 3=Dev Cards(Play/Select), 4=End: ",2
bot,"[1, 2, 3]",int,"Player Trade (1), Bank/Port Trade (2), Cancel (3): ",2
bot,"['brick', 'wood', 'sheep', 'wheat', 'ore']",resource,Which resource would you like to trade (give away): ,wood
bot,"['brick', 'wood', 'sheep', 'wheat', 'ore']",resource,Which resource would you like to receive: ,wheat
bot,"[1, 2, 3, 4]",int,"1=Build, 2=Trade, 3=Dev Cards(Play/Select), 4=End: ",2
bot,"[1, 2, 3]",int,"Player Trade (1), Bank/Port Trade (2), Cancel (3): ",2
bot,"['brick', 'wood', 'sheep', 'wheat', 'ore']",resource,Which resource would you like to trade (give away): ,wood
bot,"['brick', 'wood', 'sheep', 'wheat', 'ore']",resource,Which resource would you like to receive: ,brick
bot,"[1, 2, 3, 4]",int,"1=Build, 2=Trade, 3=Dev Cards(Play/Select), 4=End: ",2
bot,"[1, 2, 3]",int,"Player Trade (1), Bank/Port Trade (2), Cancel (3): ",3
bot,"[1, 2, 3, 4]",int,"1=Build, 2=Trade, 3=Dev Cards(Play/Select), 4=End: ",1
bot,"[1, 2, 3, 4]",int,"1=Settlement, 2=City, 3=Road, 4=End: ",3
bot,"[7, 11, 7, 64, 61, 65]",int,Choose road location - [0-71]: ,11
bot,"[1, 2, 3, 4]",int,"1=Settlement, 2=City, 3=Road, 4=End: ",3
bot,"[1, 2, 3, 4]",int,"1=Settlement, 2=City, 3=Road, 4=End: ",1
bot,"[1, 2, 3, 4]",int,"1=Settlement, 2=City, 3=Road, 4=End: ",4
bot,"[2, 3, 4]",int,"1=Build, 2=Trade, 3=Dev Cards(Play/Select), 4=End: ",3
bot,"[1, 2, 3]",int,"1=Collect, 2=Play, 3=End:",2
bot,['road_building'],card,"Which dev card would you like to play from - [Knight(color=None, played=True, player=None, name='knight'), Knight(color=None, played=True, player=None, name='knight'), YearOfPlenty(color=None, played=True, player=None, name='year_of_plenty'), VictoryPoint(color=None, played=True, player=None, name='victory_point'), Knight(color=None, played=True, player=None, name='knight'), RoadBuilding(color=None, played=False, player=None, name='road_building')]: ",road_building
bot,"[6, 10, 7, 7, 64, 61, 65]",int,Choose road location - [0-71]: ,7
bot,"[1, 2, 6, 10, 64, 61, 65]",int,Choose road location - [0-71]: ,61
bot,"[2, 4]",int,"1=Build, 2=Trade, 3=Dev Cards(Play/Select), 4=End: ",2
bot,"[1, 2, 3]",int,"Player Trade (1), Bank/Port Trade (2), Cancel (3): ",2
bot,"['brick', 'wood', 'sheep', 'wheat', 'ore']",resource,Which resource would you like to trade (give away): ,brick
bot,"['brick', 'wood', 'sheep', 'wheat', 'ore']",resource,Which resource would you like to receive: ,brick
bot,"[1, 2, 3]",int,"Player Trade (1), Bank/Port Trade (2), Cancel (3): ",2
bot,"['brick', 'wood', 'sheep', 'wheat', 'ore']",resource,Which resource would you like to trade (give away): ,ore
bot,"['brick', 'wood', 'sheep', 'wheat', 'ore']",resource,Which resource would you like to receive: ,brick
bot,"[1, 2, 3]",int,"Player Trade (1), Bank/Port Trade (2), Cancel (3): ",1
bot,"['brick', 'wood', 'sheep', 'wheat', 'ore']",resource,Which resource would you like to trade (give away): ,sheep
bot,"[1, 2, 3, 4]",int,How many would you like to trade: ,2
bot,"['brick', 'wood', 'sheep', 'wheat', 'ore']",resource,Which resource would you like to trade: ,brick
bot,"[1, 2, 3]",int,How many would you like to trade: ,2
bot,"['Y', 'N']",action,Yellow would you like to trade sheep for brick [Y/N]: ,N
bot,"['Y', 'N']",action,Blue would you like to trade sheep for brick [Y/N]: ,N
bot,"[2, 4]",int,"1=Build, 2=Trade, 3=Dev Cards(Play/Select), 4=End: ",2
bot,"[1, 2, 3]",int,"Player Trade (1), Bank/Port Trade (2), Cancel (3): ",2
bot,"['brick', 'wood', 'sheep', 'wheat', 'ore']",resource,Which resource would you like to trade (give away): ,sheep
bot,"['brick', 'wood', 'sheep', 'wheat', 'ore']",resource,Which resource would you like to receive: ,brick
bot,"[2, 4]",int,"1=Build, 2=Trade, 3=Dev Cards(Play/Select), 4=End: ",2
bot,"[1, 2, 3]",int,"Player Trade (1), Bank/Port Trade (2), Cancel (3): ",3
bot,"[2, 4]",int,"1=Build, 2=Trade, 3=Dev Cards(Play/Select), 4=End: ",2
bot,"[1, 2, 3]",int,"Player Trade (1), Bank/Port Trade (2), Cancel (3): ",2
bot,"['brick', 'wood', 'sheep', 'wheat', 'ore']",resource,Which resource would you like to trade (give away): ,sheep
bot,"['brick', 'wood', 'sheep', 'wheat', 'ore']",resource,Which resource would you like to receive: ,wood
bot,"[1, 2, 3]",int,"Player Trade (1), Bank/Port Trade (2), Cancel (3): ",1
bot,"['brick', 'wood', 'sheep', 'wheat', 'ore']",resource,Which resource would you like to trade (give away): ,ore
bot,"[1, 2, 3, 4]",int,How many would you like to trade: ,3
bot,"['brick', 'wood', 'sheep', 'wheat', 'ore']",resource,Which resource would you like to trade: ,wheat
bot,"[1, 2, 3]",int,How many would you like to trade: ,1
bot,"[2, 4]",int,"1=Build, 2=Trade, 3=Dev Cards(Play/Select), 4=End: ",2
bot,"[1, 2, 3]",int,"Player Trade (1), Bank/Port Trade (2), Cancel (3): ",2
bot,"['brick', 'wood', 'sheep', 'wheat', 'ore']",resource,Which resource would you like to trade (give away): ,wheat
bot,"['brick', 'wood', 'sheep', 'wheat', 'ore']",resource,Which resource would you like to receive: ,wheat
bot,"[1, 2, 3]",int,"Player Trade (1), Bank/Port Trade (2), Cancel (3): ",1
bot,"['brick', 'wood', 'sheep', 'wheat', 'ore']",resource,Which resource would you like to trade (give away): ,wheat
bot,"[1, 2, 3, 4]",int,How many would you like to trade: ,1
bot,"['brick', 'wood', 'sheep', 'wheat', 'ore']",resource,Which resource would you like to trade: ,ore
bot,"[1, 2, 3]",int,How many would you like to trade: ,3
bot,"['Y', 'N']",action,Yellow would you like to trade wheat for ore [Y/N]: ,Y
bot,"[2, 4]",int,"1=Build, 2=Trade, 3=Dev Cards(Play/Select), 4=End: ",2
bot,"[1, 2, 3]",int,"Player Trade (1), Bank/Port Trade (2), Cancel (3): ",2
bot,"['brick', 'wood', 'sheep', 'wheat', 'ore']",resource,Which resource would you like to trade (give away): ,sheep
bot,"['brick', 'wood', 'sheep', 'wheat', 'ore']",resource,Which resource would you like to receive: ,sheep
bot,"[1, 2, 3]",int,"Player Trade (1), Bank/Port Trade (2), Cancel (3): ",3
bot,"[2, 4]",int,"1=Build, 2=Trade, 3=Dev Cards(Play/Select), 4=End: ",2
bot,"[1, 2, 3]",int,"Player Trade (1), Bank/Port Trade (2), Cancel (3): ",2
bot,"['brick', 'wood', 'sheep', 'wheat', 'ore']",resource,Which resource would you like to trade (give away): ,ore
bot,"['brick', 'wood', 'sheep', 'wheat', 'ore']",resource,Which resource would you like to receive: ,ore
bot,"[1, 2, 3]",int,"Player Trade (1), Bank/Port Trade (2), Cancel (3): ",1
bot,"['brick', 'wood', 'sheep', 'wheat', 'ore']",resource,Which resource would you like to trade (give away): ,wheat
bot,"[1, 2, 3, 4]",int,How many would you like to trade: ,3
bot,"['brick', 'wood', 'sheep', 'wheat', 'ore']",resource,Which resource would you like to trade: ,wood
bot,"[1, 2, 3]",int,How many would you like to trade: ,3
bot,"['Y', 'N']",action,Yellow would you like to trade wheat for wood [Y/N]: ,Y
bot,"[2, 4]",int,"1=Build, 2=Trade, 3=Dev Cards(Play/Select), 4=End: ",4
bot,"range(0, 18)",int,Choosen a Tile [0-18] to move the Robber to: ,6
bot,"['wheat', 'brick']",resource,"Which resource would you like to discard: brick, wood, sheep, wheat, ore: ",brick
bot,"['wheat', 'brick']",resource,"Which resource would you like to discard: brick, wood, sheep, wheat, ore: ",wheat
bot,"['wheat', 'brick']",resource,"Which resource would you like to discard: brick, wood, sheep, wheat, ore: ",wheat
bot,"['wheat', 'brick']",resource,"Which resource would you like to discard: brick, wood, sheep, wheat, ore: ",brick
bot,"['wood', 'sheep', 'ore', 'brick']",resource,"Which resource would you like to discard: brick, wood, sheep, wheat, ore: ",brick
bot,"['wood', 'sheep', 'ore', 'brick']",resource,"Which resource would you like to discard: brick, wood, sheep, wheat, ore: ",wood
bot,"['wood', 'sheep', 'ore', 'brick']",resource,"Which resource would you like to discard: brick, wood, sheep, wheat, ore: ",wood
bot,"['wood', 'sheep', 'ore', 'brick']",resource,"Which resource would you like to discard: brick, wood, sheep, wheat, ore: ",brick
bot,"['wood', 'sheep', 'ore', 'brick']",resource,"Which resource would you like to discard: brick, wood, sheep, wheat, ore: ",sheep
bot,"['wood', 'sheep', 'ore', 'brick']",resource,"Which resource would you like to discard: brick, wood, sheep, wheat, ore: ",sheep
bot,"['wood', 'sheep', 'ore', 'brick']",resource,"Which resource would you like to discard: brick, wood, sheep, wheat, ore: ",ore
bot,"['sheep', 'wood', 'brick']",resource,"Which resource would you like to discard: brick, wood, sheep, wheat, ore: ",sheep
bot,"['sheep', 'wood']",resource,"Which resource would you like to discard: brick, wood, sheep, wheat, ore: ",sheep
bot,"['sheep', 'wood']",resource,"Which resource would you like to discard: brick, wood, sheep, wheat, ore: ",wood
bot,['sheep'],resource,"Which resource would you like to discard: brick, wood, sheep, wheat, ore: ",sheep
bot,['sheep'],resource,"Which resource would you like to discard: brick, wood, sheep, wheat, ore: ",sheep
bot,"[1, 2, 4]",int,"1=Build, 2=Trade, 3=Dev Cards(Play/Select), 4=End: ",2
bot,"[1, 2, 3]",int,"Player Trade (1), Bank/Port Trade (2), Cancel (3): ",1
bot,"['brick', 'wood', 'sheep', 'wheat', 'ore']",resource,Which resource would you like to trade (give away): ,brick
bot,"[1, 2, 3, 4]",int,How many would you like to trade: ,4
bot,"['brick', 'wood', 'sheep', 'wheat', 'ore']",resource,Which resource would you like to trade: ,wood
bot,"[1, 2, 3]",int,How many would you like to trade: ,2
bot,"['Y', 'N']",action,Green would you like to trade brick for wood [Y/N]: ,Y
bot,"[1, 2, 4]",int,"1=Build, 2=Trade, 3=Dev Cards(Play/Select), 4=End: ",2
bot,"[1, 2, 3]",int,"Player Trade (1), Bank/Port Trade (2), Cancel (3): ",1
bot,"['brick', 'wood', 'sheep', 'wheat', 'ore']",resource,Which resource would you like to trade (give away): ,sheep
bot,"[1, 2, 3, 4]",int,How many would you like to trade: ,3
bot,"['brick', 'wood', 'sheep', 'wheat', 'ore']",resource,Which resource would you like to trade: ,sheep
bot,"[1, 2, 3]",int,How many would you like to trade: ,1
bot,"['Y', 'N']",action,Blue would you like to trade sheep for sheep [Y/N]: ,Y
bot,"[1, 2, 4]",int,"1=Build, 2=Trade, 3=Dev Cards(Play/Select), 4=End: ",1
bot,"[1, 2, 3, 4]",int,"1=Settlement, 2=City, 3=Road, 4=End: ",3
bot,"[8, 8, 21, 9, 17, 21, 27, 28, 51, 56, 63, 51, 64]",int,Choose road location - [0-71]: ,64
bot,"[1, 2, 3, 4]",int,"1=Settlement, 2=City, 3=Road, 4=End: ",3
bot,"[8, 8, 21, 9, 17, 21, 27, 28, 51, 56, 63, 51, 69, 70]",int,Choose road location - [0-71]: ,69
bot,"[1, 2, 3, 4]",int,"1=Settlement, 2=City, 3=Road, 4=End: ",1
bot,"[1, 2, 3, 4]",int,"1=Settlement, 2=City, 3=Road, 4=End: ",3
bot,"[1, 2, 3, 4]",int,"1=Settlement, 2=City, 3=Road, 4=End: ",1
bot,"[1, 2, 3, 4]",int,"1=Settlement, 2=City, 3=Road, 4=End: ",2
bot,"[1, 2, 3, 4]",int,"1=Settlement, 2=City, 3=Road, 4=End: ",4
bot,"[2, 4]",int,"1=Build, 2=Trade, 3=Dev Cards(Play/Select), 4=End: ",2
bot,"[1, 2, 3]",int,"Player Trade (1), Bank/Port Trade (2), Cancel (3): ",2
bot,"['brick', 'wood', 'sheep', 'wheat', 'ore']",resource,Which resource would you like to trade (give away): ,brick
bot,"['brick', 'wood', 'sheep', 'wheat', 'ore']",resource,Which resource would you like to receive: ,wood
bot,"[1, 2, 3]",int,"Player Trade (1), Bank/Port Trade (2), Cancel (3): ",3
bot,"[2, 4]",int,"1=Build, 2=Trade, 3=Dev Cards(Play/Select), 4=End: ",4
bot,"[2, 4]",int,"1=Build, 2=Trade, 3=Dev Cards(Play/Select), 4=End: ",2
bot,"[1, 2, 3]",int,"Player Trade (1), Bank/Port Trade (2), Cancel (3): ",2
bot,"['brick', 'wood', 'sheep', 'wheat', 'ore']",resource,Which resource would you like to trade (give away): ,sheep
bot,"['brick', 'wood', 'sheep', 'wheat', 'ore']",resource,Which resource would you like to receive: ,ore
bot,"[2, 4]",int,"1=Build, 2=Trade, 3=Dev Cards(Play/Select), 4=End: ",2
bot,"[1, 2, 3]",int,"Player Trade (1), Bank/Port Trade (2), Cancel (3): ",3
bot,"[2, 4]",int,"1=Build, 2=Trade, 3=Dev Cards(Play/Select), 4=End: ",4
bot,"[1, 2, 4]",int,"1=Build, 2=Trade, 3=Dev Cards(Play/Select), 4=End: ",4
bot,"[2, 4]",int,"1=Build, 2=Trade, 3=Dev Cards(Play/Select), 4=End: ",2
bot,"[1, 2, 3]",int,"Player Trade (1), Bank/Port Trade (2), Cancel (3): ",2
bot,"['brick', 'wood', 'sheep', 'wheat', 'ore']",resource,Which resource would you like to trade (give away): ,sheep
bot,"['brick', 'wood', 'sheep', 'wheat', 'ore']",resource,Which resource would you like to receive: ,ore
bot,"[1, 2, 3]",int,"Player Trade (1), Bank/Port Trade (2), Cancel (3): ",1
bot,"['brick', 'wood', 'sheep', 'wheat', 'ore']",resource,Which resource would you like to trade (give away): ,wood
bot,"[1, 2, 3, 4]",int,How many would you like to trade: ,2
bot,"['brick', 'wood', 'sheep', 'wheat', 'ore']",resource,Which resource would you like to trade: ,wheat
bot,"[1, 2, 3]",int,How many would you like to trade: ,1
bot,"['Y', 'N']",action,Green would you like to trade wood for wheat [Y/N]: ,Y
bot,"[2, 4]",int,"1=Build, 2=Trade, 3=Dev Cards(Play/Select), 4=End: ",2
bot,"[1, 2, 3]",int,"Player Trade (1), Bank/Port Trade (2), Cancel (3): ",3
bot,"[2, 4]",int,"1=Build, 2=Trade, 3=Dev Cards(Play/Select), 4=End: ",2
bot,"[1, 2, 3]",int,"Player Trade (1), Bank/Port Trade (2), Cancel (3): ",2
bot,"['brick', 'wood', 'sheep', 'wheat', 'ore']",resource,Which resource would you like to trade (give away): ,sheep
bot,"['brick', 'wood', 'sheep', 'wheat', 'ore']",resource,Which resource would you like to receive: ,wheat
bot,"[1, 2, 3]",int,"Player Trade (1), Bank/Port Trade (2), Cancel (3): ",3
bot,"[2, 4]",int,"1=Build, 2=Trade, 3=Dev Cards(Play/Select), 4=End: ",2
bot,"[1, 2, 3]",int,"Player Trade (1), Bank/Port Trade (2), Cancel (3): ",3
bot,"[2, 4]",int,"1=Build, 2=Trade, 3=Dev Cards(Play/Select), 4=End: ",2
bot,"[1, 2, 3]",int,"Player Trade (1), Bank/Port Trade (2), Cancel (3): ",3
bot,"[2, 4]",int,"1=Build, 2=Trade, 3=Dev Cards(Play/Select), 4=End: ",4
bot,"[1, 2, 4]",int,"1=Build, 2=Trade, 3=Dev Cards(Play/Select), 4=End: ",2
bot,"[1, 2, 3]",int,"Player Trade (1), Bank/Port Trade (2), Cancel (3): ",3
bot,"[1, 2, 4]",int,"1=Build, 2=Trade, 3=Dev Cards(Play/Select), 4=End: ",4
bot,"[2, 4]",int,"1=Build, 2=Trade, 3=Dev Cards(Play/Select), 4=End: ",2
bot,"[1, 2, 3]",int,"Player Trade (1), Bank/Port Trade (2), Cancel (3): ",3
bot,"[2, 4]",int,"1=Build, 2=Trade, 3=Dev Cards(Play/Select), 4=End: ",2
bot,"[1, 2, 3]",int,"Player Trade (1), Bank/Port Trade (2), Cancel (3): ",2
bot,"['brick', 'wood', 'sheep', 'wheat', 'ore']",resource,Which resource would you like to trade (give away): ,sheep
bot,"['brick', 'wood', 'sheep', 'wheat', 'ore']",resource,Which resource would you like to receive: ,ore
bot,"[2, 4]",int,"1=Build, 2=Trade, 3=Dev Cards(Play/Select), 4=End: ",2
bot,"[1, 2, 3]",int,"Player Trade (1), Bank/Port Trade (2), Cancel (3): ",3
bot,"[2, 4]",int,"1=Build, 2=Trade, 3=Dev Cards(Play/Select), 4=End: ",4
bot,"[1, 2, 4]",int,"1=Build, 2=Trade, 3=Dev Cards(Play/Select), 4=End: ",1
bot,"[1, 2, 3, 4]",int,"1=Settlement, 2=City, 3=Road, 4=End: ",3
bot,"[10, 26, 33, 26, 41, 39, 41, 49, 37, 45, 47, 45]",int,Choose road location - [0-71]: ,33
bot,"[1, 2, 3, 4]",int,"1=Settlement, 2=City, 3=Road, 4=End: ",1
bot,"[1, 2, 3, 4]",int,"1=Settlement, 2=City, 3=Road, 4=End: ",4
bot,"[1, 2, 4]",int,"1=Build, 2=Trade, 3=Dev Cards(Play/Select), 4=End: ",4
bot,"[1, 2, 4]",int,"1=Build, 2=Trade, 3=Dev Cards(Play/Select), 4=End: ",2
bot,"[1, 2, 3]",int,"Player Trade (1), Bank/Port Trade (2), Cancel (3): ",3
bot,"[1, 2, 4]",int,"1=Build, 2=Trade, 3=Dev Cards(Play/Select), 4=End: ",2
bot,"[1, 2, 3]",int,"Player Trade (1), Bank/Port Trade (2), Cancel (3): ",1
bot,"['brick', 'wood', 'sheep', 'wheat', 'ore']",resource,Which resource would you like to trade (give away): ,sheep
bot,"[1, 2, 3, 4]",int,How many would you like to trade: ,3
bot,"['brick', 'wood', 'sheep', 'wheat', 'ore']",resource,Which resource would you like to trade: ,sheep
bot,"[1, 2, 3]",int,How many would you like to trade: ,3
bot,"['Y', 'N']",action,Yellow would you like to trade sheep for sheep [Y/N]: ,N
bot,"['Y', 'N']",action,Blue would you like to trade sheep for sheep [Y/N]: ,N
bot,"[1, 2, 4]",int,"1=Build, 2=Trade, 3=Dev Cards(Play/Select), 4=End: ",4
bot,"[1, 2, 4]",int,"1=Build, 2=Trade, 3=Dev Cards(Play/Select), 4=End: ",1
bot,"[1, 2, 3, 4]",int,"1=Settlement, 2=City, 3=Road, 4=End: ",3
bot,"[8, 8, 21, 9, 17, 21, 27, 28, 51, 56, 63, 51, 70, 68, 70]",int,Choose road location - [0-71]: ,8
bot,"[1, 2, 3, 4]",int,"1=Settlement, 2=City, 3=Road, 4=End: ",3
bot,"[1, 2, 3, 4]",int,"1=Settlement, 2=City, 3=Road, 4=End: ",4
bot,"[2, 4]",int,"1=Build, 2=Trade, 3=Dev Cards(Play/Select), 4=End: ",2
bot,"[1, 2, 3]",int,"Player Trade (1), Bank/Port Trade (2), Cancel (3): ",3
bot,"[2, 4]",int,"1=Build, 2=Trade, 3=Dev Cards(Play/Select), 4=End: ",4
bot,"[2, 4]",int,"1=Build, 2=Trade, 3=Dev Cards(Play/Select), 4=End: ",4
bot,"[1, 2, 4]",int,"1=Build, 2=Trade, 3=Dev Cards(Play/Select), 4=End: ",4
bot,"[1, 2, 4]",int,"1=Build, 2=Trade, 3=Dev Cards(Play/Select), 4=End: ",2
bot,"[1, 2, 3]",int,"Player Trade (1), Bank/Port Trade (2), Cancel (3): ",1
bot,"['brick', 'wood', 'sheep', 'wheat', 'ore']",resource,Which resource would you like to trade (give away): ,ore
bot,"[1, 2, 3, 4]",int,How many would you like to trade: ,4
bot,"['brick', 'wood', 'sheep', 'wheat', 'ore']",resource,Which resource would you like to trade: ,wood
bot,"[1, 2, 3]",int,How many would you like to trade: ,1
bot,"['Y', 'N']",action,Green would you like to trade ore for wood [Y/N]: ,Y
bot,"[1, 2, 4]",int,"1=Build, 2=Trade, 3=Dev Cards(Play/Select), 4=End: ",1
bot,"[1, 2, 3, 4]",int,"1=Settlement, 2=City, 3=Road, 4=End: ",4
bot,"[1, 2, 4]",int,"1=Build, 2=Trade, 3=Dev Cards(Play/Select), 4=End: ",1
bot,"[1, 2, 3, 4]",int,"1=Settlement, 2=City, 3=Road, 4=End: ",3
bot,"[1, 2, 6, 10, 65, 53, 65]",int,Choose road location - [0-71]: ,2
bot,"[1, 2, 3, 4]",int,"1=Settlement, 2=City, 3=Road, 4=End: ",1
bot,"[1, 2, 3, 4]",int,"1=Settlement, 2=City, 3=Road, 4=End: ",3
bot,"[1, 2, 3, 4]",int,"1=Settlement, 2=City, 3=Road, 4=End: ",2
bot,"[1, 2, 3, 4]",int,"1=Settlement, 2=City, 3=Road, 4=End: ",4
bot,"[1, 2, 4]",int,"1=Build, 2=Trade, 3=Dev Cards(Play/Select), 4=End: ",1
bot,"[1, 2, 3, 4]",int,"1=Settlement, 2=City, 3=Road, 4=End: ",3
bot,"[1, 2, 3, 4]",int,"1=Settlement, 2=City, 3=Road, 4=End: ",2
bot,"[1, 2, 3, 4]",int,"1=Settlement, 2=City, 3=Road, 4=End: ",2
bot,"[1, 2, 3, 4]",int,"1=Settlement, 2=City, 3=Road, 4=End: ",4
bot,"[1, 2, 4]",int,"1=Build, 2=Trade, 3=Dev Cards(Play/Select), 4=End: ",1
bot,"[1, 2, 3, 4]",int,"1=Settlement, 2=City, 3=Road, 4=End: ",4
bot,"[1, 2, 4]",int,"1=Build, 2=Trade, 3=Dev Cards(Play/Select), 4=End: ",4
bot,"[2, 4]",int,"1=Build, 2=Trade, 3=Dev Cards(Play/Select), 4=End: ",4
bot,"[2, 4]",int,"1=Build, 2=Trade, 3=Dev Cards(Play/Select), 4=End: ",2
bot,"[1, 2, 3]",int,"Player Trade (1), Bank/Port Trade (2), Cancel (3): ",1
bot,"['brick', 'wood', 'sheep', 'wheat', 'ore']",resource,Which resource would you like to trade (give away): ,ore
bot,"[1, 2, 3, 4]",int,How many would you like to trade: ,1
bot,"['brick', 'wood', 'sheep', 'wheat', 'ore']",resource,Which resource would you like to trade: ,wheat
bot,"[1, 2, 3]",int,How many would you like to trade: ,3
bot,"[2, 4]",int,"1=Build, 2=Trade, 3=Dev Cards(Play/Select), 4=End: ",2
bot,"[1, 2, 3]",int,"Player Trade (1), Bank/Port Trade (2), Cancel (3): ",1
bot,"['brick', 'wood', 'sheep', 'wheat', 'ore']",resource,Which resource would you like to trade (give away): ,sheep
bot,"[1, 2, 3, 4]",int,How many would you like to trade: ,3
bot,"['brick', 'wood', 'sheep', 'wheat', 'ore']",resource,Which resource would you like to trade: ,wood
bot,"[1, 2, 3]",int,How many would you like to trade: ,2
bot,"['Y', 'N']",action,Red would you like to trade sheep for wood [Y/N]: ,N
bot,"['Y', 'N']",action,Yellow would you like to trade sheep for wood [Y/N]: ,N
bot,"[2, 4]",int,"1=Build, 2=Trade, 3=Dev Cards(Play/Select), 4=End: ",4
bot,"range(0, 18)",int,Choosen a Tile [0-18] to move the Robber to: ,12
bot,['Blue'],player,Choose a player to steal from {'Blue'}: ,Blue
bot,"['wood', 'sheep', 'wheat', 'ore']",resource,"Which resource would you like to discard: brick, wood, sheep, wheat, ore: ",wood
bot,"['sheep', 'wheat', 'ore']",resource,"Which resource would you like to discard: brick, wood, sheep, wheat, ore: ",wheat
bot,"['sheep', 'wheat', 'ore']",resource,"Which resource would you like to discard: brick, wood, sheep, wheat, ore: ",sheep
bot,"['sheep', 'wheat', 'ore']",resource,"Which resource would you like to discard: brick, wood, sheep, wheat, ore: ",wheat
bot,"['sheep', 'wheat', 'ore']",resource,"Which resource would you like to discard: brick, wood, sheep, wheat, ore: ",ore
bot,"['sheep', 'wood']",resource,"Which resource would you like to discard: brick, wood, sheep, wheat, ore: ",wood
bot,"['sheep', 'wood']",resource,"Which resource would you like to discard: brick, wood, sheep, wheat, ore: ",wood
bot,"['sheep', 'wood']",resource,"Which resource would you like to discard: brick, wood, sheep, wheat, ore: ",sheep
bot,"['sheep', 'wood']",resource,"Which resource would you like to discard: brick, wood, sheep, wheat, ore: ",sheep
bot,['sheep'],resource,"Which resource would you like to discard: brick, wood, sheep, wheat, ore: ",sheep
bot,['sheep'],resource,"Which resource would you like to discard: brick, wood, sheep, wheat, ore: ",sheep
bot,['sheep'],resource,"Which resource would you like to discard: brick, wood, sheep, wheat, ore: ",sheep
bot,['sheep'],resource,"Which resource would you like to discard: brick, wood, sheep, wheat, ore: ",sheep
bot,"['sheep', 'wood', 'ore', 'brick', 'wheat']",resource,"Which resource would you like to discard: brick, wood, sheep, wheat, ore: ",sheep
bot,"['sheep', 'wood', 'ore', 'brick', 'wheat']",resource,"Which resource would you like to discard: brick, wood, sheep, wheat, ore: ",brick
bot,"['sheep', 'wood', 'ore', 'brick', 'wheat']",resource,"Which resource would you like to discard: brick, wood, sheep, wheat, ore: ",ore
bot,"['sheep', 'wheat', 'wood', 'brick']",resource,"Which resource would you like to discard: brick, wood, sheep, wheat, ore: ",brick
bot,"['sheep', 'wheat', 'wood', 'brick']",resource,"Which resource would you like to discard: brick, wood, sheep, wheat, ore: ",wood
bot,"['sheep', 'wheat', 'wood', 'brick']",resource,"Which resource would you like to discard: brick, wood, sheep, wheat, ore: ",wheat
bot,"['sheep', 'wheat', 'wood', 'brick']",resource,"Which resource would you like to discard: brick, wood, sheep, wheat, ore: ",sheep
bot,"['wheat', 'wood', 'brick']",resource,"Which resource would you like to discard: brick, wood, sheep, wheat, ore: ",wheat
bot,"['wheat', 'wood', 'brick']",resource,"Which resource would you like to discard: brick, wood, sheep, wheat, ore: ",wheat
bot,"['wheat', 'wood', 'brick']",resource,"Which resource would you like to discard: brick, wood, sheep, wheat, ore: ",wheat
bot,"['wheat', 'wood', 'brick']",resource,"Which resource would you like to discard: brick, wood, sheep, wheat, ore: ",brick
bot,"[1, 2, 4]",int,"1=Build, 2=Trade, 3=Dev Cards(Play/Select), 4=End: ",2
bot,"[1, 2, 3]",int,"Player Trade (1), Bank/Port Trade (2), Cancel (3): ",1
bot,"['brick', 'wood', 'sheep', 'wheat', 'ore']",resource,Which resource would you like to trade (give away): ,wheat
bot,"[1, 2, 3, 4]",int,How many would you like to trade: ,4
bot,"['brick', 'wood', 'sheep', 'wheat', 'ore']",resource,Which resource would you like to trade: ,wood
bot,"[1, 2, 3]",int,How many would you like to trade: ,1
bot,"['Y', 'N']",action,Red would you like to trade wheat for wood [Y/N]: ,Y
bot,"[1, 2, 4]",int,"1=Build, 2=Trade, 3=Dev Cards(Play/Select), 4=End: ",2
bot,"[1, 2, 3]",int,"Player Trade (1), Bank/Port Trade (2), Cancel (3): ",2
bot,"['brick', 'wood', 'sheep', 'wheat', 'ore']",resource,Which resource would you like to trade (give away): ,wheat
bot,"['brick', 'wood', 'sheep', 'wheat', 'ore']",resource,Which resource would you like to receive: ,brick
bot,"[1, 2, 4]",int,"1=Build, 2=Trade, 3=Dev Cards(Play/Select), 4=End: ",2
bot,"[1, 2, 3]",int,"Player Trade (1), Bank/Port Trade (2), Cancel (3): ",1
bot,"['brick', 'wood', 'sheep', 'wheat', 'ore']",resource,Which resource would you like to trade (give away): ,wheat
bot,"[1, 2, 3, 4]",int,How many would you like to trade: ,1
bot,"['brick', 'wood', 'sheep', 'wheat', 'ore']",resource,Which resource would you like to trade: ,brick
bot,"[1, 2, 3]",int,How many would you like to trade: ,2
bot,"['Y', 'N']",action,Red would you like to trade wheat for brick [Y/N]: ,N
bot,"[1, 2, 4]",int,"1=Build, 2=Trade, 3=Dev Cards(Play/Select), 4=End: ",1
bot,"[1, 2, 3, 4]",int,"1=Settlement, 2=City, 3=Road, 4=End: ",3
bot,"[10, 26, 26, 39, 41, 39, 41, 49, 37, 45, 47, 45]",int,Choose road location - [0-71]: ,49
bot,"[1, 2, 3, 4]",int,"1=Settlement, 2=City, 3=Road, 4=End: ",3
bot,"[10, 26, 26, 39, 41, 39, 41, 37, 45, 47, 39, 54, 45]",int,Choose road location - [0-71]: ,45
bot,"[1, 2, 3, 4]",int,"1=Settlement, 2=City, 3=Road, 4=End: ",2
bot,"[1, 2, 3, 4]",int,"1=Settlement, 2=City, 3=Road, 4=End: ",4
bot,"[2, 4]",int,"1=Build, 2=Trade, 3=Dev Cards(Play/Select), 4=End: ",4
bot,"[1, 2, 3, 4]",int,"1=Build, 2=Trade, 3=Dev Cards(Play/Select), 4=End: ",2
bot,"[1, 2, 3]",int,"Player Trade (1), Bank/Port Trade (2), Cancel (3): ",2
bot,"['brick', 'wood', 'sheep', 'wheat', 'ore']",resource,Which resource would you like to trade (give away): ,brick
bot,"['brick', 'wood', 'sheep', 'wheat', 'ore']",resource,Which resource would you like to receive: ,wood
bot,"[1, 2, 3]",int,"Player Trade (1), Bank/Port Trade (2), Cancel (3): ",1
bot,"['brick', 'wood', 'sheep', 'wheat', 'ore']",resource,Which resource would you like to trade (give away): ,wood
bot,"[1, 2, 3, 4]",int,How many would you like to trade: ,1
bot,"['brick', 'wood', 'sheep', 'wheat', 'ore']",resource,Which resource would you like to trade: ,wood
bot,"[1, 2, 3]",int,How many would you like to trade: ,2
bot,"[1, 2, 3, 4]",int,"1=Build, 2=Trade, 3=Dev Cards(Play/Select), 4=End: ",2
bot,"[1, 2, 3]",int,"Player Trade (1), Bank/Port Trade (2), Cancel (3): ",1
bot,"['brick', 'wood', 'sheep', 'wheat', 'ore']",resource,Which resource would you like to trade (give away): ,ore
bot,"[1, 2, 3, 4]",int,How many would you like to trade: ,4
bot,"['brick', 'wood', 'sheep', 'wheat', 'ore']",resource,Which resource would you like to trade: ,ore
bot,"[1, 2, 3]",int,How many would you like to trade: ,2
bot,"['Y', 'N']",action,Green would you like to trade ore for ore [Y/N]: ,N
bot,"[1, 2, 3, 4]",int,"1=Build, 2=Trade, 3=Dev Cards(Play/Select), 4=End: ",3
bot,"[1, 2, 3]",int,"1=Collect, 2=Play, 3=End:",2
bot,"[1, 2, 3]",int,"1=Collect, 2=Play, 3=End:",1
bot,"[1, 2, 3]",int,"1=Collect, 2=Play, 3=End:",3
bot,"[2, 3, 4]",int,"1=Build, 2=Trade, 3=Dev Cards(Play/Select), 4=End: ",2
bot,"[1, 2, 3]",int,"Player Trade (1), Bank/Port Trade (2), Cancel (3): ",3
bot,"[2, 3, 4]",int,"1=Build, 2=Trade, 3=Dev Cards(Play/Select), 4=End: ",2
bot,"[1, 2, 3]",int,"Player Trade (1), Bank/Port Trade (2), Cancel (3): ",1
bot,"['brick', 'wood', 'sheep', 'wheat', 'ore']",resource,Which resource would you like to trade (give away): ,wood
bot,"[1, 2, 3, 4]",int,How many would you like to trade: ,2
bot,"['brick', 'wood', 'sheep', 'wheat', 'ore']",resource,Which resource would you like to trade: ,wheat
bot,"[1, 2, 3]",int,How many would you like to trade: ,1
bot,"['Y', 'N']",action,Yellow would you like to trade wood for wheat [Y/N]: ,N
bot,"[2, 3, 4]",int,"1=Build, 2=Trade, 3=Dev Cards(Play/Select), 4=End: ",3
bot,"[1, 2, 3]",int,"1=Collect, 2=Play, 3=End:",1
bot,"[1, 2, 3]",int,"1=Collect, 2=Play, 3=End:",3
bot,"[2, 3, 4]",int,"1=Build, 2=Trade, 3=Dev Cards(Play/Select), 4=End: ",2
bot,"[1, 2, 3]",int,"Player Trade (1), Bank/Port Trade (2), Cancel (3): ",3
bot,"[2, 3, 4]",int,"1=Build, 2=Trade, 3=Dev Cards(Play/Select), 4=End: ",3
bot,"[1, 2, 3]",int,"1=Collect, 2=Play, 3=End:",1
bot,"[1, 2, 3]",int,"1=Collect, 2=Play, 3=End:",1
bot,"[1, 2, 3]",int,"1=Collect, 2=Play, 3=End:",3
bot,"[2, 3, 4]",int,"1=Build, 2=Trade, 3=Dev Cards(Play/Select), 4=End: ",3
bot,"[1, 2, 3]",int,"1=Collect, 2=Play, 3=End:",2
bot,['monopoly'],card,"Which dev card would you like to play from - [Knight(color=None, played=True, player=None, name='knight'), Knight(color=None, played=True, player=None, name='knight'), YearOfPlenty(color=None, played=True, player=None, name='year_of_plenty'), VictoryPoint(color=None, played=True, player=None, name='victory_point'), Knight(color=None, played=True, player=None, name='knight'), RoadBuilding(color=None, played=True, player=None, name='road_building'), Monopoly(color=None, played=False, player=None, name='monopoly')]: ",monopoly
bot,"['brick', 'ore', 'sheep', 'wheat', 'wood']",resource,Which resource would you like to monopolize: ,brick
bot,"[2, 4]",int,"1=Build, 2=Trade, 3=Dev Cards(Play/Select), 4=End: ",2
bot,"[1, 2, 3]",int,"Player Trade (1), Bank/Port Trade (2), Cancel (3): ",2
bot,"['brick', 'wood', 'sheep', 'wheat', 'ore']",resource,Which resource would you like to trade (give away): ,wheat
bot,"['brick', 'wood', 'sheep', 'wheat', 'ore']",resource,Which resource would you like to receive: ,wood
bot,"[1, 2, 3]",int,"Player Trade (1), Bank/Port Trade (2), Cancel (3): ",3
bot,"[2, 4]",int,"1=Build, 2=Trade, 3=Dev Cards(Play/Select), 4=End: ",4
bot,"[2, 4]",int,"1=Build, 2=Trade, 3=Dev Cards(Play/Select), 4=End: ",4
bot,"[2, 4]",int,"1=Build, 2=Trade, 3=Dev Cards(Play/Select), 4=End: ",4
bot,"range(0, 18)",int,Choosen a Tile [0-18] to move the Robber to: ,0
bot,['Red'],player,Choose a player to steal from {'Red'}: ,Red
bot,"['sheep', 'wood']",resource,"Which resource would you like to discard: brick, wood, sheep, wheat, ore: ",wood
bot,"['sheep', 'wood']",resource,"Which resource would you like to discard: brick, wood, sheep, wheat, ore: ",wood
bot,['sheep'],resource,"Which resource would you like to discard: brick, wood, sheep, wheat, ore: ",sheep
bot,['sheep'],resource,"Which resource would you like to discard: brick, wood, sheep, wheat, ore: ",sheep
bot,['sheep'],resource,"Which resource would you like to discard: brick, wood, sheep, wheat, ore: ",sheep
bot,['sheep'],resource,"Which resource would you like to discard: brick, wood, sheep, wheat, ore: ",sheep
bot,['sheep'],resource,"Which resource would you like to discard: brick, wood, sheep, wheat, ore: ",sheep
bot,['sheep'],resource,"Which resource would you like to discard: brick, wood, sheep, wheat, ore: ",sheep
bot,"[2, 4]",int,"1=Build, 2=Trade, 3=Dev Cards(Play/Select), 4=End: ",2
bot,"[1, 2, 3]",int,"Player Trade (1), Bank/Port Trade (2), Cancel (3): ",1
bot,"['brick', 'wood', 'sheep', 'wheat', 'ore']",resource,Which resource would you like to trade (give away): ,wheat
bot,"[1, 2, 3, 4]",int,How many would you like to trade: ,1
bot,"['brick', 'wood', 'sheep', 'wheat', 'ore']",resource,Which resource would you like to trade: ,wood
bot,"[1, 2, 3]",int,How many would you like to trade: ,2
bot,"[2, 4]",int,"1=Build, 2=Trade, 3=Dev Cards(Play/Select), 4=End: ",2
bot,"[1, 2, 3]",int,"Player Trade (1), Bank/Port Trade (2), Cancel (3): ",3
bot,"[2, 4]",int,"1=Build, 2=Trade, 3=Dev Cards(Play/Select), 4=End: ",2
bot,"[1, 2, 3]",int,"Player Trade (1), Bank/Port Trade (2), Cancel (3): ",3
bot,"[2, 4]",int,"1=Build, 2=Trade, 3=Dev Cards(Play/Select), 4=End: ",2
bot,"[1, 2, 3]",int,"Player Trade (1), Bank/Port Trade (2), Cancel (3): ",1
bot,"['brick', 'wood', 'sheep', 'wheat', 'ore']",resource,Which resource would you like to trade (give away): ,brick
bot,"[1, 2, 3, 4]",int,How many would you like to trade: ,1
bot,"['brick', 'wood', 'sheep', 'wheat', 'ore']",resource,Which resource would you like to trade: ,ore
bot,"[1, 2, 3]",int,How many would you like to trade: ,3
bot,"[2, 4]",int,"1=Build, 2=Trade, 3=Dev Cards(Play/Select), 4=End: ",2
bot,"[1, 2, 3]",int,"Player Trade (1), Bank/Port Trade (2), Cancel (3): ",3
bot,"[2, 4]",int,"1=Build, 2=Trade, 3=Dev Cards(Play/Select), 4=End: ",4
bot,"range(0, 18)",int,Choosen a Tile [0-18] to move the Robber to: ,8
bot,"['Blue', 'Green']",player,"Choose a player to steal from {'Blue', 'Green'}: ",Green
bot,"['wood', 'ore']",resource,"Which resource would you like to discard: brick, wood, sheep, wheat, ore: ",ore
bot,"['wood', 'ore']",resource,"Which resource would you like to discard: brick, wood, sheep, wheat, ore: ",wood
bot,"['wood', 'ore']",resource,"Which resource would you like to discard: brick, wood, sheep, wheat, ore: ",ore
bot,"['wood', 'ore']",resource,"Which resource would you like to discard: brick, wood, sheep, wheat, ore: ",wood
bot,"[2, 4]",int,"1=Build, 2=Trade, 3=Dev Cards(Play/Select), 4=End: ",4
bot,"[2, 4]",int,"1=Build, 2=Trade, 3=Dev Cards(Play/Select), 4=End: ",2
bot,"[1, 2, 3]",int,"Player Trade (1), Bank/Port Trade (2), Cancel (3): ",2
bot,"['brick', 'wood', 'sheep', 'wheat', 'ore']",resource,Which resource would you like to trade (give away): ,wheat
bot,"['brick', 'wood', 'sheep', 'wheat', 'ore']",resource,Which resource would you like to receive: ,sheep
bot,"[1, 2, 3]",int,"Player Trade (1), Bank/Port Trade (2), Cancel (3): ",3
bot,"[2, 4]",int,"1=Build, 2=Trade, 3=Dev Cards(Play/Select), 4=End: ",2
bot,"[1, 2, 3]",int,"Player Trade (1), Bank/Port Trade (2), Cancel (3): ",3
bot,"[2, 4]",int,"1=Build, 2=Trade, 3=Dev Cards(Play/Select), 4=End: ",4
bot,"[2, 4]",int,"1=Build, 2=Trade, 3=Dev Cards(Play/Select), 4=End: ",2
bot,"[1, 2, 3]",int,"Player Trade (1), Bank/Port Trade (2), Cancel (3): ",3
bot,"[2, 4]",int,"1=Build, 2=Trade, 3=Dev Cards(Play/Select), 4=End: ",4
bot,"[2, 4]",int,"1=Build, 2=Trade, 3=Dev Cards(Play/Select), 4=End: ",2
bot,"[1, 2, 3]",int,"Player Trade (1), Bank/Port Trade (2), Cancel (3): ",2
bot,"['brick', 'wood', 'sheep', 'wheat', 'ore']",resource,Which resource would you like to trade (give away): ,wood
bot,"['brick', 'wood', 'sheep', 'wheat', 'ore']",resource,Which resource would you like to receive: ,wood
bot,"[1, 2, 3]",int,"Player Trade (1), Bank/Port Trade (2), Cancel (3): ",2
bot,"['brick', 'wood', 'sheep', 'wheat', 'ore']",resource,Which resource would you like to trade (give away): ,wheat
bot,"['brick', 'wood', 'sheep', 'wheat', 'ore']",resource,Which resource would you like to receive: ,wheat
bot,"[1, 2, 3]",int,"Player Trade (1), Bank/Port Trade (2), Cancel (3): ",2
bot,"['brick', 'wood', 'sheep', 'wheat', 'ore']",resource,Which resource would you like to trade (give away): ,ore
bot,"['brick', 'wood', 'sheep', 'wheat', 'ore']",resource,Which resource would you like to receive: ,sheep
bot,"[1, 2, 3]",int,"Player Trade (1), Bank/Port Trade (2), Cancel (3): ",1
bot,"['brick', 'wood', 'sheep', 'wheat', 'ore']",resource,Which resource would you like to trade (give away): ,wood
bot,"[1, 2, 3, 4]",int,How many would you like to trade: ,3
bot,"['brick', 'wood', 'sheep', 'wheat', 'ore']",resource,Which resource would you like to trade: ,sheep
bot,"[1, 2, 3]",int,How many would you like to trade: ,2
bot,"['Y', 'N']",action,Red would you like to trade wood for sheep [Y/N]: ,N
bot,"[2, 4]",int,"1=Build, 2=Trade, 3=Dev Cards(Play/Select), 4=End: ",2
bot,"[1, 2, 3]",int,"Player Trade (1), Bank/Port Trade (2), Cancel (3): ",1
bot,"['brick', 'wood', 'sheep', 'wheat', 'ore']",resource,Which resource would you like to trade (give away): ,sheep
bot,"[1, 2, 3, 4]",int,How many would you like to trade: ,3
bot,"['brick', 'wood', 'sheep', 'wheat', 'ore']",resource,Which resource would you like to trade: ,brick
bot,"[1, 2, 3]",int,How many would you like to trade: ,1
bot,"['Y', 'N']",action,Yellow would you like to trade sheep for brick [Y/N]: ,Y
bot,"['Y', 'N']",action,Blue would you like to trade sheep for brick [Y/N]: ,Y
bot,"[1, 2, 3, 4]",int,"1=Build, 2=Trade, 3=Dev Cards(Play/Select), 4=End: ",1
bot,"[1, 2, 3, 4]",int,"1=Settlement, 2=City, 3=Road, 4=End: ",2
bot,"[1, 2, 3, 4]",int,"1=Settlement, 2=City, 3=Road, 4=End: ",2
bot,"[1, 2, 3, 4]",int,"1=Settlement, 2=City, 3=Road, 4=End: ",3
bot,"[1, 2, 3, 4]",int,"1=Settlement, 2=City, 3=Road, 4=End: ",3
bot,"[1, 2, 3, 4]",int,"1=Settlement, 2=City, 3=Road, 4=End: ",2
bot,"[1, 2, 3, 4]",int,"1=Settlement, 2=City, 3=Road, 4=End: ",3
bot,"[1, 2, 3, 4]",int,"1=Settlement, 2=City, 3=Road, 4=End: ",2
bot,"[1, 2, 3, 4]",int,"1=Settlement, 2=City, 3=Road, 4=End: ",1
bot,"[1, 2, 3, 4]",int,"1=Settlement, 2=City, 3=Road, 4=End: ",2
bot,"[1, 2, 3, 4]",int,"1=Settlement, 2=City, 3=Road, 4=End: ",2
bot,"[1, 2, 3, 4]",int,"1=Settlement, 2=City, 3=Road, 4=End: ",2
bot,"[1, 2, 3, 4]",int,"1=Settlement, 2=City, 3=Road, 4=End: ",1
bot,"[1, 2, 3, 4]",int,"1=Settlement, 2=City, 3=Road, 4=End: ",4
bot,"[1, 2, 3, 4]",int,"1=Build, 2=Trade, 3=Dev Cards(Play/Select), 4=End: ",4
bot,"[2, 4]",int,"1=Build, 2=Trade, 3=Dev Cards(Play/Select), 4=End: ",2
bot,"[1, 2, 3]",int,"Player Trade (1), Bank/Port Trade (2), Cancel (3): ",1
bot,"['brick', 'wood', 'sheep', 'wheat', 'ore']",resource,Which resource would you like to trade (give away): ,wheat
bot,"[1, 2, 3, 4]",int,How many would you like to trade: ,1
bot,"['brick', 'wood', 'sheep', 'wheat', 'ore']",resource,Which resource would you like to trade: ,wood
bot,"[1, 2, 3]",int,How many would you like to trade: ,3
bot,"[2, 4]",int,"1=Build, 2=Trade, 3=Dev Cards(Play/Select), 4=End: ",4
bot,"[1, 2, 4]",int,"1=Build, 2=Trade, 3=Dev Cards(Play/Select), 4=End: ",4
bot,"[2, 4]",int,"1=Build, 2=Trade, 3=Dev Cards(Play/Select), 4=End: ",2
bot,"[1, 2, 3]",int,"Player Trade (1), Bank/Port Trade (2), Cancel (3): ",1
bot,"['brick', 'wood', 'sheep', 'wheat', 'ore']",resource,Which resource would you like to trade (give away): ,brick
bot,"[1, 2, 3, 4]",int,How many would you like to trade: ,3
bot,"['brick', 'wood', 'sheep', 'wheat', 'ore']",resource,Which resource would you like to trade: ,wheat
bot,"[1, 2, 3]",int,How many would you like to trade: ,2
bot,"['Y', 'N']",action,Yellow would you like to trade brick for wheat [Y/N]: ,N
bot,"[2, 4]",int,"1=Build, 2=Trade, 3=Dev Cards(Play/Select), 4=End: ",4
bot,"[1, 2, 3, 4]",int,"1=Build, 2=Trade, 3=Dev Cards(Play/Select), 4=End: ",3
bot,"[1, 2, 3]",int,"1=Collect, 2=Play, 3=End:",2
bot,"[1, 2, 3]",int,"1=Collect, 2=Play, 3=End:",2
bot,"[1, 2, 3]",int,"1=Collect, 2=Play, 3=End:",3
bot,"[1, 2, 3, 4]",int,"1=Build, 2=Trade, 3=Dev Cards(Play/Select), 4=End: ",2
bot,"[1, 2, 3]",int,"Player Trade (1), Bank/Port Trade (2), Cancel (3): ",2
bot,"['brick', 'wood', 'sheep', 'wheat', 'ore']",resource,Which resource would you like to trade (give away): ,sheep
bot,"['brick', 'wood', 'sheep', 'wheat', 'ore']",resource,Which resource would you like to receive: ,ore
bot,"[1, 2, 3]",int,"Player Trade (1), Bank/Port Trade (2), Cancel (3): ",3
bot,"[1, 2, 3, 4]",int,"1=Build, 2=Trade, 3=Dev Cards(Play/Select), 4=End: ",2
bot,"[1, 2, 3]",int,"Player Trade (1), Bank/Port Trade (2), Cancel (3): ",3
bot,"[1, 2, 3, 4]",int,"1=Build, 2=Trade, 3=Dev Cards(Play/Select), 4=End: ",3
bot,"[1, 2, 3]",int,"1=Collect, 2=Play, 3=End:",1
bot,"[1, 2, 3]",int,"1=Collect, 2=Play, 3=End:",2
bot,['knight'],card,"Which dev card would you like to play from - [Monopoly(color=None, played=True, player=None, name='monopoly'), Knight(color=None, played=True, player=None, name='knight'), VictoryPoint(color=None, played=True, player=None, name='victory_point'), Knight(color=None, played=False, player=None, name='knight')]: ",knight
bot,"range(0, 18)",int,Choosen a Tile [0-18] to move the Robber to: ,3
bot,['Red'],player,Choose a player to steal from {'Red'}: ,Red
bot,"[2, 4]",int,"1=Build, 2=Trade, 3=Dev Cards(Play/Select), 4=End: ",2
bot,"[1, 2, 3]",int,"Player Trade (1), Bank/Port Trade (2), Cancel (3): ",3
bot,"[2, 4]",int,"1=Build, 2=Trade, 3=Dev Cards(Play/Select), 4=End: ",4
bot,"[2, 4]",int,"1=Build, 2=Trade, 3=Dev Cards(Play/Select), 4=End: ",4
bot,"[1, 2, 4]",int,"1=Build, 2=Trade, 3=Dev Cards(Play/Select), 4=End: ",2
bot,"[1, 2, 3]",int,"Player Trade (1), Bank/Port Trade (2), Cancel (3): ",1
bot,"['brick', 'wood', 'sheep', 'wheat', 'ore']",resource,Which resource would you like to trade (give away): ,ore
bot,"[1, 2, 3, 4]",int,How many would you like to trade: ,3
bot,"['brick', 'wood', 'sheep', 'wheat', 'ore']",resource,Which resource would you like to trade: ,ore
bot,"[1, 2, 3]",int,How many would you like to trade: ,2
bot,"[1, 2, 4]",int,"1=Build, 2=Trade, 3=Dev Cards(Play/Select), 4=End: ",4
bot,"[2, 4]",int,"1=Build, 2=Trade, 3=Dev Cards(Play/Select), 4=End: ",4
bot,"range(0, 18)",int,Choosen a Tile [0-18] to move the Robber to: ,12
bot,['Blue'],player,Choose a player to steal from {'Blue'}: ,Blue
bot,"['wood', 'ore']",resource,"Which resource would you like to discard: brick, wood, sheep, wheat, ore: ",wood
bot,"['wood', 'ore']",resource,"Which resource would you like to discard: brick, wood, sheep, wheat, ore: ",wood
bot,"['wood', 'ore']",resource,"Which resource would you like to discard: brick, wood, sheep, wheat, ore: ",wood
bot,"['wood', 'ore']",resource,"Which resource would you like to discard: brick, wood, sheep, wheat, ore: ",wood
bot,"['wood', 'ore']",resource,"Which resource would you like to discard: brick, wood, sheep, wheat, ore: ",ore
bot,"['sheep', 'wood', 'brick']",resource,"Which resource would you like to discard: brick, wood, sheep, wheat, ore: ",wood
bot,"['sheep', 'wood', 'brick']",resource,"Which resource would you like to discard: brick, wood, sheep, wheat, ore: ",wood
bot,"['sheep', 'wood', 'brick']",resource,"Which resource would you like to discard: brick, wood, sheep, wheat, ore: ",brick
bot,"['sheep', 'wood', 'brick']",resource,"Which resource would you like to discard: brick, wood, sheep, wheat, ore: ",brick
bot,"['sheep', 'wood', 'brick']",resource,"Which resource would you like to discard: brick, wood, sheep, wheat, ore: ",wood
bot,"['sheep', 'wood', 'brick']",resource,"Which resource would you like to discard: brick, wood, sheep, wheat, ore: ",sheep
bot,"['sheep', 'wood', 'brick']",resource,"Which resource would you like to discard: brick, wood, sheep, wheat, ore: ",brick
bot,"['sheep', 'wood', 'brick']",resource,"Which resource would you like to discard: brick, wood, sheep, wheat, ore: ",brick
bot,"['sheep', 'wood', 'brick']",resource,"Which resource would you like to discard: brick, wood, sheep, wheat, ore: ",sheep
bot,"['sheep', 'wheat', 'brick']",resource,"Which resource would you like to discard: brick, wood, sheep, wheat, ore: ",sheep
bot,"['sheep', 'wheat', 'brick']",resource,"Which resource would you like to discard: brick, wood, sheep, wheat, ore: ",wheat
bot,"['sheep', 'brick']",resource,"Which resource would you like to discard: brick, wood, sheep, wheat, ore: ",brick
bot,"['sheep', 'brick']",resource,"Which resource would you like to discard: brick, wood, sheep, wheat, ore: ",sheep
bot,"['sheep', 'brick']",resource,"Which resource would you like to discard: brick, wood, sheep, wheat, ore: ",sheep
bot,"[2, 4]",int,"1=Build, 2=Trade, 3=Dev Cards(Play/Select), 4=End: ",4
bot,"[2, 4]",int,"1=Build, 2=Trade, 3=Dev Cards(Play/Select), 4=End: ",4
bot,"[1, 2, 4]",int,"1=Build, 2=Trade, 3=Dev Cards(Play/Select), 4=End: ",4
bot,"[2, 4]",int,"1=Build, 2=Trade, 3=Dev Cards(Play/Select), 4=End: ",2
bot,"[1, 2, 3]",int,"Player Trade (1), Bank/Port Trade (2), Cancel (3): ",3
bot,"[2, 4]",int,"1=Build, 2=Trade, 3=Dev Cards(Play/Select), 4=End: ",2
bot,"[1, 2, 3]",int,"Player Trade (1), Bank/Port Trade (2), Cancel (3): ",1
bot,"['brick', 'wood', 'sheep', 'wheat', 'ore']",resource,Which resource would you like to trade (give away): ,wheat
bot,"[1, 2, 3, 4]",int,How many would you like to trade: ,4
bot,"['brick', 'wood', 'sheep', 'wheat', 'ore']",resource,Which resource would you like to trade: ,wood
bot,"[1, 2, 3]",int,How many would you like to trade: ,2
bot,"['Y', 'N']",action,Green would you like to trade wheat for wood [Y/N]: ,N
bot,"[2, 4]",int,"1=Build, 2=Trade, 3=Dev Cards(Play/Select), 4=End: ",4
bot,"range(0, 18)",int,Choosen a Tile [0-18] to move the Robber to: ,13
bot,"['Blue', 'Yellow']",player,"Choose a player to steal from {'Blue', 'Yellow'}: ",Blue
bot,['wood'],resource,"Which resource would you like to discard: brick, wood, sheep, wheat, ore: ",wood
bot,['wood'],resource,"Which resource would you like to discard: brick, wood, sheep, wheat, ore: ",wood
bot,['wood'],resource,"Which resource would you like to discard: brick, wood, sheep, wheat, ore: ",wood
bot,['wood'],resource,"Which resource would you like to discard: brick, wood, sheep, wheat, ore: ",wood
bot,"['sheep', 'wood', 'brick']",resource,"Which resource would you like to discard: brick, wood, sheep, wheat, ore: ",brick
bot,"['sheep', 'wood', 'brick']",resource,"Which resource would you like to discard: brick, wood, sheep, wheat, ore: ",brick
bot,"['sheep', 'wood']",resource,"Which resource would you like to discard: brick, wood, sheep, wheat, ore: ",wood
bot,"['sheep', 'wood']",resource,"Which resource would you like to discard: brick, wood, sheep, wheat, ore: ",wood
bot,"['sheep', 'wood']",resource,"Which resource would you like to discard: brick, wood, sheep, wheat, ore: ",sheep
bot,"['sheep', 'wood']",resource,"Which resource would you like to discard: brick, wood, sheep, wheat, ore: ",wood
bot,"[2, 4]",int,"1=Build, 2=Trade, 3=Dev Cards(Play/Select), 4=End: ",2
bot,"[1, 2, 3]",int,"Player Trade (1), Bank/Port Trade (2), Cancel (3): ",2
bot,"['brick', 'wood', 'sheep', 'wheat', 'ore']",resource,Which resource would you like to trade (give away): ,wood
bot,"['brick', 'wood', 'sheep', 'wheat', 'ore']",resource,Which resource would you like to receive: ,ore
bot,"[1, 2, 3]",int,"Player Trade (1), Bank/Port Trade (2), Cancel (3): ",1
bot,"['brick', 'wood', 'sheep', 'wheat', 'ore']",resource,Which resource would you like to trade (give away): ,ore
bot,"[1, 2, 3, 4]",int,How many would you like to trade: ,1
bot,"['brick', 'wood', 'sheep', 'wheat', 'ore']",resource,Which resource would you like to trade: ,brick
bot,"[1, 2, 3]",int,How many would you like to trade: ,2
bot,"[2, 4]",int,"1=Build, 2=Trade, 3=Dev Cards(Play/Select), 4=End: ",2
bot,"[1, 2, 3]",int,"Player Trade (1), Bank/Port Trade (2), Cancel (3): ",3
bot,"[2, 4]",int,"1=Build, 2=Trade, 3=Dev Cards(Play/Select), 4=End: ",2
bot,"[1, 2, 3]",int,"Player Trade (1), Bank/Port Trade (2), Cancel (3): ",2
bot,"['brick', 'wood', 'sheep', 'wheat', 'ore']",resource,Which resource would you like to trade (give away): ,brick
bot,"['brick', 'wood', 'sheep', 'wheat', 'ore']",resource,Which resource would you like to receive: ,wheat
bot,"[1, 2, 3]",int,"Player Trade (1), Bank/Port Trade (2), Cancel (3): ",2
bot,"['brick', 'wood', 'sheep', 'wheat', 'ore']",resource,Which resource would you like to trade (give away): ,wood
bot,"['brick', 'wood', 'sheep', 'wheat', 'ore']",resource,Which resource would you like to receive: ,brick
bot,"[1, 2, 3]",int,"Player Trade (1), Bank/Port Trade (2), Cancel (3): ",2
bot,"['brick', 'wood', 'sheep', 'wheat', 'ore']",resource,Which resource would you like to trade (give away): ,brick
bot,"['brick', 'wood', 'sheep', 'wheat', 'ore']",resource,Which resource would you like to receive: ,wood
bot,"[1, 2, 3]",int,"Player Trade (1), Bank/Port Trade (2), Cancel (3): ",2
bot,"['brick', 'wood', 'sheep', 'wheat', 'ore']",resource,Which resource would you like to trade (give away): ,sheep
bot,"['brick', 'wood', 'sheep', 'wheat', 'ore']",resource,Which resource would you like to receive: ,wheat
bot,"[1, 2, 3]",int,"Player Trade (1), Bank/Port Trade (2), Cancel (3): ",2
bot,"['brick', 'wood', 'sheep', 'wheat', 'ore']",resource,Which resource would you like to trade (give away): ,sheep
bot,"['brick', 'wood', 'sheep', 'wheat', 'ore']",resource,Which resource would you like to receive: ,brick
bot,"[1, 2, 3]",int,"Player Trade (1), Bank/Port Trade (2), Cancel (3): ",2
bot,"['brick', 'wood', 'sheep', 'wheat', 'ore']",resource,Which resource would you like to trade (give away): ,wood
bot,"['brick', 'wood', 'sheep', 'wheat', 'ore']",resource,Which resource would you like to receive: ,ore
bot,"[1, 2, 3]",int,"Player Trade (1), Bank/Port Trade (2), Cancel (3): ",1
bot,"['brick', 'wood', 'sheep', 'wheat', 'ore']",resource,Which resource would you like to trade (give away): ,ore
bot,"[1, 2, 3, 4]",int,How many would you like to trade: ,3
bot,"['brick', 'wood', 'sheep', 'wheat', 'ore']",resource,Which resource would you like to trade: ,sheep
bot,"[1, 2, 3]",int,How many would you like to trade: ,1
bot,"[2, 4]",int,"1=Build, 2=Trade, 3=Dev Cards(Play/Select), 4=End: ",4
bot,"[2, 4]",int,"1=Build, 2=Trade, 3=Dev Cards(Play/Select), 4=End: ",2
bot,"[1, 2, 3]",int,"Player Trade (1), Bank/Port Trade (2), Cancel (3): ",3
bot,"[2, 4]",int,"1=Build, 2=Trade, 3=Dev Cards(Play/Select), 4=End: ",2
bot,"[1, 2, 3]",int,"Player Trade (1), Bank/Port Trade (2), Cancel (3): ",1
bot,"['brick', 'wood', 'sheep', 'wheat', 'ore']",resource,Which resource would you like to trade (give away): ,wood
bot,"[1, 2, 3, 4]",int,How many would you like to trade: ,2
bot,"['brick', 'wood', 'sheep', 'wheat', 'ore']",resource,Which resource would you like to trade: ,ore
bot,"[1, 2, 3]",int,How many would you like to trade: ,1
bot,"['Y', 'N']",action,Yellow would you like to trade wood for ore [Y/N]: ,N
bot,"['Y', 'N']",action,Green would you like to trade wood for ore [Y/N]: ,N
bot,"[2, 4]",int,"1=Build, 2=Trade, 3=Dev Cards(Play/Select), 4=End: ",2
bot,"[1, 2, 3]",int,"Player Trade (1), Bank/Port Trade (2), Cancel (3): ",1
bot,"['brick', 'wood', 'sheep', 'wheat', 'ore']",resource,Which resource would you like to trade (give away): ,sheep
bot,"[1, 2, 3, 4]",int,How many would you like to trade: ,1
bot,"['brick', 'wood', 'sheep', 'wheat', 'ore']",resource,Which resource would you like to trade: ,ore
bot,"[1, 2, 3]",int,How many would you like to trade: ,2
bot,"['Y', 'N']",action,Yellow would you like to trade sheep for ore [Y/N]: ,Y
bot,"['Y', 'N']",action,Blue would you like to trade sheep for ore [Y/N]: ,N
bot,"[2, 4]",int,"1=Build, 2=Trade, 3=Dev Cards(Play/Select), 4=End: ",2
bot,"[1, 2, 3]",int,"Player Trade (1), Bank/Port Trade (2), Cancel (3): ",1
bot,"['brick', 'wood', 'sheep', 'wheat', 'ore']",resource,Which resource would you like to trade (give away): ,wood
bot,"[1, 2, 3, 4]",int,How many would you like to trade: ,4
bot,"['brick', 'wood', 'sheep', 'wheat', 'ore']",resource,Which resource would you like to trade: ,sheep
bot,"[1, 2, 3]",int,How many would you like to trade: ,1
bot,"['Y', 'N']",action,Yellow would you like to trade wood for sheep [Y/N]: ,Y
bot,"['Y', 'N']",action,Green would you like to trade wood for sheep [Y/N]: ,Y
bot,"[2, 4]",int,"1=Build, 2=Trade, 3=Dev Cards(Play/Select), 4=End: ",4
bot,"[2, 4]",int,"1=Build, 2=Trade, 3=Dev Cards(Play/Select), 4=End: ",2
bot,"[1, 2, 3]",int,"Player Trade (1), Bank/Port Trade (2), Cancel (3): ",1
bot,"['brick', 'wood', 'sheep', 'wheat', 'ore']",resource,Which resource would you like to trade (give away): ,ore
bot,"[1, 2, 3, 4]",int,How many would you like to trade: ,4
bot,"['brick', 'wood', 'sheep', 'wheat', 'ore']",resource,Which resource would you like to trade: ,wood
bot,"[1, 2, 3]",int,How many would you like to trade: ,1
bot,"[2, 4]",int,"1=Build, 2=Trade, 3=Dev Cards(Play/Select), 4=End: ",4
bot,"[2, 4]",int,"1=Build, 2=Trade, 3=Dev Cards(Play/Select), 4=End: ",2
bot,"[1, 2, 3]",int,"Player Trade (1), Bank/Port Trade (2), Cancel (3): ",3
bot,"[2, 4]",int,"1=Build, 2=Trade, 3=Dev Cards(Play/Select), 4=End: ",4
bot,"range(0, 18)",int,Choosen a Tile [0-18] to move the Robber to: ,14
bot,['Red'],player,Choose a player to steal from {'Red'}: ,Red
bot,"['wood', 'sheep', 'ore', 'brick']",resource,"Which resource would you like to discard: brick, wood, sheep, wheat, ore: ",sheep
bot,"['wood', 'sheep', 'ore', 'brick']",resource,"Which resource would you like to discard: brick, wood, sheep, wheat, ore: ",brick
bot,"['wood', 'sheep', 'ore']",resource,"Which resource would you like to discard: brick, wood, sheep, wheat, ore: ",wood
bot,"['sheep', 'ore']",resource,"Which resource would you like to discard: brick, wood, sheep, wheat, ore: ",sheep
bot,"['sheep', 'ore']",resource,"Which resource would you like to discard: brick, wood, sheep, wheat, ore: ",sheep
bot,"['sheep', 'wheat', 'brick']",resource,"Which resource would you like to discard: brick, wood, sheep, wheat, ore: ",brick
bot,"['sheep', 'wheat']",resource,"Which resource would you like to discard: brick, wood, sheep, wheat, ore: ",sheep
bot,"['sheep', 'wheat']",resource,"Which resource would you like to discard: brick, wood, sheep, wheat, ore: ",wheat
bot,['sheep'],resource,"Which resource would you like to discard: brick, wood, sheep, wheat, ore: ",sheep
bot,"['sheep', 'wheat']",resource,"Which resource would you like to discard: brick, wood, sheep, wheat, ore: ",wheat
bot,"['sheep', 'wheat']",resource,"Which resource would you like to discard: brick, wood, sheep, wheat, ore: ",wheat
bot,"['sheep', 'wheat']",resource,"Which resource would you like to discard: brick, wood, sheep, wheat, ore: ",sheep
bot,"['sheep', 'wheat']",resource,"Which resource would you like to discard: brick, wood, sheep, wheat, ore: ",sheep
bot,"[2, 4]",int,"1=Build, 2=Trade, 3=Dev Cards(Play/Select), 4=End: ",2
bot,"[1, 2, 3]",int,"Player Trade (1), Bank/Port Trade (2), Cancel (3): ",1
bot,"['brick', 'wood', 'sheep', 'wheat', 'ore']",resource,Which resource would you like to trade (give away): ,sheep
bot,"[1, 2, 3, 4]",int,How many would you like to trade: ,3
bot,"['brick', 'wood', 'sheep', 'wheat', 'ore']",resource,Which resource would you like to trade: ,wheat
bot,"[1, 2, 3]",int,How many would you like to trade: ,3
bot,"['Y', 'N']",action,Yellow would you like to trade sheep for wheat [Y/N]: ,N
bot,"['Y', 'N']",action,Blue would you like to trade sheep for wheat [Y/N]: ,Y
bot,"[2, 4]",int,"1=Build, 2=Trade, 3=Dev Cards(Play/Select), 4=End: ",2
bot,"[1, 2, 3]",int,"Player Trade (1), Bank/Port Trade (2), Cancel (3): ",3
bot,"[2, 4]",int,"1=Build, 2=Trade, 3=Dev Cards(Play/Select), 4=End: ",2
bot,"[1, 2, 3]",int,"Player Trade (1), Bank/Port Trade (2), Cancel (3): ",1
bot,"['brick', 'wood', 'sheep', 'wheat', 'ore']",resource,Which resource would you like to trade (give away): ,sheep
bot,"[1, 2, 3, 4]",int,How many would you like to trade: ,2
bot,"['brick', 'wood', 'sheep', 'wheat', 'ore']",resource,Which resource would you like to trade: ,ore
bot,"[1, 2, 3]",int,How many would you like to trade: ,1
bot,"['Y', 'N']",action,Yellow would you like to trade sheep for ore [Y/N]: ,N
bot,"['Y', 'N']",action,Blue would you like to trade sheep for ore [Y/N]: ,N
bot,"[2, 4]",int,"1=Build, 2=Trade, 3=Dev Cards(Play/Select), 4=End: ",4
bot,"[2, 4]",int,"1=Build, 2=Trade, 3=Dev Cards(Play/Select), 4=End: ",2
bot,"[1, 2, 3]",int,"Player Trade (1), Bank/Port Trade (2), Cancel (3): ",2
bot,"['brick', 'wood', 'sheep', 'wheat', 'ore']",resource,Which resource would you like to trade (give away): ,brick
bot,"['brick', 'wood', 'sheep', 'wheat', 'ore']",resource,Which resource would you like to receive: ,ore
bot,"[1, 2, 3]",int,"Player Trade (1), Bank/Port Trade (2), Cancel (3): ",3
bot,"[2, 4]",int,"1=Build, 2=Trade, 3=Dev Cards(Play/Select), 4=End: ",2
bot,"[1, 2, 3]",int,"Player Trade (1), Bank/Port Trade (2), Cancel (3): ",3
bot,"[2, 4]",int,"1=Build, 2=Trade, 3=Dev Cards(Play/Select), 4=End: ",4
bot,"range(0, 18)",int,Choosen a Tile [0-18] to move the Robber to: ,14
bot,"range(0, 18)",int,Choosen a Tile [0-18] to move the Robber to: ,9
bot,['Blue'],player,Choose a player to steal from {'Blue'}: ,Blue
bot,"['sheep', 'wheat', 'ore']",resource,"Which resource would you like to discard: brick, wood, sheep, wheat, ore: ",wheat
bot,"['sheep', 'ore']",resource,"Which resource would you like to discard: brick, wood, sheep, wheat, ore: ",sheep
bot,"['sheep', 'ore']",resource,"Which resource would you like to discard: brick, wood, sheep, wheat, ore: ",ore
bot,['sheep'],resource,"Which resource would you like to discard: brick, wood, sheep, wheat, ore: ",sheep
bot,"[2, 4]",int,"1=Build, 2=Trade, 3=Dev Cards(Play/Select), 4=End: ",2
bot,"[1, 2, 3]",int,"Player Trade (1), Bank/Port Trade (2), Cancel (3): ",2
bot,"['brick', 'wood', 'sheep', 'wheat', 'ore']",resource,Which resource would you like to trade (give away): ,ore
bot,"['brick', 'wood', 'sheep', 'wheat', 'ore']",resource,Which resource would you like to receive: ,ore
bot,"[1, 2, 3]",int,"Player Trade (1), Bank/Port Trade (2), Cancel (3): ",2
bot,"['brick', 'wood', 'sheep', 'wheat', 'ore']",resource,Which resource would you like to trade (give away): ,wheat
bot,"['brick', 'wood', 'sheep', 'wheat', 'ore']",resource,Which resource would you like to receive: ,brick
bot,"[1, 2, 3]",int,"Player Trade (1), Bank/Port Trade (2), Cancel (3): ",2
bot,"['brick', 'wood', 'sheep', 'wheat', 'ore']",resource,Which resource would you like to trade (give away): ,brick
bot,"['brick', 'wood', 'sheep', 'wheat', 'ore']",resource,Which resource would you like to receive: ,wheat
bot,"[1, 2, 3]",int,"Player Trade (1), Bank/Port Trade (2), Cancel (3): ",2
bot,"['brick', 'wood', 'sheep', 'wheat', 'ore']",resource,Which resource would you like to trade (give away): ,ore
bot,"['brick', 'wood', 'sheep', 'wheat', 'ore']",resource,Which resource would you like to receive: ,wheat
bot,"[1, 2, 3]",int,"Player Trade (1), Bank/Port Trade (2), Cancel (3): ",3
bot,"[2, 4]",int,"1=Build, 2=Trade, 3=Dev Cards(Play/Select), 4=End: ",4
bot,"[2, 4]",int,"1=Build, 2=Trade, 3=Dev Cards(Play/Select), 4=End: ",2
bot,"[1, 2, 3]",int,"Player Trade (1), Bank/Port Trade (2), Cancel (3): ",1
bot,"['brick', 'wood', 'sheep', 'wheat', 'ore']",resource,Which resource would you like to trade (give away): ,brick
bot,"[1, 2, 3, 4]",int,How many would you like to trade: ,2
bot,"['brick', 'wood', 'sheep', 'wheat', 'ore']",resource,Which resource would you like to trade: ,brick
bot,"[1, 2, 3]",int,How many would you like to trade: ,2
bot,"[2, 4]",int,"1=Build, 2=Trade, 3=Dev Cards(Play/Select), 4=End: ",4
bot,"[1, 2, 3, 4]",int,"1=Build, 2=Trade, 3=Dev Cards(Play/Select), 4=End: ",4
bot,"[2, 4]",int,"1=Build, 2=Trade, 3=Dev Cards(Play/Select), 4=End: ",4
bot,"[2, 4]",int,"1=Build, 2=Trade, 3=Dev Cards(Play/Select), 4=End: ",4
bot,"[2, 4]",int,"1=Build, 2=Trade, 3=Dev Cards(Play/Select), 4=End: ",2
bot,"[1, 2, 3]",int,"Player Trade (1), Bank/Port Trade (2), Cancel (3): ",2
bot,"['brick', 'wood', 'sheep', 'wheat', 'ore']",resource,Which resource would you like to trade (give away): ,ore
bot,"['brick', 'wood', 'sheep', 'wheat', 'ore']",resource,Which resource would you like to receive: ,wood
bot,"[1, 2, 3]",int,"Player Trade (1), Bank/Port Trade (2), Cancel (3): ",2
bot,"['brick', 'wood', 'sheep', 'wheat', 'ore']",resource,Which resource would you like to trade (give away): ,wheat
bot,"['brick', 'wood', 'sheep', 'wheat', 'ore']",resource,Which resource would you like to receive: ,wheat
bot,"[2, 4]",int,"1=Build, 2=Trade, 3=Dev Cards(Play/Select), 4=End: ",2
bot,"[1, 2, 3]",int,"Player Trade (1), Bank/Port Trade (2), Cancel (3): ",2
bot,"['brick', 'wood', 'sheep', 'wheat', 'ore']",resource,Which resource would you like to trade (give away): ,sheep
bot,"['brick', 'wood', 'sheep', 'wheat', 'ore']",resource,Which resource would you like to receive: ,brick
bot,"[1, 2, 3]",int,"Player Trade (1), Bank/Port Trade (2), Cancel (3): ",3
bot,"[2, 4]",int,"1=Build, 2=Trade, 3=Dev Cards(Play/Select), 4=End: ",2
bot,"[1, 2, 3]",int,"Player Trade (1), Bank/Port Trade (2), Cancel (3): ",3
bot,"[2, 4]",int,"1=Build, 2=Trade, 3=Dev Cards(Play/Select), 4=End: ",4
bot,"[1, 2, 3, 4]",int,"1=Build, 2=Trade, 3=Dev Cards(Play/Select), 4=End: ",3
bot,"[1, 2, 3]",int,"1=Collect, 2=Play, 3=End:",2
bot,"[1, 2, 3]",int,"1=Collect, 2=Play, 3=End:",1
bot,"[1, 2, 3]",int,"1=Collect, 2=Play, 3=End:",3
bot,"[1, 2, 3, 4]",int,"1=Build, 2=Trade, 3=Dev Cards(Play/Select), 4=End: ",2
bot,"[1, 2, 3]",int,"Player Trade (1), Bank/Port Trade (2), Cancel (3): ",3
bot,"[1, 2, 3, 4]",int,"1=Build, 2=Trade, 3=Dev Cards(Play/Select), 4=End: ",1
bot,"[1, 2, 3, 4]",int,"1=Settlement, 2=City, 3=Road, 4=End: ",4
bot,"[1, 2, 3, 4]",int,"1=Build, 2=Trade, 3=Dev Cards(Play/Select), 4=End: ",1
bot,"[1, 2, 3, 4]",int,"1=Settlement, 2=City, 3=Road, 4=End: ",2
bot,"[1, 2, 3, 4]",int,"1=Settlement, 2=City, 3=Road, 4=End: ",4
bot,"[1, 2, 3, 4]",int,"1=Build, 2=Trade, 3=Dev Cards(Play/Select), 4=End: ",4
bot,"[2, 4]",int,"1=Build, 2=Trade, 3=Dev Cards(Play/Select), 4=End: ",2
bot,"[1, 2, 3]",int,"Player Trade (1), Bank/Port Trade (2), Cancel (3): ",1
bot,"['brick', 'wood', 'sheep', 'wheat', 'ore']",resource,Which resource would you like to trade (give away): ,ore
bot,"[1, 2, 3, 4]",int,How many would you like to trade: ,2
bot,"['brick', 'wood', 'sheep', 'wheat', 'ore']",resource,Which resource would you like to trade: ,ore
bot,"[1, 2, 3]",int,How many would you like to trade: ,2
bot,"[2, 4]",int,"1=Build, 2=Trade, 3=Dev Cards(Play/Select), 4=End: ",4
bot,"[2, 4]",int,"1=Build, 2=Trade, 3=Dev Cards(Play/Select), 4=End: ",2
bot,"[1, 2, 3]",int,"Player Trade (1), Bank/Port Trade (2), Cancel (3): ",2
bot,"['brick', 'wood', 'sheep', 'wheat', 'ore']",resource,Which resource would you like to trade (give away): ,wood
bot,"['brick', 'wood', 'sheep', 'wheat', 'ore']",resource,Which resource would you like to receive: ,brick
bot,"[1, 2, 4]",int,"1=Build, 2=Trade, 3=Dev Cards(Play/Select), 4=End: ",1
bot,"[1, 2, 3, 4]",int,"1=Settlement, 2=City, 3=Road, 4=End: ",4
bot,"[1, 2, 4]",int,"1=Build, 2=Trade, 3=Dev Cards(Play/Select), 4=End: ",1
bot,"[1, 2, 3, 4]",int,"1=Settlement, 2=City, 3=Road, 4=End: ",4
bot,"[1, 2, 4]",int,"1=Build, 2=Trade, 3=Dev Cards(Play/Select), 4=End: ",2
bot,"[1, 2, 3]",int,"Player Trade (1), Bank/Port Trade (2), Cancel (3): ",1
bot,"['brick', 'wood', 'sheep', 'wheat', 'ore']",resource,Which resource would you like to trade (give away): ,ore
bot,"[1, 2, 3, 4]",int,How many would you like to trade: ,3
bot,"['brick', 'wood', 'sheep', 'wheat', 'ore']",resource,Which resource would you like to trade: ,wheat
bot,"[1, 2, 3]",int,How many would you like to trade: ,3
bot,"[1, 2, 4]",int,"1=Build, 2=Trade, 3=Dev Cards(Play/Select), 4=End: ",4
bot,"[2, 4]",int,"1=Build, 2=Trade, 3=Dev Cards(Play/Select), 4=End: ",2
bot,"[1, 2, 3]",int,"Player Trade (1), Bank/Port Trade (2), Cancel (3): ",3
bot,"[2, 4]",int,"1=Build, 2=Trade, 3=Dev Cards(Play/Select), 4=End: ",4
bot,"[1, 2, 3, 4]",int,"1=Build, 2=Trade, 3=Dev Cards(Play/Select), 4=End: ",3
bot,"[1, 2, 3]",int,"1=Collect, 2=Play, 3=End:",2
bot,['knight'],card,"Which dev card would you like to play from - [Monopoly(color=None, played=True, player=None, name='monopoly'), Knight(color=None, played=True, player=None, name='knight'), VictoryPoint(color=None, played=True, player=None, name='victory_point'), Knight(color=None, played=True, player=None, name='knight'), Knight(color=None, played=False, player=None, name='knight')]: ",knight
bot,"range(0, 18)",int,Choosen a Tile [0-18] to move the Robber to: ,9
bot,"range(0, 18)",int,Choosen a Tile [0-18] to move the Robber to: ,17
bot,"['Red', 'Yellow']",player,"Choose a player to steal from {'Red', 'Yellow'}: ",Yellow
bot,"[1, 2, 3, 4]",int,"1=Build, 2=Trade, 3=Dev Cards(Play/Select), 4=End: ",4
bot,"[2, 4]",int,"1=Build, 2=Trade, 3=Dev Cards(Play/Select), 4=End: ",4
bot,"[1, 2, 4]",int,"1=Build, 2=Trade, 3=Dev Cards(Play/Select), 4=End: ",2
bot,"[1, 2, 3]",int,"Player Trade (1), Bank/Port Trade (2), Cancel (3): ",2
bot,"['brick', 'wood', 'sheep', 'wheat', 'ore']",resource,Which resource would you like to trade (give away): ,brick
bot,"['brick', 'wood', 'sheep', 'wheat', 'ore']",resource,Which resource would you like to receive: ,wheat
bot,"[1, 2, 3]",int,"Player Trade (1), Bank/Port Trade (2), Cancel (3): ",2
bot,"['brick', 'wood', 'sheep', 'wheat', 'ore']",resource,Which resource would you like to trade (give away): ,wheat
bot,"['brick', 'wood', 'sheep', 'wheat', 'ore']",resource,Which resource would you like to receive: ,brick
bot,"[1, 2, 3]",int,"Player Trade (1), Bank/Port Trade (2), Cancel (3): ",3
bot,"[1, 2, 4]",int,"1=Build, 2=Trade, 3=Dev Cards(Play/Select), 4=End: ",2
bot,"[1, 2, 3]",int,"Player Trade (1), Bank/Port Trade (2), Cancel (3): ",2
bot,"['brick', 'wood', 'sheep', 'wheat', 'ore']",resource,Which resource would you like to trade (give away): ,wood
bot,"['brick', 'wood', 'sheep', 'wheat', 'ore']",resource,Which resource would you like to receive: ,brick
bot,"[1, 2, 3]",int,"Player Trade (1), Bank/Port Trade (2), Cancel (3): ",2
bot,"['brick', 'wood', 'sheep', 'wheat', 'ore']",resource,Which resource would you like to trade (give away): ,wood
bot,"['brick', 'wood', 'sheep', 'wheat', 'ore']",resource,Which resource would you like to receive: ,sheep
bot,"[1, 2, 3]",int,"Player Trade (1), Bank/Port Trade (2), Cancel (3): ",1
bot,"['brick', 'wood', 'sheep', 'wheat', 'ore']",resource,Which resource would you like to trade (give away): ,ore
bot,"[1, 2, 3, 4]",int,How many would you like to trade: ,2
bot,"['brick', 'wood', 'sheep', 'wheat', 'ore']",resource,Which resource would you like to trade: ,wood
bot,"[1, 2, 3]",int,How many would you like to trade: ,3
bot,"['Y', 'N']",action,Green would you like to trade ore for wood [Y/N]: ,Y
bot,"[2, 4]",int,"1=Build, 2=Trade, 3=Dev Cards(Play/Select), 4=End: ",2
bot,"[1, 2, 3]",int,"Player Trade (1), Bank/Port Trade (2), Cancel (3): ",3
bot,"[2, 4]",int,"1=Build, 2=Trade, 3=Dev Cards(Play/Select), 4=End: ",2
bot,"[1, 2, 3]",int,"Player Trade (1), Bank/Port Trade (2), Cancel (3): ",3
bot,"[2, 4]",int,"1=Build, 2=Trade, 3=Dev Cards(Play/Select), 4=End: ",2
bot,"[1, 2, 3]",int,"Player Trade (1), Bank/Port Trade (2), Cancel (3): ",2
bot,"['brick', 'wood', 'sheep', 'wheat', 'ore']",resource,Which resource would you like to trade (give away): ,brick
bot,"['brick', 'wood', 'sheep', 'wheat', 'ore']",resource,Which resource would you like to receive: ,sheep
bot,"[1, 2, 3]",int,"Player Trade (1), Bank/Port Trade (2), Cancel (3): ",1
bot,"['brick', 'wood', 'sheep', 'wheat', 'ore']",resource,Which resource would you like to trade (give away): ,wood
bot,"[1, 2, 3, 4]",int,How many would you like to trade: ,4
bot,"['brick', 'wood', 'sheep', 'wheat', 'ore']",resource,Which resource would you like to trade: ,brick
bot,"[1, 2, 3]",int,How many would you like to trade: ,3
bot,"['Y', 'N']",action,Red would you like to trade wood for brick [Y/N]: ,Y
bot,"[2, 4]",int,"1=Build, 2=Trade, 3=Dev Cards(Play/Select), 4=End: ",4
bot,"[2, 4]",int,"1=Build, 2=Trade, 3=Dev Cards(Play/Select), 4=End: ",2
bot,"[1, 2, 3]",int,"Player Trade (1), Bank/Port Trade (2), Cancel (3): ",2
bot,"['brick', 'wood', 'sheep', 'wheat', 'ore']",resource,Which resource would you like to trade (give away): ,wheat
bot,"['brick', 'wood', 'sheep', 'wheat', 'ore']",resource,Which resource would you like to receive: ,sheep
bot,"[2, 4]",int,"1=Build, 2=Trade, 3=Dev Cards(Play/Select), 4=End: ",2
bot,"[1, 2, 3]",int,"Player Trade (1), Bank/Port Trade (2), Cancel (3): ",1
bot,"['brick', 'wood', 'sheep', 'wheat', 'ore']",resource,Which resource would you like to trade (give away): ,wood
bot,"[1, 2, 3, 4]",int,How many would you like to trade: ,4
bot,"['brick', 'wood', 'sheep', 'wheat', 'ore']",resource,Which resource would you like to trade: ,sheep
bot,"[1, 2, 3]",int,How many would you like to trade: ,1
bot,"['Y', 'N']",action,Red would you like to trade wood for sheep [Y/N]: ,N
bot,"['Y', 'N']",action,Yellow would you like to trade wood for sheep [Y/N]: ,Y
bot,"['Y', 'N']",action,Green would you like to trade wood for sheep [Y/N]: ,N
bot,"[2, 4]",int,"1=Build, 2=Trade, 3=Dev Cards(Play/Select), 4=End: ",4
bot,"[1, 2, 3, 4]",int,"1=Build, 2=Trade, 3=Dev Cards(Play/Select), 4=End: ",2
bot,"[1, 2, 3]",int,"Player Trade (1), Bank/Port Trade (2), Cancel (3): ",2
bot,"['brick', 'wood', 'sheep', 'wheat', 'ore']",resource,Which resource would you like to trade (give away): ,ore
bot,"['brick', 'wood', 'sheep', 'wheat', 'ore']",resource,Which resource would you like to receive: ,wheat
bot,"[1, 2, 3]",int,"Player Trade (1), Bank/Port Trade (2), Cancel (3): ",3
bot,"[1, 2, 3, 4]",int,"1=Build, 2=Trade, 3=Dev Cards(Play/Select), 4=End: ",4
bot,"[1, 2, 4]",int,"1=Build, 2=Trade, 3=Dev Cards(Play/Select), 4=End: ",4
bot,"[2, 4]",int,"1=Build, 2=Trade, 3=Dev Cards(Play/Select), 4=End: ",2
bot,"[1, 2, 3]",int,"Player Trade (1), Bank/Port Trade (2), Cancel (3): ",1
bot,"['brick', 'wood', 'sheep', 'wheat', 'ore']",resource,Which resource would you like to trade (give away): ,ore
bot,"[1, 2, 3, 4]",int,How many would you like to trade: ,3
bot,"['brick', 'wood', 'sheep', 'wheat', 'ore']",resource,Which resource would you like to trade: ,brick
bot,"[1, 2, 3]",int,How many would you like to trade: ,1
bot,"['Y', 'N']",action,Green would you like to trade ore for brick [Y/N]: ,Y
bot,"[2, 4]",int,"1=Build, 2=Trade, 3=Dev Cards(Play/Select), 4=End: ",2
bot,"[1, 2, 3]",int,"Player Trade (1), Bank/Port Trade (2), Cancel (3): ",2
bot,"['brick', 'wood', 'sheep', 'wheat', 'ore']",resource,Which resource would you like to trade (give away): ,wheat
bot,"['brick', 'wood', 'sheep', 'wheat', 'ore']",resource,Which resource would you like to receive: ,brick
bot,"[1, 2, 3]",int,"Player Trade (1), Bank/Port Trade (2), Cancel (3): ",1
bot,"['brick', 'wood', 'sheep', 'wheat', 'ore']",resource,Which resource would you like to trade (give away): ,brick
bot,"[1, 2, 3, 4]",int,How many would you like to trade: ,4
bot,"['brick', 'wood', 'sheep', 'wheat', 'ore']",resource,Which resource would you like to trade: ,wheat
bot,"[1, 2, 3]",int,How many would you like to trade: ,1
bot,"['Y', 'N']",action,Red would you like to trade brick for wheat [Y/N]: ,N
bot,"['Y', 'N']",action,Green would you like to trade brick for wheat [Y/N]: ,Y
bot,"[2, 4]",int,"1=Build, 2=Trade, 3=Dev Cards(Play/Select), 4=End: ",2
bot,"[1, 2, 3]",int,"Player Trade (1), Bank/Port Trade (2), Cancel (3): ",2
bot,"['brick', 'wood', 'sheep', 'wheat', 'ore']",resource,Which resource would you like to trade (give away): ,sheep
bot,"['brick', 'wood', 'sheep', 'wheat', 'ore']",resource,Which resource would you like to receive: ,ore
bot,"[2, 4]",int,"1=Build, 2=Trade, 3=Dev Cards(Play/Select), 4=End: ",2
bot,"[1, 2, 3]",int,"Player Trade (1), Bank/Port Trade (2), Cancel (3): ",2
bot,"['brick', 'wood', 'sheep', 'wheat', 'ore']",resource,Which resource would you like to trade (give away): ,ore
bot,"['brick', 'wood', 'sheep', 'wheat', 'ore']",resource,Which resource would you like to receive: ,ore
bot,"[2, 4]",int,"1=Build, 2=Trade, 3=Dev Cards(Play/Select), 4=End: ",4
bot,"range(0, 18)",int,Choosen a Tile [0-18] to move the Robber to: ,0
bot,['Red'],player,Choose a player to steal from {'Red'}: ,Red
bot,"['sheep', 'wheat', 'wood', 'brick']",resource,"Which resource would you like to discard: brick, wood, sheep, wheat, ore: ",wheat
bot,"['sheep', 'wheat', 'wood', 'brick']",resource,"Which resource would you like to discard: brick, wood, sheep, wheat, ore: ",wheat
bot,"['sheep', 'wheat', 'wood', 'brick']",resource,"Which resource would you like to discard: brick, wood, sheep, wheat, ore: ",sheep
bot,"['sheep', 'wheat', 'wood', 'brick']",resource,"Which resource would you like to discard: brick, wood, sheep, wheat, ore: ",brick
bot,"['sheep', 'wheat', 'wood', 'brick']",resource,"Which resource would you like to discard: brick, wood, sheep, wheat, ore: ",wood
bot,"['sheep', 'wheat', 'wood', 'brick']",resource,"Which resource would you like to discard: brick, wood, sheep, wheat, ore: ",wheat
bot,"['sheep', 'wood', 'brick']",resource,"Which resource would you like to discard: brick, wood, sheep, wheat, ore: ",wood
bot,"['sheep', 'wood', 'brick']",resource,"Which resource would you like to discard: brick, wood, sheep, wheat, ore: ",brick
bot,"['sheep', 'wood', 'brick']",resource,"Which resource would you like to discard: brick, wood, sheep, wheat, ore: ",sheep
bot,"['wood', 'brick']",resource,"Which resource would you like to discard: brick, wood, sheep, wheat, ore: ",wood
bot,"['wood', 'brick']",resource,"Which resource would you like to discard: brick, wood, sheep, wheat, ore: ",wood
bot,"['sheep', 'wood', 'ore', 'brick', 'wheat']",resource,"Which resource would you like to discard: brick, wood, sheep, wheat, ore: ",wheat
bot,"['sheep', 'wood', 'ore', 'brick', 'wheat']",resource,"Which resource would you like to discard: brick, wood, sheep, wheat, ore: ",brick
bot,"['sheep', 'wood', 'ore', 'brick', 'wheat']",resource,"Which resource would you like to discard: brick, wood, sheep, wheat, ore: ",wheat
bot,"['sheep', 'wood', 'ore', 'brick', 'wheat']",resource,"Which resource would you like to discard: brick, wood, sheep, wheat, ore: ",wheat
bot,"['sheep', 'wood', 'ore', 'brick', 'wheat']",resource,"Which resource would you like to discard: brick, wood, sheep, wheat, ore: ",brick
bot,"['wood', 'sheep', 'wheat', 'ore']",resource,"Which resource would you like to discard: brick, wood, sheep, wheat, ore: ",sheep
bot,"['wood', 'sheep', 'wheat', 'ore']",resource,"Which resource would you like to discard: brick, wood, sheep, wheat, ore: ",sheep
bot,"['wood', 'sheep', 'wheat', 'ore']",resource,"Which resource would you like to discard: brick, wood, sheep, wheat, ore: ",ore
bot,"['sheep', 'wheat', 'wood']",resource,"Which resource would you like to discard: brick, wood, sheep, wheat, ore: ",sheep
bot,"['sheep', 'wheat', 'wood']",resource,"Which resource would you like to discard: brick, wood, sheep, wheat, ore: ",wheat
bot,"['sheep', 'wheat', 'wood']",resource,"Which resource would you like to discard: brick, wood, sheep, wheat, ore: ",wheat
bot,"['sheep', 'wheat', 'wood']",resource,"Which resource would you like to discard: brick, wood, sheep, wheat, ore: ",sheep
bot,"['sheep', 'wheat', 'wood']",resource,"Which resource would you like to discard: brick, wood, sheep, wheat, ore: ",wheat
bot,"[2, 4]",int,"1=Build, 2=Trade, 3=Dev Cards(Play/Select), 4=End: ",2
bot,"[1, 2, 3]",int,"Player Trade (1), Bank/Port Trade (2), Cancel (3): ",3
bot,"[2, 4]",int,"1=Build, 2=Trade, 3=Dev Cards(Play/Select), 4=End: ",2
bot,"[1, 2, 3]",int,"Player Trade (1), Bank/Port Trade (2), Cancel (3): ",2
bot,"['brick', 'wood', 'sheep', 'wheat', 'ore']",resource,Which resource would you like to trade (give away): ,ore
bot,"['brick', 'wood', 'sheep', 'wheat', 'ore']",resource,Which resource would you like to receive: ,wheat
bot,"[1, 2, 3]",int,"Player Trade (1), Bank/Port Trade (2), Cancel (3): ",3
bot,"[2, 4]",int,"1=Build, 2=Trade, 3=Dev Cards(Play/Select), 4=End: ",2
bot,"[1, 2, 3]",int,"Player Trade (1), Bank/Port Trade (2), Cancel (3): ",1
bot,"['brick', 'wood', 'sheep', 'wheat', 'ore']",resource,Which resource would you like to trade (give away): ,wood
bot,"[1, 2, 3, 4]",int,How many would you like to trade: ,4
bot,"['brick', 'wood', 'sheep', 'wheat', 'ore']",resource,Which resource would you like to trade: ,wood
bot,"[1, 2, 3]",int,How many would you like to trade: ,1
bot,"['Y', 'N']",action,Red would you like to trade wood for wood [Y/N]: ,Y
bot,"['Y', 'N']",action,Yellow would you like to trade wood for wood [Y/N]: ,Y
bot,"['Y', 'N']",action,Green would you like to trade wood for wood [Y/N]: ,Y
bot,"[2, 4]",int,"1=Build, 2=Trade, 3=Dev Cards(Play/Select), 4=End: ",4
bot,"[1, 2, 4]",int,"1=Build, 2=Trade, 3=Dev Cards(Play/Select), 4=End: ",4
bot,"[1, 2, 4]",int,"1=Build, 2=Trade, 3=Dev Cards(Play/Select), 4=End: ",1
bot,"[1, 2, 3, 4]",int,"1=Settlement, 2=City, 3=Road, 4=End: ",2
bot,"[1, 2, 3, 4]",int,"1=Settlement, 2=City, 3=Road, 4=End: ",4
bot,"[1, 2, 4]",int,"1=Build, 2=Trade, 3=Dev Cards(Play/Select), 4=End: ",4
bot,"[2, 4]",int,"1=Build, 2=Trade, 3=Dev Cards(Play/Select), 4=End: ",2
bot,"[1, 2, 3]",int,"Player Trade (1), Bank/Port Trade (2), Cancel (3): ",2
bot,"['brick', 'wood', 'sheep', 'wheat', 'ore']",resource,Which resource would you like to trade (give away): ,wood
bot,"['brick', 'wood', 'sheep', 'wheat', 'ore']",resource,Which resource would you like to receive: ,wheat
bot,"[2, 4]",int,"1=Build, 2=Trade, 3=Dev Cards(Play/Select), 4=End: ",2
bot,"[1, 2, 3]",int,"Player Trade (1), Bank/Port Trade (2), Cancel (3): ",1
bot,"['brick', 'wood', 'sheep', 'wheat', 'ore']",resource,Which resource would you like to trade (give away): ,ore
bot,"[1, 2, 3, 4]",int,How many would you like to trade: ,2
bot,"['brick', 'wood', 'sheep', 'wheat', 'ore']",resource,Which resource would you like to trade: ,wheat
bot,"[1, 2, 3]",int,How many would you like to trade: ,3
bot,"[2, 4]",int,"1=Build, 2=Trade, 3=Dev Cards(Play/Select), 4=End: ",2
bot,"[1, 2, 3]",int,"Player Trade (1), Bank/Port Trade (2), Cancel (3): ",3
bot,"[2, 4]",int,"1=Build, 2=Trade, 3=Dev Cards(Play/Select), 4=End: ",4
bot,"range(0, 18)",int,Choosen a Tile [0-18] to move the Robber to: ,0
bot,"range(0, 18)",int,Choosen a Tile [0-18] to move the Robber to: ,2
bot,['Yellow'],player,Choose a player to steal from {'Yellow'}: ,Yellow
bot,"['wheat', 'wood', 'brick']",resource,"Which resource would you like to discard: brick, wood, sheep, wheat, ore: ",wood
bot,"['wheat', 'wood', 'brick']",resource,"Which resource would you like to discard: brick, wood, sheep, wheat, ore: ",wheat
bot,"['wheat', 'wood', 'brick']",resource,"Which resource would you like to discard: brick, wood, sheep, wheat, ore: ",brick
bot,"['wheat', 'wood']",resource,"Which resource would you like to discard: brick, wood, sheep, wheat, ore: ",wheat
bot,['wood'],resource,"Which resource would you like to discard: brick, wood, sheep, wheat, ore: ",wood
bot,['wood'],resource,"Which resource would you like to discard: brick, wood, sheep, wheat, ore: ",wood
bot,['wood'],resource,"Which resource would you like to discard: brick, wood, sheep, wheat, ore: ",wood
bot,['wood'],resource,"Which resource would you like to discard: brick, wood, sheep, wheat, ore: ",wood
bot,"['wood', 'sheep', 'ore']",resource,"Which resource would you like to discard: brick, wood, sheep, wheat, ore: ",wood
bot,"['wood', 'sheep', 'ore']",resource,"Which resource would you like to discard: brick, wood, sheep, wheat, ore: ",sheep
bot,"['wood', 'sheep', 'ore']",resource,"Which resource would you like to discard: brick, wood, sheep, wheat, ore: ",wood
bot,"['wood', 'sheep', 'ore']",resource,"Which resource would you like to discard: brick, wood, sheep, wheat, ore: ",sheep
bot,"['sheep', 'wood', 'ore', 'brick', 'wheat']",resource,"Which resource would you like to discard: brick, wood, sheep, wheat, ore: ",brick
bot,"['wood', 'sheep', 'wheat', 'ore']",resource,"Which resource would you like to discard: brick, wood, sheep, wheat, ore: ",sheep
bot,"['wood', 'sheep', 'wheat', 'ore']",resource,"Which resource would you like to discard: brick, wood, sheep, wheat, ore: ",wheat
bot,"['wood', 'sheep', 'wheat', 'ore']",resource,"Which resource would you like to discard: brick, wood, sheep, wheat, ore: ",wood
bot,"['wood', 'sheep', 'wheat', 'ore']",resource,"Which resource would you like to discard: brick, wood, sheep, wheat, ore: ",wood
bot,"['wood', 'sheep', 'wheat', 'ore']",resource,"Which resource would you like to discard: brick, wood, sheep, wheat, ore: ",wheat
bot,"['wood', 'sheep', 'wheat', 'ore']",resource,"Which resource would you like to discard: brick, wood, sheep, wheat, ore: ",sheep
bot,"['wood', 'sheep', 'wheat', 'ore']",resource,"Which resource would you like to discard: brick, wood, sheep, wheat, ore: ",ore
bot,"['wood', 'sheep', 'wheat', 'ore']",resource,"Which resource would you like to discard: brick, wood, sheep, wheat, ore: ",wheat
bot,"[2, 4]",int,"1=Build, 2=Trade, 3=Dev Cards(Play/Select), 4=End: ",2
bot,"[1, 2, 3]",int,"Player Trade (1), Bank/Port Trade (2), Cancel (3): ",1
bot,"['brick', 'wood', 'sheep', 'wheat', 'ore']",resource,Which resource would you like to trade (give away): ,brick
bot,"[1, 2, 3, 4]",int,How many would you like to trade: ,4
bot,"['brick', 'wood', 'sheep', 'wheat', 'ore']",resource,Which resource would you like to trade: ,ore
bot,"[1, 2, 3]",int,How many would you like to trade: ,3
bot,"[2, 4]",int,"1=Build, 2=Trade, 3=Dev Cards(Play/Select), 4=End: ",2
bot,"[1, 2, 3]",int,"Player Trade (1), Bank/Port Trade (2), Cancel (3): ",2
bot,"['brick', 'wood', 'sheep', 'wheat', 'ore']",resource,Which resource would you like to trade (give away): ,wheat
bot,"['brick', 'wood', 'sheep', 'wheat', 'ore']",resource,Which resource would you like to receive: ,ore
bot,"[1, 2, 3]",int,"Player Trade (1), Bank/Port Trade (2), Cancel (3): ",1
bot,"['brick', 'wood', 'sheep', 'wheat', 'ore']",resource,Which resource would you like to trade (give away): ,wood
bot,"[1, 2, 3, 4]",int,How many would you like to trade: ,2
bot,"['brick', 'wood', 'sheep', 'wheat', 'ore']",resource,Which resource would you like to trade: ,brick
bot,"[1, 2, 3]",int,How many would you like to trade: ,1
bot,"['Y', 'N']",action,Red would you like to trade wood for brick [Y/N]: ,N
bot,"['Y', 'N']",action,Yellow would you like to trade wood for brick [Y/N]: ,Y
bot,"['Y', 'N']",action,Green would you like to trade wood for brick [Y/N]: ,Y
bot,"[2, 4]",int,"1=Build, 2=Trade, 3=Dev Cards(Play/Select), 4=End: ",2
bot,"[1, 2, 3]",int,"Player Trade (1), Bank/Port Trade (2), Cancel (3): ",3
bot,"[2, 4]",int,"1=Build, 2=Trade, 3=Dev Cards(Play/Select), 4=End: ",4
bot,"[1, 2, 3, 4]",int,"1=Build, 2=Trade, 3=Dev Cards(Play/Select), 4=End: ",3
bot,"[1, 2, 3]",int,"1=Collect, 2=Play, 3=End:",1
bot,"[1, 2, 3]",int,"1=Collect, 2=Play, 3=End:",2
bot,['knight'],card,"Which dev card would you like to play from - [Monopoly(color=None, played=True, player=None, name='monopoly'), Knight(color=None, played=True, player=None, name='knight'), VictoryPoint(color=None, played=True, player=None, name='victory_point'), Knight(color=None, played=True, player=None, name='knight'), Knight(color=None, played=True, player=None, name='knight'), Knight(color=None, played=False, player=None, name='knight')]: ",knight
bot,"range(0, 18)",int,Choosen a Tile [0-18] to move the Robber to: ,15
bot,"[1, 2, 4]",int,"1=Build, 2=Trade, 3=Dev Cards(Play/Select), 4=End: ",2
bot,"[1, 2, 3]",int,"Player Trade (1), Bank/Port Trade (2), Cancel (3): ",1
bot,"['brick', 'wood', 'sheep', 'wheat', 'ore']",resource,Which resource would you like to trade (give away): ,wood
bot,"[1, 2, 3, 4]",int,How many would you like to trade: ,3
bot,"['brick', 'wood', 'sheep', 'wheat', 'ore']",resource,Which resource would you like to trade: ,wheat
bot,"[1, 2, 3]",int,How many would you like to trade: ,3
bot,"['Y', 'N']",action,Red would you like to trade wood for wheat [Y/N]: ,Y
bot,"[1, 2, 4]",int,"1=Build, 2=Trade, 3=Dev Cards(Play/Select), 4=End: ",1
bot,"[1, 2, 3, 4]",int,"1=Settlement, 2=City, 3=Road, 4=End: ",2
bot,"[1, 2, 3, 4]",int,"1=Settlement, 2=City, 3=Road, 4=End: ",1
bot,"[1, 2, 3, 4]",int,"1=Settlement, 2=City, 3=Road, 4=End: ",4
bot,"[1, 2, 4]",int,"1=Build, 2=Trade, 3=Dev Cards(Play/Select), 4=End: ",2
bot,"[1, 2, 3]",int,"Player Trade (1), Bank/Port Trade (2), Cancel (3): ",3
bot,"[1, 2, 4]",int,"1=Build, 2=Trade, 3=Dev Cards(Play/Select), 4=End: ",1
bot,"[1, 2, 3, 4]",int,"1=Settlement, 2=City, 3=Road, 4=End: ",3
bot,"[10, 26, 26, 39, 41, 39, 41, 36, 44, 37, 47, 39, 54]",int,Choose road location - [0-71]: ,26
bot,"[1, 2, 3, 4]",int,"1=Settlement, 2=City, 3=Road, 4=End: ",2
bot,"[1, 2, 3, 4]",int,"1=Settlement, 2=City, 3=Road, 4=End: ",4
bot,"[1, 2, 4]",int,"1=Build, 2=Trade, 3=Dev Cards(Play/Select), 4=End: ",4
bot,"[2, 4]",int,"1=Build, 2=Trade, 3=Dev Cards(Play/Select), 4=End: ",4
bot,"[2, 4]",int,"1=Build, 2=Trade, 3=Dev Cards(Play/Select), 4=End: ",2
bot,"[1, 2, 3]",int,"Player Trade (1), Bank/Port Trade (2), Cancel (3): ",3
bot,"[2, 4]",int,"1=Build, 2=Trade, 3=Dev Cards(Play/Select), 4=End: ",4
bot,"[2, 4]",int,"1=Build, 2=Trade, 3=Dev Cards(Play/Select), 4=End: ",4
bot,"[1, 2, 4]",int,"1=Build, 2=Trade, 3=Dev Cards(Play/Select), 4=End: ",2
bot,"[1, 2, 3]",int,"Player Trade (1), Bank/Port Trade (2), Cancel (3): ",2
bot,"['brick', 'wood', 'sheep', 'wheat', 'ore']",resource,Which resource would you like to trade (give away): ,ore
bot,"['brick', 'wood', 'sheep', 'wheat', 'ore']",resource,Which resource would you like to receive: ,brick
bot,"[1, 2, 3]",int,"Player Trade (1), Bank/Port Trade (2), Cancel (3): ",2
bot,"['brick', 'wood', 'sheep', 'wheat', 'ore']",resource,Which resource would you like to trade (give away): ,brick
bot,"['brick', 'wood', 'sheep', 'wheat', 'ore']",resource,Which resource would you like to receive: ,wood
bot,"[1, 2, 3]",int,"Player Trade (1), Bank/Port Trade (2), Cancel (3): ",3
bot,"[1, 2, 4]",int,"1=Build, 2=Trade, 3=Dev Cards(Play/Select), 4=End: ",4
bot,"[2, 4]",int,"1=Build, 2=Trade, 3=Dev Cards(Play/Select), 4=End: ",4
bot,"[2, 4]",int,"1=Build, 2=Trade, 3=Dev Cards(Play/Select), 4=End: ",4
bot,"range(0, 18)",int,Choosen a Tile [0-18] to move the Robber to: ,4
bot,"['Yellow', 'Red']",player,"Choose a player to steal from {'Yellow', 'Red'}: ",Yellow
bot,"['sheep', 'wheat', 'wood']",resource,"Which resource would you like to discard: brick, wood, sheep, wheat, ore: ",sheep
bot,"['sheep', 'wheat', 'wood']",resource,"Which resource would you like to discard: brick, wood, sheep, wheat, ore: ",wheat
bot,"['sheep', 'wheat', 'wood']",resource,"Which resource would you like to discard: brick, wood, sheep, wheat, ore: ",wheat
bot,"['sheep', 'wheat', 'wood']",resource,"Which resource would you like to discard: brick, wood, sheep, wheat, ore: ",wheat
bot,"['sheep', 'wheat', 'wood']",resource,"Which resource would you like to discard: brick, wood, sheep, wheat, ore: ",sheep
bot,"['wheat', 'wood']",resource,"Which resource would you like to discard: brick, wood, sheep, wheat, ore: ",wheat
bot,"['wheat', 'wood']",resource,"Which resource would you like to discard: brick, wood, sheep, wheat, ore: ",wood
bot,"['wheat', 'wood']",resource,"Which resource would you like to discard: brick, wood, sheep, wheat, ore: ",wheat
bot,['wood'],resource,"Which resource would you like to discard: brick, wood, sheep, wheat, ore: ",wood
bot,"['wood', 'sheep', 'ore']",resource,"Which resource would you like to discard: brick, wood, sheep, wheat, ore: ",wood
bot,"['sheep', 'ore']",resource,"Which resource would you like to discard: brick, wood, sheep, wheat, ore: ",sheep
bot,"['sheep', 'ore']",resource,"Which resource would you like to discard: brick, wood, sheep, wheat, ore: ",sheep
bot,"['sheep', 'ore']",resource,"Which resource would you like to discard: brick, wood, sheep, wheat, ore: ",ore
bot,"['sheep', 'ore']",resource,"Which resource would you like to discard: brick, wood, sheep, wheat, ore: ",sheep
bot,"['wood', 'sheep', 'ore', 'brick']",resource,"Which resource would you like to discard: brick, wood, sheep, wheat, ore: ",wood
bot,"['wood', 'sheep', 'ore', 'brick']",resource,"Which resource would you like to discard: brick, wood, sheep, wheat, ore: ",sheep
bot,"['wood', 'sheep', 'ore', 'brick']",resource,"Which resource would you like to discard: brick, wood, sheep, wheat, ore: ",wood
bot,"['wood', 'sheep', 'ore', 'brick']",resource,"Which resource would you like to discard: brick, wood, sheep, wheat, ore: ",ore
bot,"[2, 4]",int,"1=Build, 2=Trade, 3=Dev Cards(Play/Select), 4=End: ",2
bot,"[1, 2, 3]",int,"Player Trade (1), Bank/Port Trade (2), Cancel (3): ",3
bot,"[2, 4]",int,"1=Build, 2=Trade, 3=Dev Cards(Play/Select), 4=End: ",4
bot,"[1, 2, 4]",int,"1=Build, 2=Trade, 3=Dev Cards(Play/Select), 4=End: ",1
bot,"[1, 2, 3, 4]",int,"1=Settlement, 2=City, 3=Road, 4=End: ",1
bot,"[1, 2, 3, 4]",int,"1=Settlement, 2=City, 3=Road, 4=End: ",2
bot,"[1, 2, 3, 4]",int,"1=Settlement, 2=City, 3=Road, 4=End: ",2
bot,"[1, 2, 3, 4]",int,"1=Settlement, 2=City, 3=Road, 4=End: ",4
bot,"[1, 2, 4]",int,"1=Build, 2=Trade, 3=Dev Cards(Play/Select), 4=End: ",4
bot,"[2, 4]",int,"1=Build, 2=Trade, 3=Dev Cards(Play/Select), 4=End: ",2
bot,"[1, 2, 3]",int,"Player Trade (1), Bank/Port Trade (2), Cancel (3): ",2
bot,"['brick', 'wood', 'sheep', 'wheat', 'ore']",resource,Which resource would you like to trade (give away): ,brick
bot,"['brick', 'wood', 'sheep', 'wheat', 'ore']",resource,Which resource would you like to receive: ,sheep
bot,"[1, 2, 3]",int,"Player Trade (1), Bank/Port Trade (2), Cancel (3): ",2
bot,"['brick', 'wood', 'sheep', 'wheat', 'ore']",resource,Which resource would you like to trade (give away): ,wheat
bot,"['brick', 'wood', 'sheep', 'wheat', 'ore']",resource,Which resource would you like to receive: ,wheat
bot,"[1, 2, 3]",int,"Player Trade (1), Bank/Port Trade (2), Cancel (3): ",2
bot,"['brick', 'wood', 'sheep', 'wheat', 'ore']",resource,Which resource would you like to trade (give away): ,wood
bot,"['brick', 'wood', 'sheep', 'wheat', 'ore']",resource,Which resource would you like to receive: ,ore
bot,"[2, 4]",int,"1=Build, 2=Trade, 3=Dev Cards(Play/Select), 4=End: ",2
bot,"[1, 2, 3]",int,"Player Trade (1), Bank/Port Trade (2), Cancel (3): ",3
bot,"[2, 4]",int,"1=Build, 2=Trade, 3=Dev Cards(Play/Select), 4=End: ",4
bot,"[2, 4]",int,"1=Build, 2=Trade, 3=Dev Cards(Play/Select), 4=End: ",4
bot,"[2, 4]",int,"1=Build, 2=Trade, 3=Dev Cards(Play/Select), 4=End: ",4
bot,"range(0, 18)",int,Choosen a Tile [0-18] to move the Robber to: ,6
bot,['Yellow'],player,Choose a player to steal from {'Yellow'}: ,Yellow
bot,"['wood', 'sheep', 'ore']",resource,"Which resource would you like to discard: brick, wood, sheep, wheat, ore: ",wood
bot,"['wood', 'sheep', 'ore']",resource,"Which resource would you like to discard: brick, wood, sheep, wheat, ore: ",ore
bot,"['wood', 'sheep', 'ore']",resource,"Which resource would you like to discard: brick, wood, sheep, wheat, ore: ",ore
bot,"['sheep', 'wood']",resource,"Which resource would you like to discard: brick, wood, sheep, wheat, ore: ",wood
bot,"['sheep', 'wood']",resource,"Which resource would you like to discard: brick, wood, sheep, wheat, ore: ",sheep
bot,"['sheep', 'wood', 'ore', 'brick', 'wheat']",resource,"Which resource would you like to discard: brick, wood, sheep, wheat, ore: ",wheat
bot,"['sheep', 'wood', 'ore', 'brick', 'wheat']",resource,"Which resource would you like to discard: brick, wood, sheep, wheat, ore: ",ore
bot,"['sheep', 'wood', 'ore', 'brick', 'wheat']",resource,"Which resource would you like to discard: brick, wood, sheep, wheat, ore: ",wheat
bot,"['wood', 'sheep', 'ore', 'brick']",resource,"Which resource would you like to discard: brick, wood, sheep, wheat, ore: ",wood
bot,"['wood', 'sheep', 'ore', 'brick']",resource,"Which resource would you like to discard: brick, wood, sheep, wheat, ore: ",wood
bot,"['wood', 'sheep', 'ore', 'brick']",resource,"Which resource would you like to discard: brick, wood, sheep, wheat, ore: ",sheep
bot,"[1, 2, 4]",int,"1=Build, 2=Trade, 3=Dev Cards(Play/Select), 4=End: ",4
bot,"[2, 4]",int,"1=Build, 2=Trade, 3=Dev Cards(Play/Select), 4=End: ",4
bot,"[2, 4]",int,"1=Build, 2=Trade, 3=Dev Cards(Play/Select), 4=End: ",4
bot,"[2, 4]",int,"1=Build, 2=Trade, 3=Dev Cards(Play/Select), 4=End: ",4
bot,"[1, 2, 4]",int,"1=Build, 2=Trade, 3=Dev Cards(Play/Select), 4=End: ",1
bot,"[1, 2, 3, 4]",int,"1=Settlement, 2=City, 3=Road, 4=End: ",3
bot,"[10, 27, 35, 39, 41, 39, 41, 36, 44, 37, 47, 39, 54]",int,Choose road location - [0-71]: ,35
bot,"[1, 2, 3, 4]",int,"1=Settlement, 2=City, 3=Road, 4=End: ",1
bot,"[1, 2, 3, 4]",int,"1=Settlement, 2=City, 3=Road, 4=End: ",1
bot,"[1, 2, 3, 4]",int,"1=Settlement, 2=City, 3=Road, 4=End: ",4
bot,"[2, 4]",int,"1=Build, 2=Trade, 3=Dev Cards(Play/Select), 4=End: ",4
bot,"[2, 4]",int,"1=Build, 2=Trade, 3=Dev Cards(Play/Select), 4=End: ",4
bot,"[2, 4]",int,"1=Build, 2=Trade, 3=Dev Cards(Play/Select), 4=End: ",4
bot,"[2, 4]",int,"1=Build, 2=Trade, 3=Dev Cards(Play/Select), 4=End: ",4
bot,"[2, 4]",int,"1=Build, 2=Trade, 3=Dev Cards(Play/Select), 4=End: ",4
bot,"[2, 4]",int,"1=Build, 2=Trade, 3=Dev Cards(Play/Select), 4=End: ",2
bot,"[1, 2, 3]",int,"Player Trade (1), Bank/Port Trade (2), Cancel (3): ",1
bot,"['brick', 'wood', 'sheep', 'wheat', 'ore']",resource,Which resource would you like to trade (give away): ,brick
bot,"[1, 2, 3, 4]",int,How many would you like to trade: ,2
bot,"['brick', 'wood', 'sheep', 'wheat', 'ore']",resource,Which resource would you like to trade: ,brick
bot,"[1, 2, 3]",int,How many would you like to trade: ,3
bot,"[2, 4]",int,"1=Build, 2=Trade, 3=Dev Cards(Play/Select), 4=End: ",2
bot,"[1, 2, 3]",int,"Player Trade (1), Bank/Port Trade (2), Cancel (3): ",1
bot,"['brick', 'wood', 'sheep', 'wheat', 'ore']",resource,Which resource would you like to trade (give away): ,sheep
bot,"[1, 2, 3, 4]",int,How many would you like to trade: ,1
bot,"['brick', 'wood', 'sheep', 'wheat', 'ore']",resource,Which resource would you like to trade: ,brick
bot,"[1, 2, 3]",int,How many would you like to trade: ,3
bot,"['Y', 'N']",action,Yellow would you like to trade sheep for brick [Y/N]: ,N
bot,"['Y', 'N']",action,Blue would you like to trade sheep for brick [Y/N]: ,N
bot,"['Y', 'N']",action,Green would you like to trade sheep for brick [Y/N]: ,N
bot,"[2, 4]",int,"1=Build, 2=Trade, 3=Dev Cards(Play/Select), 4=End: ",4
bot,"[2, 4]",int,"1=Build, 2=Trade, 3=Dev Cards(Play/Select), 4=End: ",4
bot,"[2, 4]",int,"1=Build, 2=Trade, 3=Dev Cards(Play/Select), 4=End: ",4
bot,"range(0, 18)",int,Choosen a Tile [0-18] to move the Robber to: ,2
bot,['Yellow'],player,Choose a player to steal from {'Yellow'}: ,Yellow
bot,"['wood', 'sheep', 'wheat', 'ore']",resource,"Which resource would you like to discard: brick, wood, sheep, wheat, ore: ",ore
bot,"['wood', 'sheep', 'wheat', 'ore']",resource,"Which resource would you like to discard: brick, wood, sheep, wheat, ore: ",sheep
bot,"['wood', 'sheep', 'wheat', 'ore']",resource,"Which resource would you like to discard: brick, wood, sheep, wheat, ore: ",wheat
bot,"['wood', 'sheep', 'wheat', 'ore']",resource,"Which resource would you like to discard: brick, wood, sheep, wheat, ore: ",ore
bot,"['wood', 'sheep', 'wheat', 'ore']",resource,"Which resource would you like to discard: brick, wood, sheep, wheat, ore: ",sheep
bot,"['wood', 'sheep', 'wheat', 'ore']",resource,"Which resource would you like to discard: brick, wood, sheep, wheat, ore: ",sheep
bot,"['wood', 'wheat', 'ore']",resource,"Which resource would you like to discard: brick, wood, sheep, wheat, ore: ",wheat
bot,"['wood', 'ore']",resource,"Which resource would you like to discard: brick, wood, sheep, wheat, ore: ",ore
bot,"['sheep', 'wood']",resource,"Which resource would you like to discard: brick, wood, sheep, wheat, ore: ",sheep
bot,"['sheep', 'wood']",resource,"Which resource would you like to discard: brick, wood, sheep, wheat, ore: ",sheep
bot,"['sheep', 'wood']",resource,"Which resource would you like to discard: brick, wood, sheep, wheat, ore: ",wood
bot,"['sheep', 'wood']",resource,"Which resource would you like to discard: brick, wood, sheep, wheat, ore: ",sheep
bot,"['sheep', 'wood']",resource,"Which resource would you like to discard: brick, wood, sheep, wheat, ore: ",sheep
bot,"['sheep', 'wood']",resource,"Which resource would you like to discard: brick, wood, sheep, wheat, ore: ",wood
bot,"['sheep', 'wood']",resource,"Which resource would you like to discard: brick, wood, sheep, wheat, ore: ",wood
bot,"['sheep', 'wood']",resource,"Which resource would you like to discard: brick, wood, sheep, wheat, ore: ",wood
bot,"['sheep', 'wood']",resource,"Which resource would you like to discard: brick, wood, sheep, wheat, ore: ",wood
bot,"['sheep', 'wheat']",resource,"Which resource would you like to discard: brick, wood, sheep, wheat, ore: ",wheat
bot,"['sheep', 'wheat']",resource,"Which resource would you like to discard: brick, wood, sheep, wheat, ore: ",sheep
bot,"['sheep', 'wheat']",resource,"Which resource would you like to discard: brick, wood, sheep, wheat, ore: ",sheep
bot,"['sheep', 'wheat']",resource,"Which resource would you like to discard: brick, wood, sheep, wheat, ore: ",sheep
bot,"['sheep', 'wheat', 'ore', 'brick']",resource,"Which resource would you like to discard: brick, wood, sheep, wheat, ore: ",brick
bot,"['sheep', 'wheat', 'ore']",resource,"Which resource would you like to discard: brick, wood, sheep, wheat, ore: ",sheep
bot,"['sheep', 'wheat', 'ore']",resource,"Which resource would you like to discard: brick, wood, sheep, wheat, ore: ",ore
bot,"['sheep', 'wheat', 'ore']",resource,"Which resource would you like to discard: brick, wood, sheep, wheat, ore: ",sheep
bot,"['sheep', 'wheat', 'ore']",resource,"Which resource would you like to discard: brick, wood, sheep, wheat, ore: ",ore
bot,"['sheep', 'wheat', 'ore']",resource,"Which resource would you like to discard: brick, wood, sheep, wheat, ore: ",wheat
bot,"['sheep', 'wheat', 'ore']",resource,"Which resource would you like to discard: brick, wood, sheep, wheat, ore: ",wheat
bot,"['sheep', 'ore']",resource,"Which resource would you like to discard: brick, wood, sheep, wheat, ore: ",sheep
bot,"[2, 4]",int,"1=Build, 2=Trade, 3=Dev Cards(Play/Select), 4=End: ",2
bot,"[1, 2, 3]",int,"Player Trade (1), Bank/Port Trade (2), Cancel (3): ",3
bot,"[2, 4]",int,"1=Build, 2=Trade, 3=Dev Cards(Play/Select), 4=End: ",2
bot,"[1, 2, 3]",int,"Player Trade (1), Bank/Port Trade (2), Cancel (3): ",2
bot,"['brick', 'wood', 'sheep', 'wheat', 'ore']",resource,Which resource would you like to trade (give away): ,wood
bot,"['brick', 'wood', 'sheep', 'wheat', 'ore']",resource,Which resource would you like to receive: ,wood
bot,"[1, 2, 3]",int,"Player Trade (1), Bank/Port Trade (2), Cancel (3): ",2
bot,"['brick', 'wood', 'sheep', 'wheat', 'ore']",resource,Which resource would you like to trade (give away): ,wood
bot,"['brick', 'wood', 'sheep', 'wheat', 'ore']",resource,Which resource would you like to receive: ,brick
bot,"[1, 2, 3]",int,"Player Trade (1), Bank/Port Trade (2), Cancel (3): ",3
bot,"[2, 4]",int,"1=Build, 2=Trade, 3=Dev Cards(Play/Select), 4=End: ",2
bot,"[1, 2, 3]",int,"Player Trade (1), Bank/Port Trade (2), Cancel (3): ",1
bot,"['brick', 'wood', 'sheep', 'wheat', 'ore']",resource,Which resource would you like to trade (give away): ,ore
bot,"[1, 2, 3, 4]",int,How many would you like to trade: ,4
bot,"['brick', 'wood', 'sheep', 'wheat', 'ore']",resource,Which resource would you like to trade: ,wheat
bot,"[1, 2, 3]",int,How many would you like to trade: ,3
bot,"[2, 4]",int,"1=Build, 2=Trade, 3=Dev Cards(Play/Select), 4=End: ",4
bot,"range(0, 18)",int,Choosen a Tile [0-18] to move the Robber to: ,4
bot,['Yellow'],player,Choose a player to steal from {'Yellow'}: ,Yellow
bot,"['wood', 'sheep', 'ore']",resource,"Which resource would you like to discard: brick, wood, sheep, wheat, ore: ",wood
bot,"['wood', 'sheep', 'ore']",resource,"Which resource would you like to discard: brick, wood, sheep, wheat, ore: ",ore
bot,"['sheep', 'wood']",resource,"Which resource would you like to discard: brick, wood, sheep, wheat, ore: ",sheep
bot,['wood'],resource,"Which resource would you like to discard: brick, wood, sheep, wheat, ore: ",wood
bot,['wood'],resource,"Which resource would you like to discard: brick, wood, sheep, wheat, ore: ",wood
bot,['sheep'],resource,"Which resource would you like to discard: brick, wood, sheep, wheat, ore: ",sheep
bot,['sheep'],resource,"Which resource would you like to discard: brick, wood, sheep, wheat, ore: ",sheep
bot,['sheep'],resource,"Which resource would you like to discard: brick, wood, sheep, wheat, ore: ",sheep
bot,['sheep'],resource,"Which resource would you like to discard: brick, wood, sheep, wheat, ore: ",sheep
bot,"['sheep', 'ore']",resource,"Which resource would you like to discard: brick, wood, sheep, wheat, ore: ",sheep
bot,['ore'],resource,"Which resource would you like to discard: brick, wood, sheep, wheat, ore: ",ore
bot,['ore'],resource,"Which resource would you like to discard: brick, wood, sheep, wheat, ore: ",ore
bot,['ore'],resource,"Which resource would you like to discard: brick, wood, sheep, wheat, ore: ",ore
bot,"[2, 4]",int,"1=Build, 2=Trade, 3=Dev Cards(Play/Select), 4=End: ",4
bot,"[2, 4]",int,"1=Build, 2=Trade, 3=Dev Cards(Play/Select), 4=End: ",2
bot,"[1, 2, 3]",int,"Player Trade (1), Bank/Port Trade (2), Cancel (3): ",1
bot,"['brick', 'wood', 'sheep', 'wheat', 'ore']",resource,Which resource would you like to trade (give away): ,brick
bot,"[1, 2, 3, 4]",int,How many would you like to trade: ,3
bot,"['brick', 'wood', 'sheep', 'wheat', 'ore']",resource,Which resource would you like to trade: ,wheat
bot,"[1, 2, 3]",int,How many would you like to trade: ,2
bot,"[2, 4]",int,"1=Build, 2=Trade, 3=Dev Cards(Play/Select), 4=End: ",2
bot,"[1, 2, 3]",int,"Player Trade (1), Bank/Port Trade (2), Cancel (3): ",2
bot,"['brick', 'wood', 'sheep', 'wheat', 'ore']",resource,Which resource would you like to trade (give away): ,wheat
bot,"['brick', 'wood', 'sheep', 'wheat', 'ore']",resource,Which resource would you like to receive: ,wheat
bot,"[1, 2, 3]",int,"Player Trade (1), Bank/Port Trade (2), Cancel (3): ",2
bot,"['brick', 'wood', 'sheep', 'wheat', 'ore']",resource,Which resource would you like to trade (give away): ,wheat
